timestamp,temperature_C,solar_radiation_Wm2,humidity_pct,co2_concentration_ppm
2026-01-01 00:00:00,-109.938,6.063,1.521,950000.0
2026-01-01 01:00:00,-117.305,0.0,1.8771,949260.44
2026-01-01 02:00:00,-117.482,0.0,1.9372,949859.82
2026-01-01 03:00:00,-122.533,0.0,1.9816,950161.85
2026-01-01 04:00:00,-122.462,0.0,1.9644,949966.92
2026-01-01 05:00:00,-112.231,0.0,1.7611,950470.22
2026-01-01 06:00:00,-113.02,0.0,1.8155,950240.31
2026-01-01 07:00:00,-99.867,116.123,1.4251,950608.55
2026-01-01 08:00:00,-91.162,257.991,1.2332,950235.24
2026-01-01 09:00:00,-71.538,392.736,0.6246,950522.11
2026-01-01 10:00:00,-55.107,486.781,0.2669,951068.27
2026-01-01 11:00:00,-43.125,544.05,0.0,950946.1
2026-01-01 12:00:00,-32.915,592.326,0.0,950110.24
2026-01-01 13:00:00,-29.534,583.301,0.0,949769.92
2026-01-01 14:00:00,-21.582,534.327,0.0,950560.02
2026-01-01 15:00:00,-23.051,452.529,0.0,950980.44
2026-01-01 16:00:00,-27.212,354.851,0.0,951503.38
2026-01-01 17:00:00,-30.774,221.318,0.0,951435.85
2026-01-01 18:00:00,-37.465,86.187,0.0,951201.88
2026-01-01 19:00:00,-53.612,2.101,0.0,951072.48
2026-01-01 20:00:00,-61.109,1.939,0.0101,951717.12
2026-01-01 21:00:00,-68.799,0.0,0.3916,951915.87
2026-01-01 22:00:00,-82.215,4.084,0.7587,952223.77
2026-01-01 23:00:00,-92.553,3.125,1.1292,952895.37
2026-01-02 00:00:00,-99.498,6.259,1.2969,952509.23
2026-01-02 01:00:00,-103.449,0.0,1.4177,951505.73
2026-01-02 02:00:00,-109.833,0.0,1.5633,951476.6
2026-01-02 03:00:00,-116.371,0.0,1.8123,950938.75
2026-01-02 04:00:00,-117.336,3.954,1.648,951029.78
2026-01-02 05:00:00,-110.009,7.492,1.4657,951637.39
2026-01-02 06:00:00,-113.377,0.0,1.6918,952477.92
2026-01-02 07:00:00,-103.7,24.287,1.4625,952325.32
2026-01-02 08:00:00,-93.481,176.017,1.0374,952355.75
2026-01-02 09:00:00,-82.115,310.008,0.8619,951047.48
2026-01-02 10:00:00,-61.961,432.709,0.2005,950966.32
2026-01-02 11:00:00,-53.823,505.782,0.0529,950805.39
2026-01-02 12:00:00,-39.472,568.624,0.0,950725.02
2026-01-02 13:00:00,-32.815,587.585,0.0,950335.49
2026-01-02 14:00:00,-22.078,560.44,0.0,949739.83
2026-01-02 15:00:00,-25.41,510.828,0.0,950112.19
2026-01-02 16:00:00,-19.418,421.368,0.0,951483.2
2026-01-02 17:00:00,-24.255,307.719,0.0,951391.26
2026-01-02 18:00:00,-39.255,177.118,0.0,951239.62
2026-01-02 19:00:00,-45.872,22.059,0.0,951000.59
2026-01-02 20:00:00,-49.999,0.0,0.0,951030.23
2026-01-02 21:00:00,-58.176,0.0,0.0322,951545.62
2026-01-02 22:00:00,-71.74,5.246,0.3851,951221.7
2026-01-02 23:00:00,-85.835,0.0,0.907,950682.15
2026-01-03 00:00:00,-97.591,0.0,1.0379,949603.65
2026-01-03 01:00:00,-102.058,2.793,1.4485,950331.04
2026-01-03 02:00:00,-112.722,0.0,1.6108,951089.34
2026-01-03 03:00:00,-118.113,3.237,1.7699,951296.36
2026-01-03 04:00:00,-120.58,0.0,1.9132,950259.22
2026-01-03 05:00:00,-117.527,3.508,1.8047,950039.86
2026-01-03 06:00:00,-112.23,0.0,1.6686,950638.45
2026-01-03 07:00:00,-109.947,0.0,1.5787,951712.39
2026-01-03 08:00:00,-103.486,76.542,1.3707,950712.51
2026-01-03 09:00:00,-93.833,217.019,1.0801,950819.86
2026-01-03 10:00:00,-75.565,346.398,0.8654,951294.82
2026-01-03 11:00:00,-58.6,465.905,0.2804,951144.96
2026-01-03 12:00:00,-48.186,539.133,0.0,950980.0
2026-01-03 13:00:00,-39.726,579.271,0.0,951982.81
2026-01-03 14:00:00,-34.226,589.666,0.0,952549.09
2026-01-03 15:00:00,-26.512,563.443,0.0,952935.71
2026-01-03 16:00:00,-22.205,478.031,0.0,953039.8
2026-01-03 17:00:00,-26.222,381.969,0.0,953652.63
2026-01-03 18:00:00,-31.379,259.693,0.0,953049.82
2026-01-03 19:00:00,-40.138,129.383,0.0,952305.85
2026-01-03 20:00:00,-40.075,1.413,0.0,952479.78
2026-01-03 21:00:00,-59.104,3.837,0.1442,951945.68
2026-01-03 22:00:00,-69.707,0.0,0.4133,952366.02
2026-01-03 23:00:00,-77.017,0.0,0.7376,952541.61
2026-01-04 00:00:00,-88.799,2.239,0.8918,952535.64
2026-01-04 01:00:00,-95.304,0.291,1.112,952417.43
2026-01-04 02:00:00,-104.073,2.744,1.4458,952956.83
2026-01-04 03:00:00,-117.554,0.0,1.7295,952035.54
2026-01-04 04:00:00,-119.988,1.391,1.9489,952486.66
2026-01-04 05:00:00,-121.894,0.791,2.0759,952555.41
2026-01-04 06:00:00,-116.103,3.889,1.8299,952666.97
2026-01-04 07:00:00,-113.312,4.035,1.7842,952064.5
2026-01-04 08:00:00,-109.767,0.0,1.6185,952564.18
2026-01-04 09:00:00,-97.124,117.134,1.2878,952433.01
2026-01-04 10:00:00,-87.741,275.246,1.1623,952546.25
2026-01-04 11:00:00,-73.116,400.611,0.5924,953081.68
2026-01-04 12:00:00,-61.71,488.536,0.4259,951922.44
2026-01-04 13:00:00,-45.55,551.443,0.0,951971.28
2026-01-04 14:00:00,-35.705,592.14,0.0,951678.34
2026-01-04 15:00:00,-32.031,589.001,0.0,951273.71
2026-01-04 16:00:00,-23.491,548.301,0.0,951002.84
2026-01-04 17:00:00,-20.871,462.029,0.0,950536.3
2026-01-04 18:00:00,-30.064,348.044,0.0,950387.46
2026-01-04 19:00:00,-34.378,213.282,0.0,950505.78
2026-01-04 20:00:00,-40.138,71.57,0.0,950033.13
2026-01-04 21:00:00,-50.491,0.0,0.0,950212.45
2026-01-04 22:00:00,-64.368,0.0,0.3794,950142.12
2026-01-04 23:00:00,-71.048,10.244,0.2886,949619.32
2026-01-05 00:00:00,-81.926,8.926,0.5752,949473.2
2026-01-05 01:00:00,-91.481,5.68,0.9396,948752.97
2026-01-05 02:00:00,-100.653,0.0,1.052,949811.28
2026-01-05 03:00:00,-102.937,4.275,1.2491,950527.19
2026-01-05 04:00:00,-113.965,3.198,1.532,950122.37
2026-01-05 05:00:00,-122.049,2.213,1.897,950088.96
2026-01-05 06:00:00,-117.969,6.248,1.785,950387.22
2026-01-05 07:00:00,-112.034,3.177,1.7001,950411.2
2026-01-05 08:00:00,-113.102,3.7,1.6863,950473.31
2026-01-05 09:00:00,-106.05,32.891,1.5421,951071.99
2026-01-05 10:00:00,-93.716,180.056,1.263,951335.76
2026-01-05 11:00:00,-78.106,306.583,0.6238,951350.6
2026-01-05 12:00:00,-67.263,432.713,0.4919,950495.42
2026-01-05 13:00:00,-58.368,518.409,0.0232,950561.15
2026-01-05 14:00:00,-44.269,570.042,0.0,950759.53
2026-01-05 15:00:00,-32.971,602.885,0.0,949837.48
2026-01-05 16:00:00,-25.048,582.77,0.0,949372.94
2026-01-05 17:00:00,-24.554,523.494,0.0,950046.18
2026-01-05 18:00:00,-24.809,427.173,0.0,949735.43
2026-01-05 19:00:00,-27.321,314.335,0.0,949481.02
2026-01-05 20:00:00,-37.338,169.448,0.0,949289.96
2026-01-05 21:00:00,-45.02,21.252,0.0,948999.96
2026-01-05 22:00:00,-51.838,0.0,0.0,949058.05
2026-01-05 23:00:00,-65.994,1.985,0.2934,949035.01
2026-01-06 00:00:00,-72.099,0.302,0.4388,949519.36
2026-01-06 01:00:00,-87.109,0.0,0.7553,949263.87
2026-01-06 02:00:00,-97.374,0.0,1.2735,948908.26
2026-01-06 03:00:00,-105.641,0.0,1.5327,948625.81
2026-01-06 04:00:00,-106.515,8.988,1.4398,949028.71
2026-01-06 05:00:00,-121.001,4.471,1.8815,949457.63
2026-01-06 06:00:00,-119.922,0.057,1.8379,950274.29
2026-01-06 07:00:00,-118.632,1.244,1.8779,949150.45
2026-01-06 08:00:00,-112.481,0.221,1.7236,950013.49
2026-01-06 09:00:00,-104.552,0.0,1.5721,950565.98
2026-01-06 10:00:00,-102.054,75.717,1.2853,949599.85
2026-01-06 11:00:00,-85.85,226.405,0.9637,949495.44
2026-01-06 12:00:00,-74.241,354.812,0.7697,949913.11
2026-01-06 13:00:00,-60.516,460.538,0.2544,950426.91
2026-01-06 14:00:00,-46.972,547.465,0.0,950016.24
2026-01-06 15:00:00,-42.066,589.807,0.0,950447.79
2026-01-06 16:00:00,-29.204,583.905,0.0,950804.09
2026-01-06 17:00:00,-22.1,558.931,0.0,950430.38
2026-01-06 18:00:00,-24.217,495.092,0.0,949100.34
2026-01-06 19:00:00,-22.287,394.32,0.0,948194.56
2026-01-06 20:00:00,-33.916,267.929,0.0,947185.45
2026-01-06 21:00:00,-36.824,119.783,0.0,947302.4
2026-01-06 22:00:00,-42.206,0.0,0.0,946722.78
2026-01-06 23:00:00,-55.243,0.0,0.175,947020.67
2026-01-07 00:00:00,-67.694,1.723,0.1283,946469.15
2026-01-07 01:00:00,-80.022,1.896,0.6219,946995.36
2026-01-07 02:00:00,-85.353,6.437,0.6609,947555.59
2026-01-07 03:00:00,-93.889,5.5,1.1688,947544.5
2026-01-07 04:00:00,-105.64,0.0,1.336,947864.99
2026-01-07 05:00:00,-113.197,0.0,1.5503,947764.03
2026-01-07 06:00:00,-122.357,0.0,1.8808,947820.64
2026-01-07 07:00:00,-117.184,1.086,1.9424,947526.39
2026-01-07 08:00:00,-119.104,0.0,1.9803,946654.44
2026-01-07 09:00:00,-115.892,0.0,1.7695,946513.51
2026-01-07 10:00:00,-102.563,1.264,1.4149,947041.74
2026-01-07 11:00:00,-101.159,129.597,1.4233,947129.71
2026-01-07 12:00:00,-87.781,271.284,1.0538,947814.62
2026-01-07 13:00:00,-68.318,400.587,0.5082,948312.08
2026-01-07 14:00:00,-57.018,495.875,0.1908,948624.5
2026-01-07 15:00:00,-45.46,565.824,0.0,948599.06
2026-01-07 16:00:00,-33.737,596.237,0.0,948824.56
2026-01-07 17:00:00,-27.693,581.033,0.0,949092.03
2026-01-07 18:00:00,-27.572,538.293,0.0,949303.84
2026-01-07 19:00:00,-24.914,466.936,0.0,948314.77
2026-01-07 20:00:00,-25.472,343.285,0.0,948137.27
2026-01-07 21:00:00,-31.398,205.303,0.0,949074.68
2026-01-07 22:00:00,-39.683,59.409,0.0,948912.37
2026-01-07 23:00:00,-51.69,0.146,0.0,948935.05
2026-01-08 00:00:00,-57.869,0.155,0.2215,948981.94
2026-01-08 01:00:00,-66.091,0.0,0.3443,948657.97
2026-01-08 02:00:00,-80.228,6.071,0.8385,948332.25
2026-01-08 03:00:00,-90.169,0.0,1.2537,948921.96
2026-01-08 04:00:00,-99.673,1.98,1.4169,948798.36
2026-01-08 05:00:00,-108.777,7.807,1.6521,948967.89
2026-01-08 06:00:00,-116.178,0.0,1.8959,949163.28
2026-01-08 07:00:00,-117.477,0.0,1.8496,949911.54
2026-01-08 08:00:00,-115.973,0.0,1.9179,949560.94
2026-01-08 09:00:00,-118.169,0.0,1.9091,949584.58
2026-01-08 10:00:00,-111.185,0.0,1.7324,949401.71
2026-01-08 11:00:00,-103.883,40.169,1.6157,949388.68
2026-01-08 12:00:00,-85.494,191.469,1.121,949950.11
2026-01-08 13:00:00,-75.366,318.101,0.8541,949642.57
2026-01-08 14:00:00,-61.547,446.174,0.4337,949303.88
2026-01-08 15:00:00,-48.285,525.514,0.0525,948477.31
2026-01-08 16:00:00,-40.765,588.881,0.0,948698.04
2026-01-08 17:00:00,-26.847,596.968,0.0,948161.55
2026-01-08 18:00:00,-24.647,576.836,0.0,948163.24
2026-01-08 19:00:00,-22.356,519.544,0.0,948021.4
2026-01-08 20:00:00,-26.337,441.708,0.0,948807.09
2026-01-08 21:00:00,-28.288,310.658,0.0,948184.54
2026-01-08 22:00:00,-39.227,163.651,0.0,949128.38
2026-01-08 23:00:00,-44.312,22.003,0.0,948690.12
2026-01-09 00:00:00,-54.56,0.0,0.3889,948735.73
2026-01-09 01:00:00,-63.747,0.0,0.4893,948780.03
2026-01-09 02:00:00,-77.041,4.543,0.8506,949119.54
2026-01-09 03:00:00,-81.553,0.155,0.9951,949133.36
2026-01-09 04:00:00,-91.876,1.393,1.3014,949613.45
2026-01-09 05:00:00,-97.543,0.07,1.362,949870.02
2026-01-09 06:00:00,-105.018,1.683,1.7075,949612.11
2026-01-09 07:00:00,-115.134,2.125,1.9765,948692.12
2026-01-09 08:00:00,-115.406,0.0,1.847,949567.83
2026-01-09 09:00:00,-117.799,3.333,1.8565,948765.83
2026-01-09 10:00:00,-117.329,0.0,2.0329,948415.34
2026-01-09 11:00:00,-111.406,0.0,1.8374,948525.93
2026-01-09 12:00:00,-99.0,84.4,1.6162,948254.16
2026-01-09 13:00:00,-75.587,231.664,0.8767,948849.11
2026-01-09 14:00:00,-71.094,359.415,0.793,949377.39
2026-01-09 15:00:00,-59.786,475.261,0.4764,949268.78
2026-01-09 16:00:00,-46.769,542.212,0.0,948649.63
2026-01-09 17:00:00,-36.104,589.269,0.0,948513.2
2026-01-09 18:00:00,-29.558,592.582,0.0,949228.8
2026-01-09 19:00:00,-22.144,561.022,0.0,949531.27
2026-01-09 20:00:00,-23.864,492.151,0.0,949588.25
2026-01-09 21:00:00,-28.527,383.519,0.0,950727.11
2026-01-09 22:00:00,-28.624,264.876,0.0,949944.11
2026-01-09 23:00:00,-36.346,117.379,0.0,949629.27
2026-01-10 00:00:00,-48.379,0.0,0.0,949628.73
2026-01-10 01:00:00,-55.94,0.0,0.0511,949124.39
2026-01-10 02:00:00,-64.608,0.0,0.4155,949136.57
2026-01-10 03:00:00,-77.742,0.0,0.7288,948763.74
2026-01-10 04:00:00,-89.588,0.0,1.037,948073.15
2026-01-10 05:00:00,-100.413,0.0,1.4839,947846.95
2026-01-10 06:00:00,-107.803,1.128,1.6931,947703.68
2026-01-10 07:00:00,-108.566,4.738,1.6286,947444.14
2026-01-10 08:00:00,-117.922,0.0,1.987,947739.71
2026-01-10 09:00:00,-118.341,0.0,2.0284,946827.55
2026-01-10 10:00:00,-119.024,0.0,2.1584,947307.61
2026-01-10 11:00:00,-115.692,1.445,1.9196,947313.5
2026-01-10 12:00:00,-111.175,6.225,1.8062,948339.65
2026-01-10 13:00:00,-97.106,133.732,1.4809,948331.16
2026-01-10 14:00:00,-86.37,266.121,1.2315,949309.73
2026-01-10 15:00:00,-67.797,394.876,0.671,948854.74
2026-01-10 16:00:00,-58.428,497.966,0.3368,949669.85
2026-01-10 17:00:00,-46.44,565.665,0.0,949593.77
2026-01-10 18:00:00,-36.821,596.036,0.0,949757.6
2026-01-10 19:00:00,-27.905,589.278,0.0,949354.65
2026-01-10 20:00:00,-20.435,540.493,0.0,949176.71
2026-01-10 21:00:00,-28.012,465.255,0.0,950389.65
2026-01-10 22:00:00,-27.442,344.87,0.0,950737.85
2026-01-10 23:00:00,-38.915,209.676,0.0,950582.04
2026-01-11 00:00:00,-39.785,68.283,0.0,950348.37
2026-01-11 01:00:00,-52.783,0.0,0.0,950296.6
2026-01-11 02:00:00,-66.499,1.948,0.3945,949650.72
2026-01-11 03:00:00,-76.082,0.513,0.6595,950632.58
2026-01-11 04:00:00,-79.911,0.0,0.7353,949711.5
2026-01-11 05:00:00,-97.285,7.941,1.2787,949512.26
2026-01-11 06:00:00,-101.792,0.0,1.1386,949968.37
2026-01-11 07:00:00,-111.303,10.301,1.6596,950675.0
2026-01-11 08:00:00,-116.121,0.0,1.641,951082.55
2026-01-11 09:00:00,-120.058,0.0,1.825,950291.4
2026-01-11 10:00:00,-121.558,0.35,1.8918,951527.55
2026-01-11 11:00:00,-118.78,0.0,1.8595,952062.97
2026-01-11 12:00:00,-110.987,0.0,1.6264,951721.56
2026-01-11 13:00:00,-105.304,38.373,1.4615,950718.11
2026-01-11 14:00:00,-90.851,189.013,1.088,951210.56
2026-01-11 15:00:00,-79.262,320.965,0.9316,951112.03
2026-01-11 16:00:00,-63.299,445.945,0.5552,951581.05
2026-01-11 17:00:00,-50.969,535.265,0.2473,951190.93
2026-01-11 18:00:00,-43.468,590.95,0.0562,950983.53
2026-01-11 19:00:00,-36.218,603.017,0.0,950880.57
2026-01-11 20:00:00,-24.311,585.022,0.0,950896.18
2026-01-11 21:00:00,-27.329,509.296,0.0,951107.27
2026-01-11 22:00:00,-24.259,424.102,0.0,950866.68
2026-01-11 23:00:00,-29.916,300.847,0.0,950752.06
2026-01-12 00:00:00,-38.301,165.545,0.0,951164.13
2026-01-12 01:00:00,-45.56,11.189,0.0,951119.5
2026-01-12 02:00:00,-51.07,0.0,0.0,951260.0
2026-01-12 03:00:00,-62.371,9.411,0.2738,951344.09
2026-01-12 04:00:00,-74.665,0.0,0.8329,951087.22
2026-01-12 05:00:00,-80.315,2.069,0.8675,951705.25
2026-01-12 06:00:00,-100.778,0.0,1.3115,951865.31
2026-01-12 07:00:00,-107.441,0.379,1.5443,951064.68
2026-01-12 08:00:00,-112.437,0.03,1.836,950875.76
2026-01-12 09:00:00,-111.985,2.242,1.6631,950181.68
2026-01-12 10:00:00,-116.028,5.827,1.904,950057.24
2026-01-12 11:00:00,-123.781,8.237,2.1101,949480.05
2026-01-12 12:00:00,-117.12,1.548,2.2024,949790.86
2026-01-12 13:00:00,-114.083,2.948,1.7628,949863.05
2026-01-12 14:00:00,-101.272,82.529,1.4246,950093.66
2026-01-12 15:00:00,-85.351,234.908,1.0566,949938.07
2026-01-12 16:00:00,-72.223,371.935,0.7031,949199.14
2026-01-12 17:00:00,-61.048,479.753,0.413,949384.57
2026-01-12 18:00:00,-50.354,553.986,0.0249,949433.36
2026-01-12 19:00:00,-39.261,599.169,0.0,950207.28
2026-01-12 20:00:00,-29.511,600.601,0.0,949713.63
2026-01-12 21:00:00,-19.341,568.934,0.0,949694.24
2026-01-12 22:00:00,-27.899,492.809,0.0,950038.23
2026-01-12 23:00:00,-21.334,386.274,0.0,949558.87
2026-01-13 00:00:00,-31.076,261.35,0.0,949652.24
2026-01-13 01:00:00,-38.466,99.85,0.0,949612.68
2026-01-13 02:00:00,-49.562,1.914,0.0,948553.17
2026-01-13 03:00:00,-54.999,0.0,0.0,947247.64
2026-01-13 04:00:00,-68.099,0.0,0.4029,947791.53
2026-01-13 05:00:00,-81.49,2.259,0.6494,947369.99
2026-01-13 06:00:00,-88.914,2.388,0.9916,946723.52
2026-01-13 07:00:00,-96.146,0.0,1.2908,946524.16
2026-01-13 08:00:00,-107.818,0.0,1.3545,946451.56
2026-01-13 09:00:00,-120.05,6.853,1.8652,946642.53
2026-01-13 10:00:00,-118.307,0.0,1.8389,946188.48
2026-01-13 11:00:00,-119.128,11.215,1.9733,946826.59
2026-01-13 12:00:00,-118.883,0.0,1.89,947465.45
2026-01-13 13:00:00,-116.619,2.04,1.8401,947578.76
2026-01-13 14:00:00,-104.697,8.084,1.6062,948097.79
2026-01-13 15:00:00,-104.617,140.342,1.6462,948082.01
2026-01-13 16:00:00,-83.59,277.839,1.0815,947410.43
2026-01-13 17:00:00,-70.125,407.221,0.7931,947631.95
2026-01-13 18:00:00,-50.963,506.195,0.2693,948112.44
2026-01-13 19:00:00,-45.729,565.467,0.0099,948571.63
2026-01-13 20:00:00,-34.628,599.983,0.0,948731.03
2026-01-13 21:00:00,-27.848,587.7,0.0,948529.28
2026-01-13 22:00:00,-24.008,547.99,0.0,949511.44
2026-01-13 23:00:00,-18.746,460.404,0.0,949700.49
2026-01-14 00:00:00,-30.604,345.95,0.0,949955.06
2026-01-14 01:00:00,-35.439,211.519,0.0,950045.15
2026-01-14 02:00:00,-40.221,64.141,0.0,949639.29
2026-01-14 03:00:00,-51.116,3.084,0.0298,948850.15
2026-01-14 04:00:00,-62.119,0.0,0.4385,947820.32
2026-01-14 05:00:00,-71.508,0.0,0.7351,947796.2
2026-01-14 06:00:00,-78.725,5.523,0.7287,948324.59
2026-01-14 07:00:00,-90.551,0.0,1.146,947606.92
2026-01-14 08:00:00,-103.597,0.0,1.5823,946465.54
2026-01-14 09:00:00,-108.742,2.219,1.6595,946850.93
2026-01-14 10:00:00,-115.644,2.317,1.8639,946408.33
2026-01-14 11:00:00,-117.888,0.0,2.0836,946286.1
2026-01-14 12:00:00,-121.541,1.147,2.04,946079.82
2026-01-14 13:00:00,-122.432,3.678,2.0482,946479.76
2026-01-14 14:00:00,-111.979,1.872,1.8294,946985.21
2026-01-14 15:00:00,-104.648,42.934,1.7568,946730.56
2026-01-14 16:00:00,-89.985,183.189,1.3309,946805.71
2026-01-14 17:00:00,-84.667,330.039,1.1624,947799.27
2026-01-14 18:00:00,-67.029,443.857,0.7121,948937.76
2026-01-14 19:00:00,-55.075,531.198,0.2359,949164.44
2026-01-14 20:00:00,-44.1,591.761,0.0676,949333.13
2026-01-14 21:00:00,-38.581,610.676,0.0,950018.57
2026-01-14 22:00:00,-31.069,589.169,0.0,950049.75
2026-01-14 23:00:00,-24.275,526.219,0.0,949186.8
2026-01-15 00:00:00,-27.43,424.98,0.0,948854.86
2026-01-15 01:00:00,-32.159,305.686,0.0,948394.28
2026-01-15 02:00:00,-32.57,166.508,0.0,948282.3
2026-01-15 03:00:00,-39.1,11.507,0.0,948460.78
2026-01-15 04:00:00,-54.761,0.654,0.0981,949162.14
2026-01-15 05:00:00,-69.209,4.119,0.5744,948737.65
2026-01-15 06:00:00,-73.852,0.0,0.6713,948809.93
2026-01-15 07:00:00,-91.813,0.0,1.0665,948773.73
2026-01-15 08:00:00,-99.755,0.0,1.3244,948435.88
2026-01-15 09:00:00,-103.481,3.17,1.5011,948306.31
2026-01-15 10:00:00,-116.962,0.015,1.887,947784.64
2026-01-15 11:00:00,-119.393,1.701,1.9554,948016.26
2026-01-15 12:00:00,-124.852,3.35,2.2863,948692.21
2026-01-15 13:00:00,-120.349,0.0,1.9958,949015.83
2026-01-15 14:00:00,-113.856,3.781,1.7231,949359.41
2026-01-15 15:00:00,-114.317,1.894,1.9722,949152.21
2026-01-15 16:00:00,-103.289,85.727,1.6487,948912.64
2026-01-15 17:00:00,-92.22,246.681,1.3363,948971.01
2026-01-15 18:00:00,-78.715,369.09,0.8966,948911.86
2026-01-15 19:00:00,-65.535,471.464,0.6242,948734.29
2026-01-15 20:00:00,-48.267,551.696,0.2532,948367.48
2026-01-15 21:00:00,-44.433,593.045,0.0235,948257.88
2026-01-15 22:00:00,-33.308,601.02,0.0,947255.54
2026-01-15 23:00:00,-26.587,563.205,0.0,947081.8
2026-01-16 00:00:00,-22.996,490.244,0.0,947802.9
2026-01-16 01:00:00,-25.589,390.604,0.0,947751.33
2026-01-16 02:00:00,-32.722,259.746,0.0,947640.63
2026-01-16 03:00:00,-42.788,113.487,0.0,947686.73
2026-01-16 04:00:00,-48.027,2.049,0.0893,947389.17
2026-01-16 05:00:00,-61.918,3.081,0.3841,947508.37
2026-01-16 06:00:00,-71.958,0.0,0.6225,947706.25
2026-01-16 07:00:00,-75.754,0.0,0.6991,947777.16
2026-01-16 08:00:00,-89.291,0.0,1.2381,947388.76
2026-01-16 09:00:00,-99.038,0.18,1.3861,947061.18
2026-01-16 10:00:00,-106.046,0.0,1.5719,946699.58
2026-01-16 11:00:00,-114.739,5.228,1.856,946253.76
2026-01-16 12:00:00,-122.402,5.938,2.1799,946075.18
2026-01-16 13:00:00,-118.58,1.014,2.0467,946871.74
2026-01-16 14:00:00,-118.162,0.0,2.1955,947095.25
2026-01-16 15:00:00,-117.584,2.426,2.0816,947163.36
2026-01-16 16:00:00,-112.199,0.0,1.8092,948674.33
2026-01-16 17:00:00,-97.535,143.502,1.5654,948211.45
2026-01-16 18:00:00,-88.135,292.019,1.2681,948612.13
2026-01-16 19:00:00,-71.458,409.359,0.9042,948401.29
2026-01-16 20:00:00,-58.261,514.639,0.6135,947875.49
2026-01-16 21:00:00,-45.707,579.5,0.1737,947414.12
2026-01-16 22:00:00,-34.239,599.648,0.0,947840.86
2026-01-16 23:00:00,-26.499,598.573,0.0,948634.72
2026-01-17 00:00:00,-27.094,548.139,0.0,948056.85
2026-01-17 01:00:00,-21.898,460.922,0.0,948341.84
2026-01-17 02:00:00,-27.697,342.624,0.0,948185.15
2026-01-17 03:00:00,-28.057,205.778,0.0,948309.21
2026-01-17 04:00:00,-44.002,57.44,0.0,948059.14
2026-01-17 05:00:00,-56.064,2.713,0.3762,948326.41
2026-01-17 06:00:00,-58.17,0.0,0.5151,947591.64
2026-01-17 07:00:00,-69.377,2.188,0.8991,948398.21
2026-01-17 08:00:00,-77.821,0.0,0.9382,947526.32
2026-01-17 09:00:00,-90.758,0.0,1.2825,947648.61
2026-01-17 10:00:00,-93.93,0.548,1.5492,948148.01
2026-01-17 11:00:00,-109.0,12.226,1.8795,948619.6
2026-01-17 12:00:00,-111.236,0.0,1.8652,947979.02
2026-01-17 13:00:00,-119.455,7.36,2.1641,947645.24
2026-01-17 14:00:00,-117.613,0.749,2.2311,947698.74
2026-01-17 15:00:00,-115.048,2.056,2.1615,947849.39
2026-01-17 16:00:00,-110.061,0.592,1.9648,947383.66
2026-01-17 17:00:00,-102.443,45.414,1.8433,947570.99
2026-01-17 18:00:00,-102.006,193.439,1.8662,948053.3
2026-01-17 19:00:00,-78.552,339.973,1.1288,947748.43
2026-01-17 20:00:00,-66.371,447.45,0.8384,948388.84
2026-01-17 21:00:00,-52.346,543.397,0.376,949065.17
2026-01-17 22:00:00,-41.612,587.806,0.0702,949395.6
2026-01-17 23:00:00,-29.345,605.859,0.0,950272.17
2026-01-18 00:00:00,-25.965,576.793,0.0,951285.63
2026-01-18 01:00:00,-25.218,522.825,0.0,952353.28
2026-01-18 02:00:00,-28.85,432.55,0.0,952434.57
2026-01-18 03:00:00,-24.417,302.234,0.0,951985.72
2026-01-18 04:00:00,-38.392,159.375,0.0,951864.93
2026-01-18 05:00:00,-46.755,2.152,0.1219,950773.57
2026-01-18 06:00:00,-48.62,0.0,0.0426,950678.52
2026-01-18 07:00:00,-65.698,0.0,0.6175,950798.58
2026-01-18 08:00:00,-75.144,0.0,0.8796,949559.97
2026-01-18 09:00:00,-83.888,1.134,1.0251,950220.15
2026-01-18 10:00:00,-99.626,6.595,1.5861,950248.55
2026-01-18 11:00:00,-108.575,14.046,1.7174,949332.76
2026-01-18 12:00:00,-112.416,0.0,1.9378,948773.96
2026-01-18 13:00:00,-116.866,7.177,2.2616,948171.84
2026-01-18 14:00:00,-117.843,1.219,2.1474,948435.16
2026-01-18 15:00:00,-120.471,0.0,2.1852,948329.23
2026-01-18 16:00:00,-113.832,2.163,1.9032,948514.34
2026-01-18 17:00:00,-115.944,0.31,2.0635,948848.05
2026-01-18 18:00:00,-99.731,96.099,1.6204,948592.04
2026-01-18 19:00:00,-85.983,241.568,1.0753,947772.06
2026-01-18 20:00:00,-71.961,368.971,0.7448,947830.9
2026-01-18 21:00:00,-59.462,476.335,0.5232,947829.81
2026-01-18 22:00:00,-49.138,564.167,0.2491,947418.01
2026-01-18 23:00:00,-37.369,600.156,0.0,946920.02
2026-01-19 00:00:00,-25.004,600.358,0.0,946517.96
2026-01-19 01:00:00,-25.443,566.22,0.0,945811.51
2026-01-19 02:00:00,-18.613,496.426,0.0,946322.07
2026-01-19 03:00:00,-19.752,387.817,0.0,946470.07
2026-01-19 04:00:00,-33.717,253.101,0.0,946508.3
2026-01-19 05:00:00,-36.187,115.405,0.0,947109.46
2026-01-19 06:00:00,-48.033,7.896,0.0,947341.64
2026-01-19 07:00:00,-58.64,2.473,0.184,946422.14
2026-01-19 08:00:00,-61.936,4.868,0.4233,945954.13
2026-01-19 09:00:00,-73.091,6.21,0.6159,945908.83
2026-01-19 10:00:00,-84.627,5.65,0.8909,945669.53
2026-01-19 11:00:00,-98.752,3.07,1.2169,945716.49
2026-01-19 12:00:00,-103.443,2.992,1.4506,945981.65
2026-01-19 13:00:00,-114.464,2.598,1.6522,946556.64
2026-01-19 14:00:00,-114.667,0.0,1.7875,946438.66
2026-01-19 15:00:00,-118.879,3.504,1.9001,946331.31
2026-01-19 16:00:00,-112.326,0.0,1.6782,947116.56
2026-01-19 17:00:00,-112.98,0.0,1.6699,947654.41
2026-01-19 18:00:00,-104.201,6.518,1.5436,947676.81
2026-01-19 19:00:00,-92.35,151.556,1.1835,947466.48
2026-01-19 20:00:00,-79.575,298.777,0.8647,946884.6
2026-01-19 21:00:00,-65.481,415.172,0.2819,947305.3
2026-01-19 22:00:00,-51.491,509.078,0.0286,947390.68
2026-01-19 23:00:00,-43.089,578.714,0.0,947613.31
2026-01-20 00:00:00,-29.487,608.063,0.0,948329.93
2026-01-20 01:00:00,-20.878,596.357,0.0,948737.95
2026-01-20 02:00:00,-17.612,551.553,0.0,949459.89
2026-01-20 03:00:00,-19.916,458.744,0.0,949703.54
2026-01-20 04:00:00,-21.17,347.226,0.0,950419.16
2026-01-20 05:00:00,-29.402,203.114,0.0,950394.16
2026-01-20 06:00:00,-37.587,59.447,0.0,950956.11
2026-01-20 07:00:00,-49.914,0.016,0.0,950909.24
2026-01-20 08:00:00,-52.268,0.0,0.0,950424.36
2026-01-20 09:00:00,-61.021,0.0,0.2494,950910.92
2026-01-20 10:00:00,-79.332,0.0,0.71,950987.84
2026-01-20 11:00:00,-85.583,0.0,0.8424,950885.41
2026-01-20 12:00:00,-92.51,8.857,1.1089,950278.71
2026-01-20 13:00:00,-107.832,0.0,1.6306,949654.19
2026-01-20 14:00:00,-117.343,0.0,1.8723,950018.28
2026-01-20 15:00:00,-109.389,0.0,1.631,950097.33
2026-01-20 16:00:00,-114.461,0.0,2.0573,950842.63
2026-01-20 17:00:00,-113.866,0.0,1.9073,951050.26
2026-01-20 18:00:00,-107.263,0.0,1.7241,950932.85
2026-01-20 19:00:00,-100.284,53.545,1.6334,951591.91
2026-01-20 20:00:00,-78.631,197.4,0.9845,951870.06
2026-01-20 21:00:00,-75.66,343.474,0.7808,950910.75
2026-01-20 22:00:00,-60.399,454.402,0.4639,950634.61
2026-01-20 23:00:00,-44.593,542.035,0.0578,950600.94
2026-01-21 00:00:00,-33.25,594.181,0.0,951039.88
2026-01-21 01:00:00,-24.766,609.029,0.0,950712.77
2026-01-21 02:00:00,-23.14,592.665,0.0,950354.38
2026-01-21 03:00:00,-19.968,509.814,0.0,949955.59
2026-01-21 04:00:00,-27.487,415.068,0.0,949786.96
2026-01-21 05:00:00,-25.371,298.561,0.0,949346.14
2026-01-21 06:00:00,-32.924,158.08,0.0,949490.03
2026-01-21 07:00:00,-40.926,7.967,0.0,949609.39
2026-01-21 08:00:00,-45.577,2.365,0.007,949502.77
2026-01-21 09:00:00,-58.214,0.0,0.1617,949874.4
2026-01-21 10:00:00,-67.329,5.095,0.4596,950030.81
2026-01-21 11:00:00,-81.372,5.151,0.9285,950611.46
2026-01-21 12:00:00,-88.11,0.92,0.9392,950588.76
2026-01-21 13:00:00,-100.771,4.813,1.4315,950069.24
2026-01-21 14:00:00,-104.327,1.363,1.4433,950093.21
2026-01-21 15:00:00,-110.258,0.0,1.6787,950111.22
2026-01-21 16:00:00,-114.453,3.489,1.8207,950204.76
2026-01-21 17:00:00,-120.075,0.553,1.8687,949964.11
2026-01-21 18:00:00,-109.96,0.007,1.9588,950227.84
2026-01-21 19:00:00,-106.244,7.365,1.6222,951015.97
2026-01-21 20:00:00,-95.992,86.964,1.5179,951482.02
2026-01-21 21:00:00,-84.559,240.678,0.9594,952183.23
2026-01-21 22:00:00,-70.169,374.399,0.6475,952600.05
2026-01-21 23:00:00,-54.096,486.544,0.3633,952588.61
2026-01-22 00:00:00,-47.085,563.591,0.0598,952646.57
2026-01-22 01:00:00,-33.292,597.365,0.0,952852.49
2026-01-22 02:00:00,-28.946,600.958,0.0,952898.93
2026-01-22 03:00:00,-20.364,563.437,0.0,951889.21
2026-01-22 04:00:00,-19.378,505.219,0.0,951147.8
2026-01-22 05:00:00,-24.304,395.291,0.0,950506.83
2026-01-22 06:00:00,-27.388,252.615,0.0,950822.15
2026-01-22 07:00:00,-37.684,104.786,0.0,951832.72
2026-01-22 08:00:00,-46.582,0.0,0.0,951657.81
2026-01-22 09:00:00,-53.696,0.0,0.0593,952133.31
2026-01-22 10:00:00,-63.991,0.0,0.3274,952039.67
2026-01-22 11:00:00,-81.248,0.0,0.8245,951306.76
2026-01-22 12:00:00,-85.33,0.0,0.8541,950374.32
2026-01-22 13:00:00,-97.265,0.0,1.3075,950444.45
2026-01-22 14:00:00,-105.894,0.0,1.5492,950221.01
2026-01-22 15:00:00,-114.536,0.743,1.9166,950041.75
2026-01-22 16:00:00,-115.931,1.831,1.8446,950311.71
2026-01-22 17:00:00,-119.005,2.087,2.066,950238.13
2026-01-22 18:00:00,-112.669,0.0,1.7613,950735.84
2026-01-22 19:00:00,-117.764,4.273,1.8628,950885.05
2026-01-22 20:00:00,-109.298,0.0,1.8205,951070.64
2026-01-22 21:00:00,-97.614,154.389,1.4624,949802.05
2026-01-22 22:00:00,-80.741,295.55,1.0249,949229.22
2026-01-22 23:00:00,-64.547,414.031,0.5341,948818.8
2026-01-23 00:00:00,-53.013,517.477,0.2037,949022.47
2026-01-23 01:00:00,-45.924,585.525,0.1031,949369.49
2026-01-23 02:00:00,-33.827,613.72,0.0,948900.3
2026-01-23 03:00:00,-27.848,597.477,0.0,948912.42
2026-01-23 04:00:00,-19.544,554.739,0.0,948926.32
2026-01-23 05:00:00,-21.816,465.682,0.0,948757.94
2026-01-23 06:00:00,-27.58,343.168,0.0,948848.81
2026-01-23 07:00:00,-28.371,209.751,0.0,949675.21
2026-01-23 08:00:00,-35.279,63.898,0.0,950049.37
2026-01-23 09:00:00,-48.191,9.802,0.0,950481.99
2026-01-23 10:00:00,-56.359,0.0,0.1292,950193.87
2026-01-23 11:00:00,-71.87,0.0,0.7884,950571.85
2026-01-23 12:00:00,-83.851,7.425,0.7454,951609.62
2026-01-23 13:00:00,-93.813,0.0,1.1471,951397.78
2026-01-23 14:00:00,-97.209,0.0,1.1562,951451.57
2026-01-23 15:00:00,-106.366,0.0,1.4691,950902.09
2026-01-23 16:00:00,-109.807,2.101,1.6071,950701.64
2026-01-23 17:00:00,-116.051,0.0,1.6741,949766.3
2026-01-23 18:00:00,-113.092,0.0,1.7678,950127.35
2026-01-23 19:00:00,-110.59,0.0,1.7887,949682.07
2026-01-23 20:00:00,-109.575,0.0,1.6743,949629.02
2026-01-23 21:00:00,-103.558,45.713,1.5639,949471.77
2026-01-23 22:00:00,-93.204,213.669,1.3158,949685.83
2026-01-23 23:00:00,-70.014,342.857,0.6455,949950.04
2026-01-24 00:00:00,-63.455,462.886,0.2191,950260.87
2026-01-24 01:00:00,-52.486,543.5,0.1182,950888.38
2026-01-24 02:00:00,-36.843,597.267,0.0,950568.05
2026-01-24 03:00:00,-33.125,608.258,0.0,951141.02
2026-01-24 04:00:00,-22.508,572.69,0.0,950504.96
2026-01-24 05:00:00,-20.97,515.341,0.0,950616.86
2026-01-24 06:00:00,-17.803,415.729,0.0,950077.38
2026-01-24 07:00:00,-22.418,288.641,0.0,949748.92
2026-01-24 08:00:00,-28.896,149.64,0.0,949321.72
2026-01-24 09:00:00,-41.18,7.901,0.0,949248.87
2026-01-24 10:00:00,-53.076,0.0,0.0218,949151.37
2026-01-24 11:00:00,-63.414,6.453,0.0672,949065.98
2026-01-24 12:00:00,-72.612,2.055,0.4251,949374.34
2026-01-24 13:00:00,-76.146,3.913,0.7158,949694.78
2026-01-24 14:00:00,-92.993,0.0,0.9557,950660.64
2026-01-24 15:00:00,-100.301,2.62,1.2078,951526.31
2026-01-24 16:00:00,-103.659,3.644,1.3119,951975.68
2026-01-24 17:00:00,-112.364,0.0,1.5177,953054.4
2026-01-24 18:00:00,-117.953,2.798,1.7594,952588.63
2026-01-24 19:00:00,-113.598,2.831,1.7099,953216.17
2026-01-24 20:00:00,-113.467,0.0,1.7168,953049.29
2026-01-24 21:00:00,-106.233,0.0,1.621,953431.05
2026-01-24 22:00:00,-96.019,96.995,1.2413,953012.47
2026-01-24 23:00:00,-85.866,252.371,1.0049,953053.51
2026-01-25 00:00:00,-70.129,386.346,0.6102,953193.01
2026-01-25 01:00:00,-52.471,488.696,0.2381,953073.37
2026-01-25 02:00:00,-46.136,568.94,0.0,954183.65
2026-01-25 03:00:00,-30.209,611.088,0.0,954093.9
2026-01-25 04:00:00,-28.393,611.482,0.0,953800.97
2026-01-25 05:00:00,-15.87,577.021,0.0,953944.28
2026-01-25 06:00:00,-22.268,499.751,0.0,953251.63
2026-01-25 07:00:00,-23.077,380.596,0.0,952861.32
2026-01-25 08:00:00,-22.761,261.343,0.0,951899.9
2026-01-25 09:00:00,-31.002,101.242,0.0,951737.04
2026-01-25 10:00:00,-42.356,5.224,0.0,951251.95
2026-01-25 11:00:00,-56.961,0.34,0.2562,951600.74
2026-01-25 12:00:00,-63.776,0.0,0.2792,951927.98
2026-01-25 13:00:00,-74.672,0.0,0.5278,951976.25
2026-01-25 14:00:00,-87.267,0.0,0.8366,950587.65
2026-01-25 15:00:00,-92.834,0.0,1.1053,949828.03
2026-01-25 16:00:00,-105.85,4.836,1.5319,950051.62
2026-01-25 17:00:00,-114.035,7.584,1.7142,949749.35
2026-01-25 18:00:00,-119.492,0.0,1.9276,950443.97
2026-01-25 19:00:00,-110.974,1.51,1.7886,950710.44
2026-01-25 20:00:00,-116.145,0.0,1.8547,950848.87
2026-01-25 21:00:00,-112.094,0.0,1.7502,950544.49
2026-01-25 22:00:00,-107.385,4.228,1.7086,950192.39
2026-01-25 23:00:00,-88.143,154.923,1.1297,951578.84
2026-01-26 00:00:00,-82.703,308.576,0.9023,951108.2
2026-01-26 01:00:00,-69.465,422.884,0.4507,950804.85
2026-01-26 02:00:00,-53.217,528.261,0.1042,950446.9
2026-01-26 03:00:00,-41.073,587.944,0.0,950195.63
2026-01-26 04:00:00,-29.597,617.702,0.0,950416.04
2026-01-26 05:00:00,-26.893,598.126,0.0,949506.08
2026-01-26 06:00:00,-16.671,547.983,0.0,949498.53
2026-01-26 07:00:00,-23.041,460.114,0.0,949345.93
2026-01-26 08:00:00,-27.44,339.211,0.0,949585.14
2026-01-26 09:00:00,-34.21,207.213,0.0,949261.91
2026-01-26 10:00:00,-42.066,54.48,0.0,949320.3
2026-01-26 11:00:00,-51.985,2.968,0.0,949696.56
2026-01-26 12:00:00,-55.331,7.685,0.002,949559.57
2026-01-26 13:00:00,-70.718,7.247,0.4406,950115.25
2026-01-26 14:00:00,-79.274,0.0,0.6339,950044.46
2026-01-26 15:00:00,-91.562,1.865,1.074,949469.59
2026-01-26 16:00:00,-101.851,0.0,1.4436,949870.31
2026-01-26 17:00:00,-102.791,0.117,1.4143,950275.21
2026-01-26 18:00:00,-107.135,0.0,1.6903,950523.07
2026-01-26 19:00:00,-111.312,8.1,1.893,950118.43
2026-01-26 20:00:00,-120.442,1.818,2.0016,950439.77
2026-01-26 21:00:00,-118.227,0.0,2.0643,950963.29
2026-01-26 22:00:00,-103.046,5.968,1.7046,950594.71
2026-01-26 23:00:00,-102.31,42.76,1.7037,951070.75
2026-01-27 00:00:00,-92.739,196.244,1.3109,950748.6
2026-01-27 01:00:00,-71.319,349.692,0.7464,950862.06
2026-01-27 02:00:00,-61.086,463.107,0.6657,951973.84
2026-01-27 03:00:00,-46.705,551.278,0.1992,952105.29
2026-01-27 04:00:00,-44.38,595.109,0.0787,952269.38
2026-01-27 05:00:00,-30.243,614.489,0.0,951710.76
2026-01-27 06:00:00,-20.85,597.801,0.0,951323.41
2026-01-27 07:00:00,-23.14,527.124,0.0,950972.2
2026-01-27 08:00:00,-18.456,425.289,0.0,950837.08
2026-01-27 09:00:00,-30.574,296.263,0.0,950780.52
2026-01-27 10:00:00,-34.677,151.214,0.0,950854.84
2026-01-27 11:00:00,-39.577,0.0,0.0,951789.52
2026-01-27 12:00:00,-56.342,1.288,0.2037,951670.79
2026-01-27 13:00:00,-62.343,4.227,0.4158,952382.74
2026-01-27 14:00:00,-72.019,0.0,0.6404,953068.47
2026-01-27 15:00:00,-83.983,0.0,1.0539,952293.79
2026-01-27 16:00:00,-95.098,0.0,1.3588,951950.2
2026-01-27 17:00:00,-105.267,0.0,1.5467,951755.95
2026-01-27 18:00:00,-109.534,0.267,1.5901,951552.31
2026-01-27 19:00:00,-115.566,0.0,1.9536,950917.38
2026-01-27 20:00:00,-121.786,3.071,2.1664,952383.97
2026-01-27 21:00:00,-113.716,3.769,2.0592,952173.47
2026-01-27 22:00:00,-117.472,0.0,2.0633,952157.81
2026-01-27 23:00:00,-113.24,0.0,1.8362,952677.35
2026-01-28 00:00:00,-100.528,101.655,1.5462,952643.75
2026-01-28 01:00:00,-88.881,262.288,1.1029,951851.77
2026-01-28 02:00:00,-73.894,375.2,0.8172,952444.17
2026-01-28 03:00:00,-63.466,495.21,0.4759,952460.57
2026-01-28 04:00:00,-46.425,566.83,0.171,952577.73
2026-01-28 05:00:00,-33.532,615.56,0.0,952763.76
2026-01-28 06:00:00,-29.663,607.484,0.0,952350.59
2026-01-28 07:00:00,-28.917,572.756,0.0,953356.84
2026-01-28 08:00:00,-25.961,496.581,0.0,953612.5
2026-01-28 09:00:00,-25.374,394.057,0.0,953569.12
2026-01-28 10:00:00,-37.627,250.117,0.0,952939.21
2026-01-28 11:00:00,-43.923,103.034,0.0,952368.87
2026-01-28 12:00:00,-55.135,0.0,0.3677,952105.82
2026-01-28 13:00:00,-58.377,5.952,0.0693,951582.63
2026-01-28 14:00:00,-62.116,0.0,0.5196,951825.1
2026-01-28 15:00:00,-83.247,0.0,0.8963,952425.69
2026-01-28 16:00:00,-88.113,0.0,1.0741,951758.65
2026-01-28 17:00:00,-102.69,0.0,1.3301,951453.4
2026-01-28 18:00:00,-113.474,1.144,1.957,951360.78
2026-01-28 19:00:00,-111.142,4.837,1.9064,951138.92
2026-01-28 20:00:00,-113.617,1.465,1.8246,950866.45
2026-01-28 21:00:00,-120.511,0.0,2.1723,949916.69
2026-01-28 22:00:00,-119.118,0.0,2.1033,949538.13
2026-01-28 23:00:00,-115.799,3.71,1.8816,949554.98
2026-01-29 00:00:00,-110.117,0.0,1.6043,949178.18
2026-01-29 01:00:00,-96.224,153.653,1.3718,948221.66
2026-01-29 02:00:00,-81.846,308.544,1.0473,948895.8
2026-01-29 03:00:00,-65.67,431.024,0.4434,948611.98
2026-01-29 04:00:00,-59.282,529.516,0.4106,948498.0
2026-01-29 05:00:00,-45.656,600.488,0.0,948815.09
2026-01-29 06:00:00,-37.656,619.1,0.0,948503.42
2026-01-29 07:00:00,-27.716,605.789,0.0,948759.34
2026-01-29 08:00:00,-19.386,562.889,0.0,949588.58
2026-01-29 09:00:00,-23.385,459.621,0.0,949335.91
2026-01-29 10:00:00,-27.394,338.296,0.0,949202.54
2026-01-29 11:00:00,-33.436,203.902,0.0,949804.27
2026-01-29 12:00:00,-41.221,50.389,0.0,949514.03
2026-01-29 13:00:00,-47.068,0.0,0.0,949322.62
2026-01-29 14:00:00,-68.976,0.0,0.3845,948919.2
2026-01-29 15:00:00,-71.725,11.549,0.5008,948687.23
2026-01-29 16:00:00,-92.152,1.634,1.1046,947761.44
2026-01-29 17:00:00,-92.14,0.0,1.2122,947742.72
2026-01-29 18:00:00,-102.337,4.58,1.4051,948356.65
2026-01-29 19:00:00,-113.6,0.0,1.8079,948013.11
2026-01-29 20:00:00,-125.856,0.0,2.0911,947808.69
2026-01-29 21:00:00,-121.244,2.811,2.0039,947723.48
2026-01-29 22:00:00,-120.936,0.0,2.0335,947910.61
2026-01-29 23:00:00,-119.423,1.763,1.7768,947995.19
2026-01-30 00:00:00,-115.56,9.565,1.8216,948231.29
2026-01-30 01:00:00,-108.185,59.474,1.663,949606.25
2026-01-30 02:00:00,-93.179,208.504,1.2519,949978.65
2026-01-30 03:00:00,-81.37,347.526,0.8658,949902.55
2026-01-30 04:00:00,-62.601,465.098,0.3612,950951.15
2026-01-30 05:00:00,-52.486,552.817,0.1838,951017.67
2026-01-30 06:00:00,-46.96,603.366,0.0,950726.03
2026-01-30 07:00:00,-32.738,621.928,0.0,951368.99
2026-01-30 08:00:00,-27.033,580.908,0.0,951155.49
2026-01-30 09:00:00,-20.703,528.036,0.0,951219.85
2026-01-30 10:00:00,-24.193,422.153,0.0,951491.49
2026-01-30 11:00:00,-33.501,298.866,0.0,952022.77
2026-01-30 12:00:00,-34.862,145.082,0.0,951111.7
2026-01-30 13:00:00,-53.467,6.643,0.1379,951573.78
2026-01-30 14:00:00,-57.406,6.228,0.0,952208.97
2026-01-30 15:00:00,-64.767,4.798,0.0983,951917.49
2026-01-30 16:00:00,-74.164,0.0,0.5892,951299.64
2026-01-30 17:00:00,-83.969,4.146,0.765,952146.22
2026-01-30 18:00:00,-95.972,2.024,1.062,951532.12
2026-01-30 19:00:00,-108.578,0.0,1.4238,951157.46
2026-01-30 20:00:00,-112.784,0.0,1.6281,950673.31
2026-01-30 21:00:00,-118.73,1.823,1.7526,950841.82
2026-01-30 22:00:00,-123.79,2.78,1.7382,951791.83
2026-01-30 23:00:00,-121.87,0.886,1.8839,951495.31
2026-01-31 00:00:00,-112.737,1.456,1.7691,951419.83
2026-01-31 01:00:00,-109.884,7.368,1.6563,950271.1
2026-01-31 02:00:00,-94.749,116.513,1.2152,951194.41
2026-01-31 03:00:00,-91.613,245.986,1.1764,951328.08
2026-01-31 04:00:00,-75.809,391.881,0.8267,951526.55
2026-01-31 05:00:00,-60.005,500.401,0.4263,951702.26
2026-01-31 06:00:00,-46.5,567.867,0.0,951789.93
2026-01-31 07:00:00,-38.697,615.276,0.0,951265.64
2026-01-31 08:00:00,-28.748,619.53,0.0,951311.92
2026-01-31 09:00:00,-24.591,566.732,0.0,950790.17
2026-01-31 10:00:00,-29.849,495.773,0.0,950678.37
2026-01-31 11:00:00,-26.485,379.523,0.0,951080.69
2026-01-31 12:00:00,-30.992,245.936,0.0,951028.02
2026-01-31 13:00:00,-41.418,105.761,0.0,950738.43
2026-01-31 14:00:00,-56.837,0.0,0.0257,950601.32
2026-01-31 15:00:00,-61.376,2.311,0.204,950585.94
2026-01-31 16:00:00,-69.066,0.0,0.3667,950313.68
2026-01-31 17:00:00,-83.014,9.312,0.818,950807.27
2026-01-31 18:00:00,-88.134,3.013,0.9614,950784.73
2026-01-31 19:00:00,-98.832,0.0,1.3337,950638.14
2026-01-31 20:00:00,-109.195,2.878,1.474,951216.07
2026-01-31 21:00:00,-115.896,0.0,1.7464,950817.31
2026-01-31 22:00:00,-119.135,5.913,1.8491,951552.61
2026-01-31 23:00:00,-121.39,0.0,1.7704,951719.43
2026-02-01 00:00:00,-123.388,0.0,2.0096,951592.7
2026-02-01 01:00:00,-116.951,0.0,1.8019,951423.64
2026-02-01 02:00:00,-109.626,4.057,1.5178,951265.8
2026-02-01 03:00:00,-93.262,166.432,1.0485,950955.16
2026-02-01 04:00:00,-81.927,309.733,0.8024,951127.02
2026-02-01 05:00:00,-65.724,437.307,0.2105,951045.6
2026-02-01 06:00:00,-61.22,531.586,0.2123,950255.59
2026-02-01 07:00:00,-45.819,597.46,0.0,950048.7
2026-02-01 08:00:00,-29.562,617.658,0.0,950152.95
2026-02-01 09:00:00,-31.146,615.741,0.0,950155.11
2026-02-01 10:00:00,-27.679,542.55,0.0,951324.72
2026-02-01 11:00:00,-26.535,466.944,0.0,951202.44
2026-02-01 12:00:00,-23.102,347.972,0.0,951001.84
2026-02-01 13:00:00,-37.673,195.321,0.0,951782.56
2026-02-01 14:00:00,-42.629,56.272,0.0,951192.09
2026-02-01 15:00:00,-51.882,4.977,0.0,951182.53
2026-02-01 16:00:00,-67.924,4.856,0.2414,951685.84
2026-02-01 17:00:00,-72.995,0.14,0.2971,950733.27
2026-02-01 18:00:00,-84.79,0.0,0.8444,951561.92
2026-02-01 19:00:00,-91.835,0.0,0.9386,951128.94
2026-02-01 20:00:00,-98.296,1.953,1.076,949853.9
2026-02-01 21:00:00,-111.955,7.006,1.5849,949274.17
2026-02-01 22:00:00,-117.839,0.907,1.7746,949506.03
2026-02-01 23:00:00,-112.285,0.0,1.5191,949254.45
2026-02-02 00:00:00,-122.129,4.122,1.8898,949564.05
2026-02-02 01:00:00,-121.099,4.606,1.7198,949669.01
2026-02-02 02:00:00,-107.985,3.273,1.3278,949241.82
2026-02-02 03:00:00,-103.882,64.428,1.2643,949820.81
2026-02-02 04:00:00,-90.062,213.117,0.8433,949347.24
2026-02-02 05:00:00,-71.018,349.767,0.4328,949553.85
2026-02-02 06:00:00,-68.025,467.143,0.3202,950343.49
2026-02-02 07:00:00,-51.796,549.948,0.0,950808.43
2026-02-02 08:00:00,-43.568,609.921,0.0,950122.42
2026-02-02 09:00:00,-30.954,619.628,0.0,950765.46
2026-02-02 10:00:00,-28.844,589.116,0.0,950525.85
2026-02-02 11:00:00,-29.251,509.622,0.0,949806.46
2026-02-02 12:00:00,-23.885,417.376,0.0,949581.23
2026-02-02 13:00:00,-30.736,301.062,0.0,950263.09
2026-02-02 14:00:00,-42.161,144.885,0.0,949453.28
2026-02-02 15:00:00,-52.138,1.803,0.0,948774.49
2026-02-02 16:00:00,-56.379,0.0,0.0822,948348.1
2026-02-02 17:00:00,-71.569,7.194,0.3217,949310.51
2026-02-02 18:00:00,-75.982,0.0,0.593,948929.86
2026-02-02 19:00:00,-83.021,1.45,0.7893,949059.87
2026-02-02 20:00:00,-94.687,11.629,0.9792,948245.23
2026-02-02 21:00:00,-107.015,7.582,1.4809,948517.56
2026-02-02 22:00:00,-111.749,0.0,1.4493,948814.66
2026-02-02 23:00:00,-120.712,0.0,1.9257,949597.28
2026-02-03 00:00:00,-118.437,0.0,1.8017,949603.07
2026-02-03 01:00:00,-118.957,2.549,1.775,948825.83
2026-02-03 02:00:00,-118.052,0.0,1.8275,948870.27
2026-02-03 03:00:00,-107.588,0.0,1.7296,948987.39
2026-02-03 04:00:00,-104.926,121.487,1.6915,949523.28
2026-02-03 05:00:00,-89.932,263.959,1.0458,950266.45
2026-02-03 06:00:00,-75.914,409.343,0.714,950138.68
2026-02-03 07:00:00,-61.009,505.939,0.2897,950455.23
2026-02-03 08:00:00,-43.269,589.425,0.0,950572.61
2026-02-03 09:00:00,-34.696,619.822,0.0,950266.9
2026-02-03 10:00:00,-28.783,620.483,0.0,950407.28
2026-02-03 11:00:00,-25.009,569.92,0.0,949478.13
2026-02-03 12:00:00,-24.516,490.109,0.0,949163.36
2026-02-03 13:00:00,-22.649,385.576,0.0,950209.03
2026-02-03 14:00:00,-38.104,252.357,0.0,949494.23
2026-02-03 15:00:00,-39.404,95.759,0.0,949018.68
2026-02-03 16:00:00,-52.116,0.0,0.0,949371.77
2026-02-03 17:00:00,-58.481,0.0,0.189,949092.2
2026-02-03 18:00:00,-67.821,0.0,0.3198,949499.57
2026-02-03 19:00:00,-77.673,0.0,0.6286,949926.02
2026-02-03 20:00:00,-85.263,0.547,0.9077,949322.81
2026-02-03 21:00:00,-103.392,5.625,1.3359,948967.46
2026-02-03 22:00:00,-104.453,0.0,1.5077,948903.73
2026-02-03 23:00:00,-113.379,0.0,1.8594,949722.39
2026-02-04 00:00:00,-118.882,0.0,1.9317,949677.45
2026-02-04 01:00:00,-112.751,0.0,1.9093,948789.08
2026-02-04 02:00:00,-115.369,10.48,1.7844,948860.13
2026-02-04 03:00:00,-115.543,0.0,1.9462,948462.78
2026-02-04 04:00:00,-105.034,8.355,1.6626,949161.62
2026-02-04 05:00:00,-94.855,175.438,1.3807,949442.94
2026-02-04 06:00:00,-82.834,315.0,1.0058,950014.15
2026-02-04 07:00:00,-68.971,441.231,0.5229,950430.03
2026-02-04 08:00:00,-52.513,536.357,0.2692,950218.47
2026-02-04 09:00:00,-42.604,600.217,0.0,950204.6
2026-02-04 10:00:00,-30.204,626.595,0.0,950244.66
2026-02-04 11:00:00,-20.832,602.591,0.0,950598.2
2026-02-04 12:00:00,-19.536,555.784,0.0,950303.55
2026-02-04 13:00:00,-14.292,453.672,0.0,949714.63
2026-02-04 14:00:00,-23.467,341.572,0.0,949894.0
2026-02-04 15:00:00,-26.298,198.251,0.0,949604.23
2026-02-04 16:00:00,-37.065,38.942,0.0,949822.28
2026-02-04 17:00:00,-43.944,0.0,0.0,949847.19
2026-02-04 18:00:00,-52.182,0.0,0.0951,949891.87
2026-02-04 19:00:00,-74.27,0.0,0.7807,949080.32
2026-02-04 20:00:00,-78.784,0.0,0.7285,949050.35
2026-02-04 21:00:00,-90.515,0.0,1.1919,949331.74
2026-02-04 22:00:00,-99.334,1.614,1.4338,948129.64
2026-02-04 23:00:00,-108.64,0.0,1.7454,948121.45
2026-02-05 00:00:00,-114.685,3.56,1.8938,948394.11
2026-02-05 01:00:00,-119.136,0.0,1.9313,948154.0
2026-02-05 02:00:00,-116.015,0.0,1.9333,948138.28
2026-02-05 03:00:00,-110.809,0.0,1.7874,948153.53
2026-02-05 04:00:00,-110.02,6.626,1.7749,947830.65
2026-02-05 05:00:00,-101.004,65.936,1.6478,947353.7
2026-02-05 06:00:00,-89.423,217.513,1.0511,948033.99
2026-02-05 07:00:00,-77.124,361.258,0.8978,947848.65
2026-02-05 08:00:00,-61.528,465.271,0.5626,946791.69
2026-02-05 09:00:00,-46.613,561.924,0.17,946891.16
2026-02-05 10:00:00,-32.374,622.17,0.0,947229.4
2026-02-05 11:00:00,-31.968,623.362,0.0,947671.82
2026-02-05 12:00:00,-23.533,593.349,0.0,948304.06
2026-02-05 13:00:00,-17.874,527.762,0.0,947203.96
2026-02-05 14:00:00,-25.73,427.6,0.0,947499.07
2026-02-05 15:00:00,-23.392,283.9,0.0,947664.41
2026-02-05 16:00:00,-36.551,137.247,0.0,948008.94
2026-02-05 17:00:00,-43.468,1.051,0.0,947600.33
2026-02-05 18:00:00,-54.909,0.0,0.0935,947184.61
2026-02-05 19:00:00,-62.761,6.56,0.2003,947261.97
2026-02-05 20:00:00,-69.697,0.0,0.7045,947410.5
2026-02-05 21:00:00,-85.179,0.0,1.0465,947396.47
2026-02-05 22:00:00,-92.246,0.0,1.2231,948126.01
2026-02-05 23:00:00,-102.952,0.0,1.5361,949079.56
2026-02-06 00:00:00,-112.903,0.0,1.72,948778.12
2026-02-06 01:00:00,-116.133,0.0,1.8912,948485.65
2026-02-06 02:00:00,-118.517,0.0,1.84,948976.58
2026-02-06 03:00:00,-121.335,5.394,1.8322,949061.19
2026-02-06 04:00:00,-112.445,5.993,1.8067,948348.94
2026-02-06 05:00:00,-106.932,0.0,1.7882,949078.35
2026-02-06 06:00:00,-95.974,107.269,1.5086,948968.12
2026-02-06 07:00:00,-80.427,271.834,0.9494,949582.33
2026-02-06 08:00:00,-67.632,404.994,0.6034,949916.68
2026-02-06 09:00:00,-59.231,511.277,0.2742,949858.16
2026-02-06 10:00:00,-46.552,589.248,0.1994,950270.34
2026-02-06 11:00:00,-33.037,615.403,0.0,951200.07
2026-02-06 12:00:00,-26.352,628.046,0.0,951136.51
2026-02-06 13:00:00,-23.504,570.074,0.0,950920.34
2026-02-06 14:00:00,-24.654,498.358,0.0,951331.69
2026-02-06 15:00:00,-26.804,373.967,0.0,951783.84
2026-02-06 16:00:00,-29.024,240.837,0.0,950818.53
2026-02-06 17:00:00,-45.32,100.286,0.0,950003.78
2026-02-06 18:00:00,-56.191,0.0,0.1501,948934.26
2026-02-06 19:00:00,-55.304,4.2,0.0,948486.34
2026-02-06 20:00:00,-69.668,1.185,0.4842,949224.01
2026-02-06 21:00:00,-77.443,0.0,0.6545,949059.0
2026-02-06 22:00:00,-84.901,6.819,1.0174,948799.89
2026-02-06 23:00:00,-102.465,0.0,1.693,948515.25
2026-02-07 00:00:00,-112.298,0.0,1.6913,948416.72
2026-02-07 01:00:00,-114.315,0.0,1.8716,948537.52
2026-02-07 02:00:00,-119.388,2.756,2.0044,948619.09
2026-02-07 03:00:00,-118.206,1.978,1.917,948405.81
2026-02-07 04:00:00,-114.987,0.0,1.9112,948720.94
2026-02-07 05:00:00,-111.257,0.0,1.6992,947886.55
2026-02-07 06:00:00,-105.153,10.777,1.6434,947907.81
2026-02-07 07:00:00,-90.809,169.049,1.2272,947805.24
2026-02-07 08:00:00,-78.702,310.173,1.0242,947414.92
2026-02-07 09:00:00,-67.867,439.63,0.5708,946794.53
2026-02-07 10:00:00,-52.67,536.273,0.1164,946529.22
2026-02-07 11:00:00,-46.93,606.065,0.0,946643.96
2026-02-07 12:00:00,-29.879,629.664,0.0,946381.63
2026-02-07 13:00:00,-25.935,607.905,0.0,946235.67
2026-02-07 14:00:00,-26.859,550.385,0.0,945961.59
2026-02-07 15:00:00,-25.004,461.082,0.0,946502.18
2026-02-07 16:00:00,-24.122,334.596,0.0,946452.44
2026-02-07 17:00:00,-36.543,189.357,0.0,946336.18
2026-02-07 18:00:00,-42.491,34.187,0.0,946353.54
2026-02-07 19:00:00,-49.781,0.0,0.0,946263.25
2026-02-07 20:00:00,-61.778,0.0,0.1289,947476.96
2026-02-07 21:00:00,-74.895,0.81,0.66,947299.13
2026-02-07 22:00:00,-83.031,3.649,0.9095,947117.49
2026-02-07 23:00:00,-97.227,0.0,1.2545,947317.31
2026-02-08 00:00:00,-103.15,0.126,1.4609,947009.74
2026-02-08 01:00:00,-112.701,0.0,1.5958,947232.69
2026-02-08 02:00:00,-115.103,1.708,1.8581,946340.8
2026-02-08 03:00:00,-121.995,0.0,2.0565,946438.66
2026-02-08 04:00:00,-117.74,0.0,1.9729,946384.33
2026-02-08 05:00:00,-111.977,0.0,1.9169,947047.52
2026-02-08 06:00:00,-107.535,0.147,1.8422,946831.19
2026-02-08 07:00:00,-106.565,73.037,1.7384,946288.51
2026-02-08 08:00:00,-92.727,211.614,1.3769,946474.28
2026-02-08 09:00:00,-74.141,364.844,0.7809,947025.11
2026-02-08 10:00:00,-60.917,486.064,0.5702,946994.05
2026-02-08 11:00:00,-52.212,565.361,0.2239,946797.02
2026-02-08 12:00:00,-40.896,618.342,0.0,946977.37
2026-02-08 13:00:00,-30.4,621.794,0.0,947123.21
2026-02-08 14:00:00,-30.347,594.054,0.0,946807.45
2026-02-08 15:00:00,-21.324,517.484,0.0,947025.83
2026-02-08 16:00:00,-20.717,410.857,0.0,947881.14
2026-02-08 17:00:00,-30.076,296.983,0.0,949237.56
2026-02-08 18:00:00,-41.291,138.145,0.0,949646.38
2026-02-08 19:00:00,-42.673,0.0,0.0,950030.28
2026-02-08 20:00:00,-54.445,0.0,0.0,949162.94
2026-02-08 21:00:00,-63.371,0.0,0.5531,948512.12
2026-02-08 22:00:00,-80.095,0.0,0.8432,948318.39
2026-02-08 23:00:00,-90.56,0.0,1.0932,948269.39
2026-02-09 00:00:00,-95.159,1.89,1.3057,948431.23
2026-02-09 01:00:00,-101.649,2.263,1.439,948315.47
2026-02-09 02:00:00,-114.808,1.604,1.8769,947882.99
2026-02-09 03:00:00,-116.431,1.193,1.9467,948325.15
2026-02-09 04:00:00,-122.586,7.889,2.2376,948553.64
2026-02-09 05:00:00,-119.598,0.0,2.2982,948854.0
2026-02-09 06:00:00,-114.947,0.0,2.0111,948138.04
2026-02-09 07:00:00,-106.57,5.663,1.7428,948644.88
2026-02-09 08:00:00,-103.51,128.077,1.6319,948356.94
2026-02-09 09:00:00,-80.281,265.864,1.1343,948265.12
2026-02-09 10:00:00,-70.588,405.021,0.6725,948435.98
2026-02-09 11:00:00,-52.403,520.745,0.2732,949046.61
2026-02-09 12:00:00,-41.751,590.691,0.0,948594.59
2026-02-09 13:00:00,-30.406,625.353,0.0,948814.76
2026-02-09 14:00:00,-19.266,619.199,0.0,949066.44
2026-02-09 15:00:00,-23.553,574.225,0.0,948528.75
2026-02-09 16:00:00,-19.654,496.232,0.0,948848.32
2026-02-09 17:00:00,-25.531,380.215,0.0,948623.93
2026-02-09 18:00:00,-28.536,243.303,0.0,948566.12
2026-02-09 19:00:00,-34.381,90.207,0.0,948620.1
2026-02-09 20:00:00,-43.24,0.0,0.0,948773.06
2026-02-09 21:00:00,-56.158,2.661,0.2153,949888.15
2026-02-09 22:00:00,-67.855,14.571,0.4657,949968.43
2026-02-09 23:00:00,-74.897,0.0,0.8205,949190.53
2026-02-10 00:00:00,-87.979,1.62,1.078,949457.88
2026-02-10 01:00:00,-97.001,0.0,1.2587,949065.67
2026-02-10 02:00:00,-101.434,2.887,1.4319,949227.71
2026-02-10 03:00:00,-108.082,0.233,1.5905,949643.28
2026-02-10 04:00:00,-110.606,3.809,1.6423,949028.01
2026-02-10 05:00:00,-115.063,5.878,1.7337,949177.63
2026-02-10 06:00:00,-109.467,0.962,1.614,948784.35
2026-02-10 07:00:00,-107.947,5.66,1.7277,949136.03
2026-02-10 08:00:00,-102.161,5.371,1.479,949468.48
2026-02-10 09:00:00,-92.192,182.813,1.2106,949588.17
2026-02-10 10:00:00,-81.639,323.232,0.9117,949983.74
2026-02-10 11:00:00,-65.707,452.508,0.3985,949747.48
2026-02-10 12:00:00,-47.712,537.924,0.0,949882.54
2026-02-10 13:00:00,-39.048,601.656,0.0,950121.96
2026-02-10 14:00:00,-32.248,629.214,0.0,950589.96
2026-02-10 15:00:00,-22.223,610.492,0.0,950864.78
2026-02-10 16:00:00,-17.193,554.656,0.0,950602.44
2026-02-10 17:00:00,-16.545,465.595,0.0,950389.86
2026-02-10 18:00:00,-21.456,328.551,0.0,950577.69
2026-02-10 19:00:00,-28.257,197.651,0.0,950070.33
2026-02-10 20:00:00,-39.174,35.761,0.0,949897.37
2026-02-10 21:00:00,-43.904,0.0,0.0,949016.11
2026-02-10 22:00:00,-55.86,0.0,0.1171,948665.28
2026-02-10 23:00:00,-65.925,2.515,0.2167,948718.82
2026-02-11 00:00:00,-73.159,0.0,0.3799,948460.63
2026-02-11 01:00:00,-84.49,3.242,0.7344,949461.52
2026-02-11 02:00:00,-96.78,0.0,1.1071,949411.33
2026-02-11 03:00:00,-104.113,0.267,1.3523,950070.25
2026-02-11 04:00:00,-109.85,0.0,1.4552,950182.13
2026-02-11 05:00:00,-117.501,5.848,1.8013,950232.35
2026-02-11 06:00:00,-108.468,0.0,1.5082,950603.13
2026-02-11 07:00:00,-111.532,0.0,1.634,949955.53
2026-02-11 08:00:00,-101.956,0.0,1.3375,950874.69
2026-02-11 09:00:00,-94.736,77.891,1.2716,951029.76
2026-02-11 10:00:00,-77.859,229.491,0.7807,950639.81
2026-02-11 11:00:00,-66.778,365.536,0.3778,951408.13
2026-02-11 12:00:00,-51.591,483.225,0.0,951676.39
2026-02-11 13:00:00,-43.866,562.248,0.0,951032.35
2026-02-11 14:00:00,-35.323,620.9,0.0,951757.52
2026-02-11 15:00:00,-22.387,619.07,0.0,951379.47
2026-02-11 16:00:00,-22.947,599.996,0.0,952356.4
2026-02-11 17:00:00,-16.446,526.743,0.0,952236.71
2026-02-11 18:00:00,-20.166,433.917,0.0,950901.39
2026-02-11 19:00:00,-24.376,285.102,0.0,950577.61
2026-02-11 20:00:00,-28.368,139.928,0.0,950616.19
2026-02-11 21:00:00,-38.435,8.991,0.0,950433.46
2026-02-11 22:00:00,-49.352,5.957,0.0,950145.15
2026-02-11 23:00:00,-58.271,0.0,0.0274,950579.41
2026-02-12 00:00:00,-71.577,1.12,0.3522,950943.28
2026-02-12 01:00:00,-74.209,0.01,0.4926,951267.0
2026-02-12 02:00:00,-91.024,1.41,0.8352,951081.71
2026-02-12 03:00:00,-102.249,0.0,1.2089,951618.65
2026-02-12 04:00:00,-104.69,0.0,1.3424,950771.15
2026-02-12 05:00:00,-108.656,0.0,1.4783,949806.17
2026-02-12 06:00:00,-116.593,0.676,1.6655,949754.6
2026-02-12 07:00:00,-118.192,2.25,1.5884,950333.12
2026-02-12 08:00:00,-114.131,0.0,1.4477,950629.75
2026-02-12 09:00:00,-106.804,0.0,1.4633,951480.89
2026-02-12 10:00:00,-94.016,130.529,1.1495,951166.36
2026-02-12 11:00:00,-85.698,279.027,0.9123,950755.87
2026-02-12 12:00:00,-67.64,407.311,0.4401,951899.18
2026-02-12 13:00:00,-53.941,516.754,0.1917,951663.87
2026-02-12 14:00:00,-40.368,584.423,0.0,951657.98
2026-02-12 15:00:00,-29.147,622.354,0.0,952721.67
2026-02-12 16:00:00,-22.699,619.832,0.0,952846.59
2026-02-12 17:00:00,-14.655,583.504,0.0,952387.1
2026-02-12 18:00:00,-16.4,491.717,0.0,952254.42
2026-02-12 19:00:00,-21.275,383.699,0.0,952085.69
2026-02-12 20:00:00,-31.119,238.807,0.0,952163.26
2026-02-12 21:00:00,-39.14,88.127,0.0,952444.31
2026-02-12 22:00:00,-50.554,0.0,0.0,952738.53
2026-02-12 23:00:00,-55.003,4.365,0.1285,952695.05
2026-02-13 00:00:00,-64.795,0.0,0.2098,952208.63
2026-02-13 01:00:00,-74.338,0.0,0.6847,952088.19
2026-02-13 02:00:00,-86.618,0.0,0.7516,952715.79
2026-02-13 03:00:00,-93.844,0.0,1.1082,952481.23
2026-02-13 04:00:00,-101.699,0.0,1.3032,951642.61
2026-02-13 05:00:00,-114.556,2.051,1.561,951078.01
2026-02-13 06:00:00,-116.941,0.0,1.7454,951543.55
2026-02-13 07:00:00,-116.727,11.873,1.8065,951043.64
2026-02-13 08:00:00,-117.633,0.0,1.7719,951535.96
2026-02-13 09:00:00,-111.529,1.018,1.7822,951237.64
2026-02-13 10:00:00,-103.158,14.887,1.4122,952294.54
2026-02-13 11:00:00,-92.451,176.393,1.1427,951645.1
2026-02-13 12:00:00,-78.772,326.368,0.8751,951683.5
2026-02-13 13:00:00,-68.791,439.824,0.455,951685.36
2026-02-13 14:00:00,-51.56,549.288,0.0,952207.43
2026-02-13 15:00:00,-39.829,618.889,0.0,952458.04
2026-02-13 16:00:00,-34.972,629.035,0.0,952114.83
2026-02-13 17:00:00,-29.97,613.766,0.0,951071.45
2026-02-13 18:00:00,-19.17,559.205,0.0,950005.68
2026-02-13 19:00:00,-18.298,459.087,0.0,950533.92
2026-02-13 20:00:00,-26.605,333.119,0.0,950382.19
2026-02-13 21:00:00,-35.933,179.05,0.0,950742.74
2026-02-13 22:00:00,-40.798,35.724,0.0,951114.56
2026-02-13 23:00:00,-51.537,0.0,0.0,950279.68
2026-02-14 00:00:00,-63.147,0.0,0.2651,950205.91
2026-02-14 01:00:00,-70.153,0.633,0.5068,950460.47
2026-02-14 02:00:00,-85.921,0.0,0.9011,950403.26
2026-02-14 03:00:00,-95.63,0.0,1.1562,950293.75
2026-02-14 04:00:00,-102.498,3.031,1.4125,950711.43
2026-02-14 05:00:00,-110.745,0.0,1.696,951151.69
2026-02-14 06:00:00,-115.019,5.237,1.8721,951641.45
2026-02-14 07:00:00,-116.459,0.0,1.9533,951406.16
2026-02-14 08:00:00,-124.907,0.0,1.9199,951316.68
2026-02-14 09:00:00,-117.492,9.615,1.9809,951246.68
2026-02-14 10:00:00,-106.771,5.637,1.5548,950880.68
2026-02-14 11:00:00,-104.995,75.673,1.6431,950354.64
2026-02-14 12:00:00,-92.852,226.241,1.1125,950599.91
2026-02-14 13:00:00,-83.971,369.162,1.1034,950287.62
2026-02-14 14:00:00,-63.278,489.046,0.2639,950560.32
2026-02-14 15:00:00,-49.754,574.197,0.1205,949863.41
2026-02-14 16:00:00,-39.086,621.828,0.0,949955.83
2026-02-14 17:00:00,-35.078,630.224,0.0,950583.2
2026-02-14 18:00:00,-27.195,596.696,0.0,950845.27
2026-02-14 19:00:00,-24.787,519.344,0.0,951247.46
2026-02-14 20:00:00,-26.886,418.748,0.0,951569.42
2026-02-14 21:00:00,-34.334,293.46,0.0,952159.36
2026-02-14 22:00:00,-39.264,130.931,0.0,952411.56
2026-02-14 23:00:00,-51.907,0.0,0.0,952255.22
2026-02-15 00:00:00,-63.875,0.0,0.3513,951874.96
2026-02-15 01:00:00,-65.991,0.557,0.347,951957.27
2026-02-15 02:00:00,-78.057,0.0,0.6444,952108.58
2026-02-15 03:00:00,-87.398,7.387,0.9731,952499.48
2026-02-15 04:00:00,-100.481,2.533,1.3371,951857.34
2026-02-15 05:00:00,-105.619,0.0,1.5211,952203.66
2026-02-15 06:00:00,-110.862,3.356,1.6016,951582.62
2026-02-15 07:00:00,-113.397,0.0,1.7677,951059.42
2026-02-15 08:00:00,-118.083,0.0,1.9013,950679.33
2026-02-15 09:00:00,-118.651,1.569,1.9258,950356.77
2026-02-15 10:00:00,-120.059,0.0,2.1334,950328.47
2026-02-15 11:00:00,-110.237,4.464,1.7283,950638.71
2026-02-15 12:00:00,-103.242,125.564,1.5618,949935.41
2026-02-15 13:00:00,-88.303,278.346,1.142,949833.38
2026-02-15 14:00:00,-66.404,412.007,0.5762,950398.71
2026-02-15 15:00:00,-61.875,519.507,0.4203,950814.48
2026-02-15 16:00:00,-53.229,601.161,0.2254,951514.98
2026-02-15 17:00:00,-33.993,633.683,0.0,951297.74
2026-02-15 18:00:00,-30.89,633.25,0.0,951236.43
2026-02-15 19:00:00,-22.213,589.86,0.0,950736.5
2026-02-15 20:00:00,-27.53,489.827,0.0,950836.34
2026-02-15 21:00:00,-28.459,379.818,0.0,950799.99
2026-02-15 22:00:00,-30.074,233.553,0.0,950545.35
2026-02-15 23:00:00,-46.971,80.037,0.0,951439.97
2026-02-16 00:00:00,-52.728,0.0,0.0,951078.83
2026-02-16 01:00:00,-60.625,0.0,0.0,951050.74
2026-02-16 02:00:00,-73.945,0.0,0.6778,949569.17
2026-02-16 03:00:00,-82.092,0.0,0.8579,950099.39
2026-02-16 04:00:00,-93.33,0.0,1.1415,949932.35
2026-02-16 05:00:00,-101.615,4.211,1.2436,949683.28
2026-02-16 06:00:00,-105.595,0.0,1.397,949786.98
2026-02-16 07:00:00,-108.637,14.048,1.5419,948891.85
2026-02-16 08:00:00,-119.232,0.0,2.0256,948604.75
2026-02-16 09:00:00,-122.07,0.36,2.0556,948973.65
2026-02-16 10:00:00,-119.446,0.0,1.9146,948758.44
2026-02-16 11:00:00,-117.105,8.53,1.9216,949137.36
2026-02-16 12:00:00,-114.272,29.587,1.7566,949352.86
2026-02-16 13:00:00,-97.147,184.357,1.3203,948329.15
2026-02-16 14:00:00,-80.17,323.231,0.9641,948961.34
2026-02-16 15:00:00,-73.738,456.821,0.6845,949716.29
2026-02-16 16:00:00,-58.955,546.547,0.2537,949998.13
2026-02-16 17:00:00,-46.1,620.209,0.0381,949730.34
2026-02-16 18:00:00,-34.285,638.116,0.0,949419.25
2026-02-16 19:00:00,-21.619,614.777,0.0,950341.81
2026-02-16 20:00:00,-28.344,542.678,0.0,951112.45
2026-02-16 21:00:00,-25.935,454.667,0.0,950000.15
2026-02-16 22:00:00,-29.173,338.058,0.0,950688.6
2026-02-16 23:00:00,-36.872,194.097,0.0,949735.82
2026-02-17 00:00:00,-45.983,34.832,0.0,950386.84
2026-02-17 01:00:00,-56.228,0.0,0.2202,950697.39
2026-02-17 02:00:00,-55.533,1.508,0.1652,949929.43
2026-02-17 03:00:00,-71.727,5.078,0.4955,950148.89
2026-02-17 04:00:00,-86.107,0.0,0.8029,951313.82
2026-02-17 05:00:00,-91.174,0.0,1.0378,951503.24
2026-02-17 06:00:00,-102.756,1.369,1.2696,951404.71
2026-02-17 07:00:00,-110.667,0.0,1.5236,951417.0
2026-02-17 08:00:00,-116.395,0.0,1.8182,951302.0
2026-02-17 09:00:00,-119.261,0.0,1.819,951697.78
2026-02-17 10:00:00,-122.113,0.0,1.9696,950716.09
2026-02-17 11:00:00,-121.176,0.0,2.0878,950798.63
2026-02-17 12:00:00,-109.321,0.0,1.7207,950643.31
2026-02-17 13:00:00,-102.246,76.65,1.5012,951010.27
2026-02-17 14:00:00,-85.956,234.888,1.0542,951338.21
2026-02-17 15:00:00,-77.975,378.357,0.8085,952454.06
2026-02-17 16:00:00,-65.143,491.409,0.57,951948.77
2026-02-17 17:00:00,-47.141,575.852,0.0381,951821.51
2026-02-17 18:00:00,-39.452,626.023,0.0,951783.5
2026-02-17 19:00:00,-27.84,623.228,0.0,951814.5
2026-02-17 20:00:00,-25.086,601.626,0.0,951215.0
2026-02-17 21:00:00,-17.738,526.946,0.0,950989.68
2026-02-17 22:00:00,-22.218,420.821,0.0,950691.67
2026-02-17 23:00:00,-28.606,291.925,0.0,949769.12
2026-02-18 00:00:00,-36.165,125.301,0.0,950677.07
2026-02-18 01:00:00,-48.801,0.0,0.0,949704.73
2026-02-18 02:00:00,-61.34,1.369,0.4476,950052.99
2026-02-18 03:00:00,-65.153,0.0,0.5124,949928.24
2026-02-18 04:00:00,-70.59,0.851,0.4688,949752.83
2026-02-18 05:00:00,-94.182,0.0,1.1945,949121.71
2026-02-18 06:00:00,-95.941,3.322,1.3559,949756.02
2026-02-18 07:00:00,-110.788,4.663,1.6679,949029.39
2026-02-18 08:00:00,-113.216,2.42,1.8466,949071.26
2026-02-18 09:00:00,-116.991,0.0,1.8572,949007.73
2026-02-18 10:00:00,-117.5,0.0,1.8434,948300.96
2026-02-18 11:00:00,-118.63,3.846,2.0681,947428.41
2026-02-18 12:00:00,-112.096,6.109,1.7694,947520.3
2026-02-18 13:00:00,-106.391,3.223,1.8544,948275.22
2026-02-18 14:00:00,-99.598,128.907,1.5275,948758.87
2026-02-18 15:00:00,-82.334,289.049,0.9273,949607.6
2026-02-18 16:00:00,-73.313,423.927,0.8196,948752.73
2026-02-18 17:00:00,-60.459,534.281,0.3786,948895.52
2026-02-18 18:00:00,-50.522,594.985,0.1444,948587.16
2026-02-18 19:00:00,-32.769,632.416,0.0,948225.32
2026-02-18 20:00:00,-30.192,630.56,0.0,949047.01
2026-02-18 21:00:00,-33.035,579.909,0.0,948614.24
2026-02-18 22:00:00,-23.685,489.4,0.0,948378.66
2026-02-18 23:00:00,-29.134,380.451,0.0,948217.23
2026-02-19 00:00:00,-35.124,240.216,0.0,948801.15
2026-02-19 01:00:00,-43.737,81.366,0.0,948802.91
2026-02-19 02:00:00,-53.007,1.098,0.1566,949461.03
2026-02-19 03:00:00,-53.024,0.0,0.054,949219.68
2026-02-19 04:00:00,-65.917,7.391,0.3467,949420.96
2026-02-19 05:00:00,-79.657,0.0,0.7664,948870.47
2026-02-19 06:00:00,-91.053,0.0,1.187,949092.11
2026-02-19 07:00:00,-97.23,0.055,1.2697,949359.91
2026-02-19 08:00:00,-108.226,4.395,1.4636,949095.29
2026-02-19 09:00:00,-112.394,0.0,1.8337,948856.74
2026-02-19 10:00:00,-116.349,0.0,1.8545,949219.15
2026-02-19 11:00:00,-118.979,0.0,1.8627,948818.87
2026-02-19 12:00:00,-115.025,0.163,1.7269,949475.99
2026-02-19 13:00:00,-114.997,0.0,1.892,948411.91
2026-02-19 14:00:00,-106.324,25.557,1.7709,947795.82
2026-02-19 15:00:00,-96.906,190.205,1.3108,948308.08
2026-02-19 16:00:00,-83.222,331.059,1.0619,948479.65
2026-02-19 17:00:00,-74.075,461.223,0.9805,948777.03
2026-02-19 18:00:00,-52.83,554.677,0.3205,947538.1
2026-02-19 19:00:00,-40.754,619.737,0.0,947717.64
2026-02-19 20:00:00,-30.303,639.16,0.0,947410.03
2026-02-19 21:00:00,-30.53,612.615,0.0,946735.1
2026-02-19 22:00:00,-23.214,554.737,0.0,946257.9
2026-02-19 23:00:00,-24.671,464.421,0.0,946030.32
2026-02-20 00:00:00,-26.01,335.129,0.0,946710.01
2026-02-20 01:00:00,-37.556,178.608,0.0,946348.44
2026-02-20 02:00:00,-46.577,29.301,0.0,946806.46
2026-02-20 03:00:00,-58.582,0.0,0.1001,947437.45
2026-02-20 04:00:00,-64.762,7.063,0.5213,947137.34
2026-02-20 05:00:00,-73.365,5.12,0.4316,946888.66
2026-02-20 06:00:00,-83.582,1.449,0.958,947029.05
2026-02-20 07:00:00,-99.013,0.786,1.3423,946720.24
2026-02-20 08:00:00,-104.595,0.0,1.5119,947387.23
2026-02-20 09:00:00,-110.546,3.393,1.5897,947261.57
2026-02-20 10:00:00,-111.996,0.0,1.7558,948849.2
2026-02-20 11:00:00,-121.826,1.178,2.1255,948493.52
2026-02-20 12:00:00,-118.252,4.36,2.0144,948774.56
2026-02-20 13:00:00,-119.487,0.0,1.9982,949829.39
2026-02-20 14:00:00,-113.557,0.0,1.8686,949329.61
2026-02-20 15:00:00,-105.877,76.596,1.663,949597.38
2026-02-20 16:00:00,-93.251,233.914,1.4143,949671.11
2026-02-20 17:00:00,-77.695,371.332,1.0101,949982.06
2026-02-20 18:00:00,-59.148,500.808,0.4905,949877.84
2026-02-20 19:00:00,-51.729,590.798,0.2576,949257.59
2026-02-20 20:00:00,-41.348,635.918,0.0,948404.52
2026-02-20 21:00:00,-30.078,627.101,0.0,947736.44
2026-02-20 22:00:00,-25.467,604.277,0.0,948273.04
2026-02-20 23:00:00,-24.082,534.394,0.0,948766.7
2026-02-21 00:00:00,-25.065,417.572,0.0,949081.98
2026-02-21 01:00:00,-33.897,285.813,0.0,949784.76
2026-02-21 02:00:00,-41.804,122.277,0.0,949245.83
2026-02-21 03:00:00,-45.409,1.334,0.0197,949161.55
2026-02-21 04:00:00,-57.238,0.0,0.3396,948386.67
2026-02-21 05:00:00,-65.129,0.998,0.3963,948190.45
2026-02-21 06:00:00,-74.59,0.0,0.7284,948916.76
2026-02-21 07:00:00,-86.489,2.714,1.2335,948933.69
2026-02-21 08:00:00,-103.439,5.123,1.4863,949526.1
2026-02-21 09:00:00,-108.641,0.0,1.6526,949496.42
2026-02-21 10:00:00,-111.796,0.0,1.7804,949474.84
2026-02-21 11:00:00,-117.734,0.0,2.0433,949782.13
2026-02-21 12:00:00,-119.927,0.0,2.2997,949982.88
2026-02-21 13:00:00,-124.356,0.0,2.3486,949827.93
2026-02-21 14:00:00,-117.095,0.0,2.257,949153.19
2026-02-21 15:00:00,-108.788,2.265,1.7905,948728.05
2026-02-21 16:00:00,-101.593,134.941,1.6751,948977.34
2026-02-21 17:00:00,-81.809,284.542,1.1535,948286.75
2026-02-21 18:00:00,-71.073,421.173,1.0065,948541.58
2026-02-21 19:00:00,-63.265,535.967,0.6655,949732.53
2026-02-21 20:00:00,-47.038,606.038,0.1946,948721.3
2026-02-21 21:00:00,-36.534,635.854,0.0,947939.43
2026-02-21 22:00:00,-29.064,631.984,0.0,948546.1
2026-02-21 23:00:00,-20.417,574.856,0.0,948363.4
2026-02-22 00:00:00,-22.518,495.094,0.0,948770.12
2026-02-22 01:00:00,-31.73,377.972,0.0,948687.8
2026-02-22 02:00:00,-38.723,232.815,0.0,949357.25
2026-02-22 03:00:00,-44.072,80.07,0.0,948557.44
2026-02-22 04:00:00,-52.545,0.0,0.1819,948846.42
2026-02-22 05:00:00,-58.975,2.549,0.1518,948504.83
2026-02-22 06:00:00,-66.689,2.759,0.5012,949253.38
2026-02-22 07:00:00,-77.011,0.0,0.6968,949921.54
2026-02-22 08:00:00,-94.177,5.952,1.358,949830.54
2026-02-22 09:00:00,-100.161,0.0,1.519,950007.1
2026-02-22 10:00:00,-109.884,0.0,1.845,950268.83
2026-02-22 11:00:00,-120.04,5.127,2.1921,950590.27
2026-02-22 12:00:00,-125.801,0.0,2.3921,951176.04
2026-02-22 13:00:00,-120.492,0.0,2.1535,950856.25
2026-02-22 14:00:00,-123.191,0.0,2.1347,950929.78
2026-02-22 15:00:00,-116.139,5.135,2.2674,951517.37
2026-02-22 16:00:00,-109.244,0.0,1.9043,952152.9
2026-02-22 17:00:00,-96.314,44.735,1.5581,952291.78
2026-02-22 18:00:00,-82.709,69.038,1.3192,952105.46
2026-02-22 19:00:00,-75.055,89.103,0.96,952628.89
2026-02-22 20:00:00,-65.291,111.765,0.5966,952098.67
2026-02-22 21:00:00,-60.394,121.806,0.676,951685.96
2026-02-22 22:00:00,-44.192,135.243,0.001,951693.43
2026-02-22 23:00:00,-39.277,130.141,0.0179,951650.94
2026-02-23 00:00:00,-37.796,105.282,0.0,952336.4
2026-02-23 01:00:00,-30.796,91.904,0.0,951673.56
2026-02-23 02:00:00,-38.685,63.582,0.0,950591.13
2026-02-23 03:00:00,-41.247,43.955,0.0,950604.71
2026-02-23 04:00:00,-46.651,0.0,0.0368,951333.43
2026-02-23 05:00:00,-54.852,8.021,0.407,951746.97
2026-02-23 06:00:00,-61.145,0.0,0.4913,950811.44
2026-02-23 07:00:00,-71.83,0.0,0.8124,951649.9
2026-02-23 08:00:00,-80.81,0.0,1.029,951219.02
2026-02-23 09:00:00,-92.471,0.0,1.2567,951231.78
2026-02-23 10:00:00,-103.114,0.0,1.5069,951686.42
2026-02-23 11:00:00,-111.017,0.474,1.9294,951784.67
2026-02-23 12:00:00,-113.723,0.0,1.873,951454.32
2026-02-23 13:00:00,-118.396,0.0,2.0202,951514.28
2026-02-23 14:00:00,-118.27,0.0,2.0786,951565.95
2026-02-23 15:00:00,-113.898,0.0,1.8427,952314.93
2026-02-23 16:00:00,-110.276,0.0,1.8074,951717.42
2026-02-23 17:00:00,-100.13,81.746,1.5267,951858.23
2026-02-23 18:00:00,-90.151,239.035,1.1853,951263.54
2026-02-23 19:00:00,-70.035,394.797,0.6758,951987.36
2026-02-23 20:00:00,-64.276,501.643,0.6298,953108.77
2026-02-23 21:00:00,-46.318,586.795,0.2196,952709.01
2026-02-23 22:00:00,-38.675,623.09,0.0,952211.42
2026-02-23 23:00:00,-26.092,634.302,0.0,953948.12
2026-02-24 00:00:00,-21.188,603.079,0.0,954385.61
2026-02-24 01:00:00,-22.556,522.432,0.0,954265.7
2026-02-24 02:00:00,-20.1,423.573,0.0,954666.12
2026-02-24 03:00:00,-30.568,277.426,0.0,954474.88
2026-02-24 04:00:00,-35.782,128.097,0.0,954504.29
2026-02-24 05:00:00,-50.369,0.0,0.0708,953814.63
2026-02-24 06:00:00,-55.795,0.822,0.0193,953251.56
2026-02-24 07:00:00,-69.458,0.0,0.381,953629.16
2026-02-24 08:00:00,-77.105,0.0,0.6764,953231.71
2026-02-24 09:00:00,-88.797,0.0,1.0928,952972.96
2026-02-24 10:00:00,-95.752,0.0,1.2458,953109.32
2026-02-24 11:00:00,-109.002,2.425,1.6474,952776.41
2026-02-24 12:00:00,-103.991,1.192,1.4747,953032.59
2026-02-24 13:00:00,-121.634,0.0,1.9588,952915.97
2026-02-24 14:00:00,-118.32,0.0,1.921,951698.06
2026-02-24 15:00:00,-117.395,3.983,1.9107,952307.86
2026-02-24 16:00:00,-113.455,0.0,1.8955,952326.83
2026-02-24 17:00:00,-110.633,0.0,1.7872,952609.3
2026-02-24 18:00:00,-96.92,141.616,1.4162,952698.27
2026-02-24 19:00:00,-85.295,302.643,1.154,952943.88
2026-02-24 20:00:00,-64.617,421.549,0.5926,952768.84
2026-02-24 21:00:00,-58.967,538.551,0.5166,952866.09
2026-02-24 22:00:00,-46.102,597.171,0.0,953075.94
2026-02-24 23:00:00,-37.113,640.493,0.0,953138.28
2026-02-25 00:00:00,-30.219,638.767,0.0,952331.36
2026-02-25 01:00:00,-28.24,584.079,0.0,951828.64
2026-02-25 02:00:00,-21.148,495.67,0.0,952606.9
2026-02-25 03:00:00,-28.549,373.233,0.0,953045.01
2026-02-25 04:00:00,-35.878,233.114,0.0,952874.18
2026-02-25 05:00:00,-45.838,73.563,0.0,953011.63
2026-02-25 06:00:00,-51.14,0.0,0.0514,953301.87
2026-02-25 07:00:00,-61.132,0.0,0.2039,953686.04
2026-02-25 08:00:00,-71.81,0.992,0.5212,954008.99
2026-02-25 09:00:00,-84.463,0.0,0.8469,953779.8
2026-02-25 10:00:00,-91.21,0.0,0.9857,953433.66
2026-02-25 11:00:00,-103.858,0.0,1.3744,952203.89
2026-02-25 12:00:00,-109.438,1.954,1.6208,951865.91
2026-02-25 13:00:00,-116.442,2.727,1.8258,951856.3
2026-02-25 14:00:00,-124.532,1.158,1.9971,952391.76
2026-02-25 15:00:00,-113.831,4.826,1.7359,952320.58
2026-02-25 16:00:00,-116.06,0.439,1.9692,952976.18
2026-02-25 17:00:00,-112.524,1.96,1.6848,951720.38
2026-02-25 18:00:00,-104.285,36.056,1.5453,952306.17
2026-02-25 19:00:00,-87.185,194.524,1.0851,952731.71
2026-02-25 20:00:00,-76.361,340.2,0.6893,952539.59
2026-02-25 21:00:00,-64.961,479.673,0.4873,951659.72
2026-02-25 22:00:00,-55.016,561.846,0.1842,952008.12
2026-02-25 23:00:00,-42.777,619.863,0.0,952643.13
2026-02-26 00:00:00,-37.673,644.214,0.0,952509.15
2026-02-26 01:00:00,-27.26,620.698,0.0,953010.07
2026-02-26 02:00:00,-21.455,549.807,0.0,952823.79
2026-02-26 03:00:00,-21.569,463.873,0.0,952829.87
2026-02-26 04:00:00,-26.476,329.615,0.0,952388.16
2026-02-26 05:00:00,-38.06,175.028,0.0,952536.69
2026-02-26 06:00:00,-44.55,25.346,0.0,953163.07
2026-02-26 07:00:00,-53.165,3.128,0.0,952828.79
2026-02-26 08:00:00,-71.835,0.0,0.677,953320.41
2026-02-26 09:00:00,-74.204,8.886,0.581,953023.71
2026-02-26 10:00:00,-79.202,3.294,0.8343,952519.57
2026-02-26 11:00:00,-96.783,0.0,1.3688,952294.91
2026-02-26 12:00:00,-112.257,7.951,1.7561,951062.01
2026-02-26 13:00:00,-114.41,0.796,1.849,950840.41
2026-02-26 14:00:00,-122.996,0.0,1.9332,951384.35
2026-02-26 15:00:00,-121.76,0.0,2.1117,951405.31
2026-02-26 16:00:00,-123.299,2.909,2.0589,952024.76
2026-02-26 17:00:00,-114.311,2.383,1.9722,951878.97
2026-02-26 18:00:00,-109.512,0.073,1.661,952075.65
2026-02-26 19:00:00,-101.278,86.086,1.3829,951699.63
2026-02-26 20:00:00,-85.165,248.2,1.0467,951807.84
2026-02-26 21:00:00,-76.911,388.749,0.8519,952218.86
2026-02-26 22:00:00,-61.469,498.868,0.2481,952021.79
2026-02-26 23:00:00,-42.792,581.981,0.0,952276.44
2026-02-27 00:00:00,-37.006,637.925,0.0,952315.53
2026-02-27 01:00:00,-29.208,626.842,0.0,951905.81
2026-02-27 02:00:00,-28.157,604.314,0.0,951731.76
2026-02-27 03:00:00,-25.24,525.372,0.0,952045.86
2026-02-27 04:00:00,-28.409,424.69,0.0,951132.92
2026-02-27 05:00:00,-26.079,279.055,0.0,951333.63
2026-02-27 06:00:00,-43.847,130.0,0.0,951519.52
2026-02-27 07:00:00,-46.654,0.0,0.0,951197.83
2026-02-27 08:00:00,-56.771,0.569,0.0153,951235.93
2026-02-27 09:00:00,-73.331,3.684,0.6337,950463.27
2026-02-27 10:00:00,-75.75,0.0,0.711,949961.97
2026-02-27 11:00:00,-90.181,4.983,1.0748,948967.62
2026-02-27 12:00:00,-103.285,0.0,1.5227,948911.27
2026-02-27 13:00:00,-106.387,1.473,1.4548,948831.54
2026-02-27 14:00:00,-116.847,4.613,1.8474,948936.73
2026-02-27 15:00:00,-119.472,3.3,1.9223,948644.17
2026-02-27 16:00:00,-121.358,9.582,2.0276,948762.76
2026-02-27 17:00:00,-122.408,0.0,2.1084,948070.34
2026-02-27 18:00:00,-119.851,0.0,1.9774,948087.79
2026-02-27 19:00:00,-108.209,0.0,1.5435,947751.39
2026-02-27 20:00:00,-97.892,148.31,1.3813,948232.8
2026-02-27 21:00:00,-84.821,300.888,1.2312,948507.47
2026-02-27 22:00:00,-72.687,433.048,0.746,949930.54
2026-02-27 23:00:00,-58.141,533.145,0.2724,949770.61
2026-02-28 00:00:00,-48.705,614.038,0.0452,949308.23
2026-02-28 01:00:00,-39.3,636.129,0.0,948638.12
2026-02-28 02:00:00,-24.449,638.626,0.0,949217.5
2026-02-28 03:00:00,-22.504,596.833,0.0,948105.85
2026-02-28 04:00:00,-25.818,496.469,0.0,947952.85
2026-02-28 05:00:00,-31.369,377.694,0.0,947946.65
2026-02-28 06:00:00,-38.79,228.241,0.0,947836.81
2026-02-28 07:00:00,-44.983,62.669,0.0,948205.7
2026-02-28 08:00:00,-51.653,0.0,0.0032,947743.17
2026-02-28 09:00:00,-60.889,0.0,0.3125,947837.6
2026-02-28 10:00:00,-70.821,0.0,0.6237,947634.92
2026-02-28 11:00:00,-81.476,8.612,0.9116,947092.72
2026-02-28 12:00:00,-95.956,1.364,1.2593,946370.76
2026-02-28 13:00:00,-97.931,1.898,1.3837,945828.4
2026-02-28 14:00:00,-111.058,0.0,1.735,946234.49
2026-02-28 15:00:00,-114.948,0.0,1.9327,946287.64
2026-02-28 16:00:00,-121.581,4.823,2.0471,946155.05
2026-02-28 17:00:00,-119.501,0.0,2.0618,946619.11
2026-02-28 18:00:00,-111.951,2.653,1.9944,946911.0
2026-02-28 19:00:00,-116.665,0.0,1.834,946879.48
2026-02-28 20:00:00,-109.908,36.392,1.8436,946864.25
2026-02-28 21:00:00,-96.129,192.002,1.4778,946749.2
2026-02-28 22:00:00,-81.016,337.247,1.0788,947167.53
2026-02-28 23:00:00,-67.78,471.527,0.7662,947347.51
2026-03-01 00:00:00,-56.414,568.297,0.3755,947094.05
2026-03-01 01:00:00,-42.368,620.095,0.0,947281.23
2026-03-01 02:00:00,-28.769,644.413,0.0,946663.01
2026-03-01 03:00:00,-27.731,621.293,0.0,946554.1
2026-03-01 04:00:00,-25.278,546.579,0.0,947199.88
2026-03-01 05:00:00,-24.287,453.12,0.0,947784.69
2026-03-01 06:00:00,-27.198,330.502,0.0,948153.81
2026-03-01 07:00:00,-31.807,179.948,0.0,947872.31
2026-03-01 08:00:00,-45.534,10.279,0.0,947785.79
2026-03-01 09:00:00,-54.815,0.792,0.1203,947921.97
2026-03-01 10:00:00,-67.72,5.112,0.3977,948402.48
2026-03-01 11:00:00,-72.198,3.885,0.5183,948344.31
2026-03-01 12:00:00,-87.447,0.0,0.8027,948692.48
2026-03-01 13:00:00,-97.938,0.0,1.1577,949915.62
2026-03-01 14:00:00,-103.156,0.0,1.4187,949536.4
2026-03-01 15:00:00,-105.883,2.339,1.6665,949328.43
2026-03-01 16:00:00,-113.955,0.976,1.6951,949819.3
2026-03-01 17:00:00,-119.044,3.147,1.7926,949860.9
2026-03-01 18:00:00,-121.877,0.659,1.9671,950087.86
2026-03-01 19:00:00,-111.859,4.094,1.6604,949824.56
2026-03-01 20:00:00,-111.41,0.473,1.8246,949908.04
2026-03-01 21:00:00,-101.955,97.722,1.5584,949500.93
2026-03-01 22:00:00,-86.783,256.066,1.0924,949233.02
2026-03-01 23:00:00,-76.096,389.367,0.8841,950418.33
2026-03-02 00:00:00,-63.125,500.638,0.5981,950104.37
2026-03-02 01:00:00,-49.758,600.786,0.1454,950119.52
2026-03-02 02:00:00,-39.318,639.454,0.0,950490.53
2026-03-02 03:00:00,-33.134,633.496,0.0,950600.84
2026-03-02 04:00:00,-28.07,600.937,0.0,950375.81
2026-03-02 05:00:00,-20.094,531.764,0.0,950565.66
2026-03-02 06:00:00,-22.982,415.807,0.0,950141.19
2026-03-02 07:00:00,-32.794,276.994,0.0,950609.06
2026-03-02 08:00:00,-35.382,130.841,0.0,950257.49
2026-03-02 09:00:00,-47.358,0.0,0.1663,950250.7
2026-03-02 10:00:00,-58.051,0.0,0.3113,950609.59
2026-03-02 11:00:00,-71.084,1.057,0.5608,950095.15
2026-03-02 12:00:00,-76.777,1.952,0.7676,950710.65
2026-03-02 13:00:00,-82.888,2.482,0.9756,950168.03
2026-03-02 14:00:00,-98.528,4.556,1.3891,948905.37
2026-03-02 15:00:00,-104.421,0.993,1.5254,948644.46
2026-03-02 16:00:00,-114.418,2.447,1.6512,949172.47
2026-03-02 17:00:00,-115.734,0.0,1.8357,948960.96
2026-03-02 18:00:00,-120.961,0.313,1.9775,949419.49
2026-03-02 19:00:00,-126.356,0.538,2.1484,950016.62
2026-03-02 20:00:00,-117.658,1.075,1.898,950640.58
2026-03-02 21:00:00,-108.591,3.863,1.7714,950575.75
2026-03-02 22:00:00,-94.056,151.712,1.515,949911.69
2026-03-02 23:00:00,-84.375,302.853,1.1681,950367.48
2026-03-03 00:00:00,-70.036,432.757,0.6927,950211.15
2026-03-03 01:00:00,-57.954,543.119,0.4889,950397.07
2026-03-03 02:00:00,-39.095,613.581,0.0,950923.51
2026-03-03 03:00:00,-29.017,646.005,0.0,950928.26
2026-03-03 04:00:00,-28.461,645.74,0.0,951016.36
2026-03-03 05:00:00,-27.832,580.77,0.0,951068.06
2026-03-03 06:00:00,-27.948,496.505,0.0,951545.13
2026-03-03 07:00:00,-23.277,378.806,0.0,951307.67
2026-03-03 08:00:00,-30.817,228.895,0.0,952062.02
2026-03-03 09:00:00,-42.584,80.271,0.0,953055.39
2026-03-03 10:00:00,-48.644,0.0,0.0,952984.51
2026-03-03 11:00:00,-62.001,1.62,0.2586,953066.84
2026-03-03 12:00:00,-66.16,0.0,0.3585,952876.39
2026-03-03 13:00:00,-80.299,0.0,0.8405,951882.5
2026-03-03 14:00:00,-92.747,1.245,0.9891,951558.09
2026-03-03 15:00:00,-100.289,4.232,1.3106,951317.15
2026-03-03 16:00:00,-108.634,1.595,1.6455,951460.7
2026-03-03 17:00:00,-112.338,6.296,1.9011,951770.43
2026-03-03 18:00:00,-114.089,0.0,2.0246,952842.83
2026-03-03 19:00:00,-114.966,0.0,1.8132,953341.36
2026-03-03 20:00:00,-115.569,13.52,1.9016,953188.4
2026-03-03 21:00:00,-112.111,1.971,1.8807,953547.33
2026-03-03 22:00:00,-105.103,38.095,1.5587,953125.04
2026-03-03 23:00:00,-95.544,199.628,1.4643,952185.7
2026-03-04 00:00:00,-76.182,346.694,0.778,952341.48
2026-03-04 01:00:00,-64.98,481.723,0.5358,950928.45
2026-03-04 02:00:00,-46.506,570.06,0.0,951255.8
2026-03-04 03:00:00,-39.077,630.441,0.0,952405.65
2026-03-04 04:00:00,-26.848,646.747,0.0,952398.37
2026-03-04 05:00:00,-23.918,626.201,0.0,952789.72
2026-03-04 06:00:00,-21.89,553.585,0.0,952542.07
2026-03-04 07:00:00,-19.647,451.69,0.0,952724.4
2026-03-04 08:00:00,-24.647,327.913,0.0,953089.6
2026-03-04 09:00:00,-31.754,178.404,0.0,953822.28
2026-03-04 10:00:00,-42.772,14.327,0.0,953837.89
2026-03-04 11:00:00,-48.105,0.0,0.0,953521.69
2026-03-04 12:00:00,-57.758,3.387,0.3378,953330.37
2026-03-04 13:00:00,-77.01,0.0,0.8234,952984.93
2026-03-04 14:00:00,-82.3,0.0,0.9611,952878.05
2026-03-04 15:00:00,-88.486,0.0,1.1607,952638.19
2026-03-04 16:00:00,-103.745,6.506,1.6053,951786.83
2026-03-04 17:00:00,-112.638,3.167,1.9277,951875.83
2026-03-04 18:00:00,-113.689,3.025,1.9265,951129.22
2026-03-04 19:00:00,-114.005,6.236,2.0188,950825.23
2026-03-04 20:00:00,-116.523,14.063,1.9193,950985.82
2026-03-04 21:00:00,-108.884,0.0,1.7695,950856.01
2026-03-04 22:00:00,-102.249,0.0,1.6613,951301.27
2026-03-04 23:00:00,-104.444,94.498,1.8004,951352.78
2026-03-05 00:00:00,-86.923,251.621,1.2582,952481.89
2026-03-05 01:00:00,-79.038,392.276,1.0652,952526.15
2026-03-05 02:00:00,-56.154,512.291,0.4257,952288.83
2026-03-05 03:00:00,-48.098,590.667,0.1781,951982.17
2026-03-05 04:00:00,-36.564,642.86,0.0,951944.07
2026-03-05 05:00:00,-24.198,644.479,0.0,951790.55
2026-03-05 06:00:00,-26.518,608.062,0.0,952150.67
2026-03-05 07:00:00,-26.582,530.518,0.0,952611.95
2026-03-05 08:00:00,-29.961,419.215,0.0,953332.34
2026-03-05 09:00:00,-24.909,275.667,0.0,953030.65
2026-03-05 10:00:00,-34.723,131.537,0.0,952950.35
2026-03-05 11:00:00,-49.039,1.172,0.0,952970.25
2026-03-05 12:00:00,-60.972,0.0,0.3409,953520.54
2026-03-05 13:00:00,-64.81,0.0,0.4297,953865.82
2026-03-05 14:00:00,-69.755,0.0,0.4796,953388.94
2026-03-05 15:00:00,-89.493,0.087,1.1933,952669.81
2026-03-05 16:00:00,-102.495,0.0,1.6185,951509.11
2026-03-05 17:00:00,-104.017,0.0,1.7494,949889.83
2026-03-05 18:00:00,-117.14,10.055,1.9721,950322.2
2026-03-05 19:00:00,-118.819,2.745,2.0636,950876.09
2026-03-05 20:00:00,-127.318,3.63,2.3041,951322.97
2026-03-05 21:00:00,-119.312,0.0,2.0806,951493.52
2026-03-05 22:00:00,-118.894,0.0,1.9993,952296.92
2026-03-05 23:00:00,-105.107,0.184,1.8774,952515.22
2026-03-06 00:00:00,-99.739,153.742,1.4449,952419.73
2026-03-06 01:00:00,-81.317,297.579,1.1085,952980.61
2026-03-06 02:00:00,-69.769,440.144,0.6446,952514.15
2026-03-06 03:00:00,-55.618,546.835,0.3229,952521.83
2026-03-06 04:00:00,-42.882,616.112,0.0,951974.03
2026-03-06 05:00:00,-34.469,643.697,0.0,951505.04
2026-03-06 06:00:00,-29.283,633.817,0.0,951723.12
2026-03-06 07:00:00,-25.369,583.278,0.0,952548.21
2026-03-06 08:00:00,-20.935,494.537,0.0,952200.17
2026-03-06 09:00:00,-30.619,375.114,0.0,952584.44
2026-03-06 10:00:00,-25.909,231.461,0.0,952459.29
2026-03-06 11:00:00,-40.012,63.939,0.0,953244.66
2026-03-06 12:00:00,-50.782,0.0,0.0198,951561.95
2026-03-06 13:00:00,-58.339,2.188,0.0866,951933.37
2026-03-06 14:00:00,-70.961,3.054,0.4271,951219.16
2026-03-06 15:00:00,-80.404,0.0,0.6629,950316.28
2026-03-06 16:00:00,-93.765,3.952,1.1014,950391.08
2026-03-06 17:00:00,-98.373,4.898,1.1177,950086.61
2026-03-06 18:00:00,-107.573,6.458,1.4558,948612.85
2026-03-06 19:00:00,-112.247,8.892,1.8455,949294.63
2026-03-06 20:00:00,-112.313,0.0,1.7697,949232.65
2026-03-06 21:00:00,-119.547,0.069,1.9507,949227.39
2026-03-06 22:00:00,-115.368,0.056,1.8681,948912.88
2026-03-06 23:00:00,-114.963,0.0,1.9066,949469.19
2026-03-07 00:00:00,-100.131,42.059,1.4059,949180.13
2026-03-07 01:00:00,-89.25,199.739,1.2327,949069.14
2026-03-07 02:00:00,-75.34,356.131,0.6214,948967.94
2026-03-07 03:00:00,-61.616,477.375,0.3985,948616.67
2026-03-07 04:00:00,-49.975,576.135,0.0611,949013.18
2026-03-07 05:00:00,-29.358,629.057,0.0,948832.6
2026-03-07 06:00:00,-28.05,643.981,0.0,948787.44
2026-03-07 07:00:00,-21.864,625.165,0.0,948643.55
2026-03-07 08:00:00,-24.047,558.966,0.0,947986.07
2026-03-07 09:00:00,-18.714,459.273,0.0,949045.22
2026-03-07 10:00:00,-25.679,335.99,0.0,948105.84
2026-03-07 11:00:00,-31.622,174.128,0.0,947926.98
2026-03-07 12:00:00,-40.062,11.678,0.0,947351.21
2026-03-07 13:00:00,-51.393,0.0,0.0,947537.2
2026-03-07 14:00:00,-63.02,0.0,0.2968,947756.57
2026-03-07 15:00:00,-78.056,7.914,0.6038,947854.11
2026-03-07 16:00:00,-83.046,0.0,0.7492,948207.34
2026-03-07 17:00:00,-94.299,0.0,0.9245,948660.9
2026-03-07 18:00:00,-104.516,0.0,1.3846,949004.4
2026-03-07 19:00:00,-103.96,0.0,1.2725,949474.37
2026-03-07 20:00:00,-110.633,0.0,1.5718,949733.3
2026-03-07 21:00:00,-121.645,0.0,1.8786,950386.98
2026-03-07 22:00:00,-114.861,6.147,1.6386,951080.34
2026-03-07 23:00:00,-114.584,0.0,1.6935,951055.76
2026-03-08 00:00:00,-105.615,0.0,1.5897,951750.3
2026-03-08 01:00:00,-98.942,106.089,1.4111,951835.79
2026-03-08 02:00:00,-85.588,262.498,0.8982,951658.31
2026-03-08 03:00:00,-66.83,398.818,0.6114,951505.02
2026-03-08 04:00:00,-53.48,509.955,0.148,950864.83
2026-03-08 05:00:00,-38.626,596.66,0.0,950390.44
2026-03-08 06:00:00,-34.024,643.865,0.0,950285.11
2026-03-08 07:00:00,-29.671,652.134,0.0,949630.37
2026-03-08 08:00:00,-18.071,601.555,0.0,949601.15
2026-03-08 09:00:00,-16.33,527.564,0.0,948742.48
2026-03-08 10:00:00,-19.441,418.509,0.0,948413.68
2026-03-08 11:00:00,-29.547,263.555,0.0,948202.06
2026-03-08 12:00:00,-38.431,123.157,0.0,949044.92
2026-03-08 13:00:00,-43.853,0.0,0.0,948921.33
2026-03-08 14:00:00,-57.005,1.66,0.0,948519.76
2026-03-08 15:00:00,-65.212,1.233,0.1841,948272.04
2026-03-08 16:00:00,-65.625,5.423,0.4339,948078.14
2026-03-08 17:00:00,-78.323,2.755,0.6831,948304.73
2026-03-08 18:00:00,-91.874,0.0,1.0927,947647.52
2026-03-08 19:00:00,-104.702,0.0,1.4916,946552.15
2026-03-08 20:00:00,-110.91,0.691,1.7791,946654.35
2026-03-08 21:00:00,-111.461,0.0,1.7674,946516.46
2026-03-08 22:00:00,-109.969,2.388,1.616,946217.98
2026-03-08 23:00:00,-114.122,3.947,1.6588,946947.08
2026-03-09 00:00:00,-110.11,3.042,1.5928,947417.44
2026-03-09 01:00:00,-102.158,0.0,1.6047,948999.13
2026-03-09 02:00:00,-94.812,147.596,1.3878,948674.96
2026-03-09 03:00:00,-81.192,308.804,0.9735,948314.04
2026-03-09 04:00:00,-66.972,447.346,0.4851,947820.76
2026-03-09 05:00:00,-48.774,545.255,0.1794,947860.41
2026-03-09 06:00:00,-37.352,623.756,0.0,949894.24
2026-03-09 07:00:00,-24.913,654.967,0.0,951098.76
2026-03-09 08:00:00,-26.074,638.888,0.0,952192.57
2026-03-09 09:00:00,-22.168,569.547,0.0,952012.75
2026-03-09 10:00:00,-16.42,487.316,0.0,952040.23
2026-03-09 11:00:00,-22.79,380.088,0.0,951909.86
2026-03-09 12:00:00,-29.949,220.928,0.0,951442.28
2026-03-09 13:00:00,-34.382,52.285,0.0,952219.72
2026-03-09 14:00:00,-47.735,6.176,0.0,952181.81
2026-03-09 15:00:00,-56.648,0.067,0.1067,952068.61
2026-03-09 16:00:00,-66.782,5.525,0.3083,951131.89
2026-03-09 17:00:00,-77.678,1.385,0.7414,950834.93
2026-03-09 18:00:00,-85.97,2.293,0.8079,950647.85
2026-03-09 19:00:00,-100.902,1.815,1.2664,951200.52
2026-03-09 20:00:00,-105.267,3.487,1.3281,950900.39
2026-03-09 21:00:00,-107.264,11.387,1.6697,950714.22
2026-03-09 22:00:00,-107.531,4.855,1.562,950193.98
2026-03-09 23:00:00,-118.499,0.0,1.8771,949861.81
2026-03-10 00:00:00,-111.614,2.233,1.8207,949882.59
2026-03-10 01:00:00,-109.208,5.707,1.805,950018.57
2026-03-10 02:00:00,-101.214,54.953,1.6545,949717.14
2026-03-10 03:00:00,-90.939,209.105,1.3877,948636.6
2026-03-10 04:00:00,-71.873,365.738,0.9151,948761.81
2026-03-10 05:00:00,-58.371,490.001,0.5313,948882.17
2026-03-10 06:00:00,-40.18,592.345,0.0,948520.13
2026-03-10 07:00:00,-40.865,632.442,0.0,947859.38
2026-03-10 08:00:00,-33.762,649.29,0.0,948523.51
2026-03-10 09:00:00,-16.308,623.842,0.0,949045.61
2026-03-10 10:00:00,-20.506,556.081,0.0,948642.95
2026-03-10 11:00:00,-23.082,451.169,0.0,948108.73
2026-03-10 12:00:00,-25.713,309.461,0.0,948090.23
2026-03-10 13:00:00,-37.182,167.869,0.0,947856.87
2026-03-10 14:00:00,-41.301,7.66,0.0,947428.04
2026-03-10 15:00:00,-51.424,0.0,0.1671,947068.37
2026-03-10 16:00:00,-57.588,9.677,0.2982,946263.12
2026-03-10 17:00:00,-68.797,0.067,0.6957,946267.04
2026-03-10 18:00:00,-78.645,6.455,0.794,947029.05
2026-03-10 19:00:00,-91.932,1.307,1.1592,947471.63
2026-03-10 20:00:00,-96.555,4.132,1.44,947492.02
2026-03-10 21:00:00,-107.09,1.396,1.6527,947812.06
2026-03-10 22:00:00,-115.946,6.844,1.8863,948171.32
2026-03-10 23:00:00,-119.846,0.28,2.1249,948866.57
2026-03-11 00:00:00,-119.388,2.481,2.162,949182.54
2026-03-11 01:00:00,-112.579,1.832,2.0488,950086.24
2026-03-11 02:00:00,-112.595,0.0,1.995,950200.62
2026-03-11 03:00:00,-97.756,107.214,1.4933,950154.36
2026-03-11 04:00:00,-86.96,275.367,1.3555,950085.81
2026-03-11 05:00:00,-74.7,404.804,0.9599,950821.11
2026-03-11 06:00:00,-60.814,524.002,0.5196,951543.73
2026-03-11 07:00:00,-45.142,610.253,0.1577,951697.76
2026-03-11 08:00:00,-32.062,652.732,0.0,952305.92
2026-03-11 09:00:00,-28.295,648.379,0.0,952142.39
2026-03-11 10:00:00,-28.111,595.83,0.0,952453.4
2026-03-11 11:00:00,-11.079,530.507,0.0,951479.92
2026-03-11 12:00:00,-19.622,402.906,0.0,951600.19
2026-03-11 13:00:00,-25.135,280.687,0.0,951370.34
2026-03-11 14:00:00,-31.38,115.855,0.0,951318.91
2026-03-11 15:00:00,-45.917,4.998,0.0,951757.47
2026-03-11 16:00:00,-55.703,0.0,0.1694,951570.14
2026-03-11 17:00:00,-60.97,0.0,0.2677,951391.77
2026-03-11 18:00:00,-71.724,1.304,0.5777,951015.09
2026-03-11 19:00:00,-84.669,0.0,0.951,950842.62
2026-03-11 20:00:00,-93.229,0.0,1.0897,950011.69
2026-03-11 21:00:00,-108.487,0.423,1.5456,950128.23
2026-03-11 22:00:00,-110.979,13.837,1.7005,949878.35
2026-03-11 23:00:00,-109.709,4.173,1.7561,949796.65
2026-03-12 00:00:00,-113.618,5.247,1.8745,949608.18
2026-03-12 01:00:00,-119.314,4.22,1.8716,948736.11
2026-03-12 02:00:00,-112.545,7.397,1.6789,949175.78
2026-03-12 03:00:00,-100.415,0.0,1.4144,949288.66
2026-03-12 04:00:00,-91.429,150.514,1.3477,948803.99
2026-03-12 05:00:00,-78.639,314.351,0.8959,949652.29
2026-03-12 06:00:00,-64.796,453.514,0.5858,949885.38
2026-03-12 07:00:00,-52.006,549.758,0.2889,949944.2
2026-03-12 08:00:00,-41.386,623.074,0.0242,950300.7
2026-03-12 09:00:00,-32.971,649.562,0.0,950999.57
2026-03-12 10:00:00,-20.852,647.431,0.0,950822.34
2026-03-12 11:00:00,-19.025,589.245,0.0,951017.09
2026-03-12 12:00:00,-17.732,496.519,0.0,951105.74
2026-03-12 13:00:00,-20.897,372.272,0.0,951574.91
2026-03-12 14:00:00,-24.942,221.03,0.0,952265.39
2026-03-12 15:00:00,-37.26,59.957,0.0,952533.24
2026-03-12 16:00:00,-45.209,0.0,0.0,951994.57
2026-03-12 17:00:00,-55.666,0.0,0.1595,951089.68
2026-03-12 18:00:00,-70.082,0.75,0.6821,952127.33
2026-03-12 19:00:00,-78.518,1.62,0.8206,951013.2
2026-03-12 20:00:00,-86.448,6.046,1.0804,950385.52
2026-03-12 21:00:00,-95.635,7.857,1.2143,950554.81
2026-03-12 22:00:00,-101.102,7.85,1.5658,950432.7
2026-03-12 23:00:00,-112.88,0.0,1.8975,949648.67
2026-03-13 00:00:00,-114.056,0.0,1.8735,949376.61
2026-03-13 01:00:00,-115.704,2.402,1.8675,949794.49
2026-03-13 02:00:00,-108.576,12.66,1.5781,949540.27
2026-03-13 03:00:00,-107.669,7.4,1.6971,949771.2
2026-03-13 04:00:00,-99.175,58.192,1.408,949834.02
2026-03-13 05:00:00,-88.045,213.374,1.2992,950530.63
2026-03-13 06:00:00,-74.308,359.727,0.7892,950316.82
2026-03-13 07:00:00,-63.575,493.419,0.5521,950683.26
2026-03-13 08:00:00,-50.1,577.707,0.0899,950774.98
2026-03-13 09:00:00,-34.228,638.104,0.0,950878.56
2026-03-13 10:00:00,-25.849,653.532,0.0,950122.85
2026-03-13 11:00:00,-19.104,634.643,0.0,949735.26
2026-03-13 12:00:00,-14.151,557.009,0.0,949709.55
2026-03-13 13:00:00,-17.823,442.6,0.0,949602.37
2026-03-13 14:00:00,-23.576,323.955,0.0,949671.65
2026-03-13 15:00:00,-31.073,163.804,0.0,950285.51
2026-03-13 16:00:00,-39.82,2.561,0.0,950395.04
2026-03-13 17:00:00,-49.727,0.0,0.0,950745.16
2026-03-13 18:00:00,-55.142,0.0,0.0497,950395.24
2026-03-13 19:00:00,-69.018,3.952,0.5034,950407.66
2026-03-13 20:00:00,-78.471,0.0,0.7332,950052.48
2026-03-13 21:00:00,-92.221,0.0,1.2387,949650.9
2026-03-13 22:00:00,-95.795,3.42,1.2873,949765.0
2026-03-13 23:00:00,-102.427,0.0,1.4816,949917.94
2026-03-14 00:00:00,-116.133,0.0,1.8757,949082.16
2026-03-14 01:00:00,-112.74,3.343,1.8497,949641.74
2026-03-14 02:00:00,-113.488,5.615,1.803,948896.02
2026-03-14 03:00:00,-109.532,0.0,1.8046,949180.26
2026-03-14 04:00:00,-103.422,0.0,1.5574,949356.93
2026-03-14 05:00:00,-101.11,112.547,1.4988,949325.69
2026-03-14 06:00:00,-79.653,260.05,0.8068,949850.31
2026-03-14 07:00:00,-63.767,411.914,0.4706,950093.97
2026-03-14 08:00:00,-49.588,521.467,0.028,950713.08
2026-03-14 09:00:00,-43.661,601.692,0.0,950912.28
2026-03-14 10:00:00,-30.747,647.648,0.0,950596.66
2026-03-14 11:00:00,-24.562,649.348,0.0,949981.51
2026-03-14 12:00:00,-24.373,605.461,0.0,949255.91
2026-03-14 13:00:00,-19.118,530.734,0.0,949788.95
2026-03-14 14:00:00,-22.866,410.58,0.0,949633.09
2026-03-14 15:00:00,-24.26,276.063,0.0,950256.09
2026-03-14 16:00:00,-39.466,113.395,0.0,950472.94
2026-03-14 17:00:00,-46.589,0.0,0.0,950159.2
2026-03-14 18:00:00,-53.941,0.0,0.0,950312.82
2026-03-14 19:00:00,-59.979,0.0,0.0642,950339.19
2026-03-14 20:00:00,-64.738,1.454,0.4039,949209.66
2026-03-14 21:00:00,-83.33,0.0,0.7166,949325.09
2026-03-14 22:00:00,-97.176,0.0,1.1227,949651.81
2026-03-14 23:00:00,-104.646,0.0,1.4321,949594.33
2026-03-15 00:00:00,-106.863,0.0,1.6319,949826.76
2026-03-15 01:00:00,-116.49,7.878,1.7367,949890.99
2026-03-15 02:00:00,-110.607,0.0,1.4907,949726.84
2026-03-15 03:00:00,-111.538,0.0,1.6371,949356.64
2026-03-15 04:00:00,-108.144,5.55,1.3644,949639.02
2026-03-15 05:00:00,-106.462,6.784,1.3906,950181.45
2026-03-15 06:00:00,-86.234,161.031,1.0391,950292.47
2026-03-15 07:00:00,-77.612,316.334,0.6301,951054.98
2026-03-15 08:00:00,-61.587,456.698,0.1815,950232.71
2026-03-15 09:00:00,-49.731,546.826,0.0099,950015.03
2026-03-15 10:00:00,-42.487,617.947,0.0,950373.52
2026-03-15 11:00:00,-28.582,654.145,0.0,949864.07
2026-03-15 12:00:00,-24.831,649.265,0.0,950122.17
2026-03-15 13:00:00,-19.715,583.877,0.0,949512.28
2026-03-15 14:00:00,-16.069,493.252,0.0,949199.77
2026-03-15 15:00:00,-18.229,373.28,0.0,948875.33
2026-03-15 16:00:00,-26.498,229.26,0.0,948777.68
2026-03-15 17:00:00,-39.656,52.817,0.0,949409.26
2026-03-15 18:00:00,-48.368,0.0,0.0,949607.36
2026-03-15 19:00:00,-56.477,9.11,0.02,949965.46
2026-03-15 20:00:00,-71.128,0.0,0.4147,950125.25
2026-03-15 21:00:00,-75.026,5.138,0.4579,949865.93
2026-03-15 22:00:00,-90.78,0.0,0.8153,950346.93
2026-03-15 23:00:00,-94.991,0.512,1.2264,950264.26
2026-03-16 00:00:00,-108.127,0.0,1.3359,949837.45
2026-03-16 01:00:00,-113.372,0.0,1.6165,948778.36
2026-03-16 02:00:00,-111.056,0.0,1.6934,947822.03
2026-03-16 03:00:00,-113.804,1.382,1.937,947958.96
2026-03-16 04:00:00,-117.538,4.978,1.9753,947627.6
2026-03-16 05:00:00,-108.11,0.0,1.636,946406.63
2026-03-16 06:00:00,-97.394,56.62,1.4519,946801.46
2026-03-16 07:00:00,-87.06,222.244,0.9772,946959.02
2026-03-16 08:00:00,-72.634,363.497,0.6309,947160.34
2026-03-16 09:00:00,-56.745,497.25,0.281,946780.87
2026-03-16 10:00:00,-44.682,590.985,0.0,946641.38
2026-03-16 11:00:00,-36.031,655.356,0.0,946353.58
2026-03-16 12:00:00,-24.545,654.433,0.0,946894.89
2026-03-16 13:00:00,-20.277,625.62,0.0,946177.47
2026-03-16 14:00:00,-11.832,562.804,0.0,945807.46
2026-03-16 15:00:00,-18.592,458.002,0.0,945629.49
2026-03-16 16:00:00,-22.791,316.858,0.0,945888.19
2026-03-16 17:00:00,-30.034,162.499,0.0,946177.2
2026-03-16 18:00:00,-41.87,2.706,0.0,945563.99
2026-03-16 19:00:00,-51.243,0.0,0.0,946143.21
2026-03-16 20:00:00,-57.322,0.0,0.0,946329.83
2026-03-16 21:00:00,-67.81,0.448,0.2878,946739.62
2026-03-16 22:00:00,-74.296,4.98,0.5737,946272.84
2026-03-16 23:00:00,-88.297,0.0,0.9244,946395.62
2026-03-17 00:00:00,-97.007,0.0,1.0247,947386.42
2026-03-17 01:00:00,-104.633,0.0,1.4034,948291.96
2026-03-17 02:00:00,-113.676,0.0,1.5496,948269.53
2026-03-17 03:00:00,-117.52,0.0,1.7347,947978.84
2026-03-17 04:00:00,-116.017,0.0,1.5936,948111.23
2026-03-17 05:00:00,-107.763,0.0,1.3561,948716.77
2026-03-17 06:00:00,-99.972,0.0,1.3434,948948.2
2026-03-17 07:00:00,-91.378,108.987,1.1293,948337.67
2026-03-17 08:00:00,-80.93,270.296,0.825,949427.44
2026-03-17 09:00:00,-61.226,421.171,0.1787,948838.6
2026-03-17 10:00:00,-54.384,533.172,0.0,948745.69
2026-03-17 11:00:00,-43.862,611.043,0.0,949093.29
2026-03-17 12:00:00,-29.939,650.313,0.0,948647.84
2026-03-17 13:00:00,-18.831,649.97,0.0,949267.94
2026-03-17 14:00:00,-20.589,611.182,0.0,949110.17
2026-03-17 15:00:00,-21.701,530.507,0.0,949082.85
2026-03-17 16:00:00,-19.358,407.015,0.0,948340.24
2026-03-17 17:00:00,-22.796,269.116,0.0,948266.27
2026-03-17 18:00:00,-43.027,98.776,0.0,948292.41
2026-03-17 19:00:00,-40.535,1.059,0.0,948712.09
2026-03-17 20:00:00,-56.715,3.811,0.0552,949631.82
2026-03-17 21:00:00,-60.392,0.0,0.002,949165.5
2026-03-17 22:00:00,-79.647,9.083,0.7672,948651.04
2026-03-17 23:00:00,-89.105,0.0,1.0646,949381.78
2026-03-18 00:00:00,-93.125,1.087,1.1109,949361.12
2026-03-18 01:00:00,-99.437,0.0,1.2649,949009.48
2026-03-18 02:00:00,-109.395,0.0,1.5039,948577.72
2026-03-18 03:00:00,-106.087,0.0,1.4747,949687.57
2026-03-18 04:00:00,-117.259,0.536,1.7856,949215.49
2026-03-18 05:00:00,-116.058,4.24,1.679,949062.28
2026-03-18 06:00:00,-109.69,6.889,1.669,948785.27
2026-03-18 07:00:00,-103.649,2.886,1.4493,947959.38
2026-03-18 08:00:00,-89.302,172.806,1.1388,948289.82
2026-03-18 09:00:00,-78.573,320.173,0.8329,948107.72
2026-03-18 10:00:00,-59.91,461.578,0.4333,949212.47
2026-03-18 11:00:00,-47.122,558.458,0.1068,949110.21
2026-03-18 12:00:00,-31.65,635.943,0.0,949850.08
2026-03-18 13:00:00,-28.198,669.059,0.0,950354.26
2026-03-18 14:00:00,-19.224,642.424,0.0,950006.16
2026-03-18 15:00:00,-15.201,575.576,0.0,950009.21
2026-03-18 16:00:00,-17.061,489.423,0.0,949536.77
2026-03-18 17:00:00,-22.31,372.157,0.0,949595.13
2026-03-18 18:00:00,-34.264,218.952,0.0,948633.6
2026-03-18 19:00:00,-37.788,53.646,0.0,949216.02
2026-03-18 20:00:00,-45.254,5.043,0.0,949320.51
2026-03-18 21:00:00,-56.681,2.422,0.2036,950338.15
2026-03-18 22:00:00,-69.383,6.089,0.3839,949501.14
2026-03-18 23:00:00,-82.726,4.597,0.7707,948441.27
2026-03-19 00:00:00,-86.637,7.609,1.0058,948155.72
2026-03-19 01:00:00,-97.66,1.794,1.2274,948219.4
2026-03-19 02:00:00,-101.228,4.526,1.5532,948279.21
2026-03-19 03:00:00,-115.529,0.0,1.9095,949154.81
2026-03-19 04:00:00,-115.458,0.0,1.9978,949011.08
2026-03-19 05:00:00,-118.792,8.534,1.8756,949179.8
2026-03-19 06:00:00,-110.034,1.081,1.8677,949824.63
2026-03-19 07:00:00,-104.314,4.024,1.6732,948888.94
2026-03-19 08:00:00,-94.072,60.582,1.5177,948527.97
2026-03-19 09:00:00,-85.789,220.53,1.1278,948433.69
2026-03-19 10:00:00,-71.35,372.603,0.7881,948743.22
2026-03-19 11:00:00,-58.516,504.77,0.4465,948305.14
2026-03-19 12:00:00,-45.406,593.289,0.0,949125.31
2026-03-19 13:00:00,-36.228,636.756,0.0,949500.43
2026-03-19 14:00:00,-26.039,657.373,0.0,949910.45
2026-03-19 15:00:00,-15.311,637.978,0.0,949604.38
2026-03-19 16:00:00,-18.599,557.992,0.0,948928.73
2026-03-19 17:00:00,-21.321,443.946,0.0,949561.67
2026-03-19 18:00:00,-25.584,327.043,0.0,949565.85
2026-03-19 19:00:00,-34.261,165.099,0.0,950088.3
2026-03-19 20:00:00,-42.967,0.0,0.0,950704.33
2026-03-19 21:00:00,-53.287,0.0,0.0,950481.4
2026-03-19 22:00:00,-58.59,5.412,0.1827,950416.71
2026-03-19 23:00:00,-68.962,0.0,0.4864,950142.5
2026-03-20 00:00:00,-76.397,5.741,0.6466,950805.65
2026-03-20 01:00:00,-92.562,2.711,1.0654,949938.23
2026-03-20 02:00:00,-100.593,1.223,1.2393,949650.79
2026-03-20 03:00:00,-107.7,0.728,1.5137,949771.52
2026-03-20 04:00:00,-112.951,0.0,1.6132,949497.03
2026-03-20 05:00:00,-111.959,5.228,1.6878,948948.58
2026-03-20 06:00:00,-119.646,0.0,1.9131,949174.96
2026-03-20 07:00:00,-109.7,0.0,1.5744,950165.57
2026-03-20 08:00:00,-98.962,3.072,1.6257,950328.2
2026-03-20 09:00:00,-90.286,119.866,1.1268,950718.84
2026-03-20 10:00:00,-76.286,279.041,0.8404,951326.12
2026-03-20 11:00:00,-63.213,420.759,0.379,950934.92
2026-03-20 12:00:00,-53.932,532.174,0.0094,951475.64
2026-03-20 13:00:00,-42.311,618.313,0.0892,951277.89
2026-03-20 14:00:00,-32.625,655.082,0.0,950958.28
2026-03-20 15:00:00,-26.731,651.496,0.0,951057.74
2026-03-20 16:00:00,-16.29,608.768,0.0,950937.15
2026-03-20 17:00:00,-12.911,537.411,0.0,950623.43
2026-03-20 18:00:00,-18.801,401.556,0.0,950657.33
2026-03-20 19:00:00,-23.482,269.152,0.0,951512.35
2026-03-20 20:00:00,-34.178,97.448,0.0,952021.95
2026-03-20 21:00:00,-42.948,0.0,0.0,951894.78
2026-03-20 22:00:00,-59.588,0.0,0.3135,952682.5
2026-03-20 23:00:00,-62.69,0.0,0.3636,952492.68
2026-03-21 00:00:00,-75.399,1.945,0.5935,952594.95
2026-03-21 01:00:00,-84.735,0.0,0.9229,951564.49
2026-03-21 02:00:00,-93.993,0.0,1.1507,951718.84
2026-03-21 03:00:00,-104.49,4.198,1.595,950962.67
2026-03-21 04:00:00,-111.984,7.175,1.6681,950963.63
2026-03-21 05:00:00,-115.352,7.451,1.8069,950621.52
2026-03-21 06:00:00,-118.689,1.795,1.9705,951239.88
2026-03-21 07:00:00,-116.509,0.23,1.9158,950994.74
2026-03-21 08:00:00,-111.848,6.641,1.9963,950990.29
2026-03-21 09:00:00,-106.997,14.837,1.8229,950403.91
2026-03-21 10:00:00,-88.454,178.377,1.3346,951178.56
2026-03-21 11:00:00,-78.666,323.148,0.8778,950819.52
2026-03-21 12:00:00,-68.022,462.852,0.708,950109.23
2026-03-21 13:00:00,-50.274,568.222,0.2514,949488.28
2026-03-21 14:00:00,-41.244,624.616,0.0,949278.76
2026-03-21 15:00:00,-22.817,662.738,0.0,949404.51
2026-03-21 16:00:00,-19.523,655.842,0.0,948996.9
2026-03-21 17:00:00,-21.12,590.145,0.0,948417.03
2026-03-21 18:00:00,-15.514,498.875,0.0,948880.64
2026-03-21 19:00:00,-21.146,365.238,0.0,948938.27
2026-03-21 20:00:00,-28.818,213.235,0.0,948342.69
2026-03-21 21:00:00,-33.548,50.979,0.0,948276.89
2026-03-21 22:00:00,-50.677,0.0,0.0539,947795.17
2026-03-21 23:00:00,-53.984,0.0,0.4112,947794.99
2026-03-22 00:00:00,-68.465,6.332,0.619,947792.03
2026-03-22 01:00:00,-77.84,6.862,0.8762,948714.07
2026-03-22 02:00:00,-90.71,0.0,1.2422,948577.66
2026-03-22 03:00:00,-99.41,4.84,1.3808,948865.28
2026-03-22 04:00:00,-106.806,0.0,1.7832,948651.9
2026-03-22 05:00:00,-116.546,1.699,2.0983,948800.93
2026-03-22 06:00:00,-112.853,2.301,1.8693,949664.59
2026-03-22 07:00:00,-113.736,4.972,1.9843,949437.75
2026-03-22 08:00:00,-116.041,0.414,1.8108,948978.69
2026-03-22 09:00:00,-104.778,7.051,1.6265,949136.53
2026-03-22 10:00:00,-94.132,65.221,1.4486,949716.92
2026-03-22 11:00:00,-88.127,230.656,1.1063,950522.15
2026-03-22 12:00:00,-75.595,372.552,0.9743,950393.0
2026-03-22 13:00:00,-55.837,512.383,0.3646,950284.35
2026-03-22 14:00:00,-45.392,596.432,0.0933,950483.2
2026-03-22 15:00:00,-36.292,651.787,0.0,950609.74
2026-03-22 16:00:00,-25.434,652.468,0.0,951012.92
2026-03-22 17:00:00,-20.846,626.032,0.0,950922.93
2026-03-22 18:00:00,-14.636,565.278,0.0,951142.99
2026-03-22 19:00:00,-20.882,453.357,0.0,951279.67
2026-03-22 20:00:00,-24.768,305.997,0.0,951353.66
2026-03-22 21:00:00,-30.157,164.01,0.0,951423.88
2026-03-22 22:00:00,-51.478,0.0,0.0002,951362.53
2026-03-22 23:00:00,-49.153,7.057,0.0,950748.2
2026-03-23 00:00:00,-64.092,0.0,0.4516,949717.84
2026-03-23 01:00:00,-71.183,1.024,0.627,950020.85
2026-03-23 02:00:00,-77.782,5.895,0.7341,950122.89
2026-03-23 03:00:00,-94.153,0.0,1.1147,950136.24
2026-03-23 04:00:00,-103.265,0.0,1.7662,949811.02
2026-03-23 05:00:00,-109.095,0.0,1.6745,950101.75
2026-03-23 06:00:00,-118.315,4.136,1.9921,949002.99
2026-03-23 07:00:00,-109.782,0.0,1.5019,948909.03
2026-03-23 08:00:00,-116.459,0.0,1.85,948002.29
2026-03-23 09:00:00,-107.716,4.119,1.646,947899.73
2026-03-23 10:00:00,-107.582,0.0,1.6388,947322.13
2026-03-23 11:00:00,-95.932,118.611,1.4465,947845.49
2026-03-23 12:00:00,-80.271,271.487,0.9517,948220.53
2026-03-23 13:00:00,-72.001,419.459,0.7205,948423.81
2026-03-23 14:00:00,-54.951,537.607,0.2883,948901.15
2026-03-23 15:00:00,-39.882,622.38,0.0,948708.39
2026-03-23 16:00:00,-33.203,654.073,0.0,948402.59
2026-03-23 17:00:00,-26.109,663.937,0.0,948199.75
2026-03-23 18:00:00,-17.429,607.61,0.0,948411.95
2026-03-23 19:00:00,-15.446,523.54,0.0,948839.04
2026-03-23 20:00:00,-17.474,416.53,0.0,947922.91
2026-03-23 21:00:00,-30.43,265.378,0.0,947762.2
2026-03-23 22:00:00,-39.147,99.956,0.0,948100.12
2026-03-23 23:00:00,-48.918,0.0,0.0,947547.42
2026-03-24 00:00:00,-54.748,6.765,0.0867,947060.74
2026-03-24 01:00:00,-70.208,7.331,0.6281,946959.47
2026-03-24 02:00:00,-81.096,0.0,0.7541,948065.98
2026-03-24 03:00:00,-89.557,0.0,1.1168,947585.99
2026-03-24 04:00:00,-99.218,0.451,1.3956,946966.1
2026-03-24 05:00:00,-102.21,0.0,1.3662,947840.53
2026-03-24 06:00:00,-107.894,0.0,1.7381,948184.46
2026-03-24 07:00:00,-115.402,0.027,1.8152,948097.02
2026-03-24 08:00:00,-115.94,5.701,1.7939,948126.1
2026-03-24 09:00:00,-122.474,6.037,1.9795,949114.45
2026-03-24 10:00:00,-112.104,0.0,1.6304,948973.21
2026-03-24 11:00:00,-100.376,8.906,1.335,948698.35
2026-03-24 12:00:00,-92.876,180.013,1.0954,948846.97
2026-03-24 13:00:00,-81.223,329.086,1.0419,949191.91
2026-03-24 14:00:00,-60.194,468.851,0.37,949435.14
2026-03-24 15:00:00,-54.667,569.29,0.0279,949200.54
2026-03-24 16:00:00,-34.818,631.925,0.0,949125.26
2026-03-24 17:00:00,-21.449,657.918,0.0,949354.06
2026-03-24 18:00:00,-23.672,653.076,0.0,949066.02
2026-03-24 19:00:00,-17.046,586.493,0.0,949583.32
2026-03-24 20:00:00,-25.731,498.983,0.0,948955.76
2026-03-24 21:00:00,-30.221,360.019,0.0,949108.67
2026-03-24 22:00:00,-34.0,212.425,0.0,949230.29
2026-03-24 23:00:00,-38.898,57.677,0.0,949937.49
2026-03-25 00:00:00,-50.632,0.0,0.0,949965.88
2026-03-25 01:00:00,-59.764,0.0,0.1429,949932.43
2026-03-25 02:00:00,-73.356,6.433,0.5698,949461.98
2026-03-25 03:00:00,-80.841,0.0,0.7986,949970.87
2026-03-25 04:00:00,-92.481,0.0,1.0959,949241.59
2026-03-25 05:00:00,-103.217,0.0,1.4145,949097.97
2026-03-25 06:00:00,-110.638,1.341,1.4777,948328.15
2026-03-25 07:00:00,-112.251,0.0,1.465,947728.02
2026-03-25 08:00:00,-117.856,0.0,1.6927,948240.43
2026-03-25 09:00:00,-117.219,2.249,1.8004,947944.07
2026-03-25 10:00:00,-120.314,0.0,1.8571,948344.06
2026-03-25 11:00:00,-109.052,0.0,1.6395,948068.91
2026-03-25 12:00:00,-100.669,65.664,1.4952,948736.37
2026-03-25 13:00:00,-88.84,224.459,1.1476,948037.81
2026-03-25 14:00:00,-73.563,378.753,0.5081,946934.68
2026-03-25 15:00:00,-57.825,506.141,0.4819,947183.94
2026-03-25 16:00:00,-51.686,595.597,0.0499,948234.9
2026-03-25 17:00:00,-36.17,649.704,0.0,948186.22
2026-03-25 18:00:00,-31.065,662.392,0.0,948607.29
2026-03-25 19:00:00,-21.366,627.866,0.0,948105.76
2026-03-25 20:00:00,-19.95,562.494,0.0,948047.06
2026-03-25 21:00:00,-20.741,458.008,0.0,948201.82
2026-03-25 22:00:00,-22.728,311.175,0.0,947935.47
2026-03-25 23:00:00,-30.481,158.335,0.0,949292.92
2026-03-26 00:00:00,-39.547,0.0,0.0,949963.53
2026-03-26 01:00:00,-52.256,1.827,0.0,950865.16
2026-03-26 02:00:00,-58.596,7.829,0.0,951228.11
2026-03-26 03:00:00,-69.656,2.543,0.4625,951477.89
2026-03-26 04:00:00,-82.491,0.0,0.807,951272.43
2026-03-26 05:00:00,-90.672,2.27,1.0238,951670.11
2026-03-26 06:00:00,-100.098,6.164,1.3198,951826.88
2026-03-26 07:00:00,-103.336,0.0,1.3046,952053.36
2026-03-26 08:00:00,-109.429,4.978,1.7509,951752.59
2026-03-26 09:00:00,-115.681,0.0,2.0731,950825.12
2026-03-26 10:00:00,-115.352,0.0,1.793,950980.03
2026-03-26 11:00:00,-108.09,0.706,1.7631,950196.01
2026-03-26 12:00:00,-101.8,0.0,1.4421,949887.92
2026-03-26 13:00:00,-93.9,123.246,1.1698,949532.42
2026-03-26 14:00:00,-78.562,291.326,0.9907,948886.05
2026-03-26 15:00:00,-63.254,417.408,0.4625,948952.66
2026-03-26 16:00:00,-53.823,535.067,0.2934,948915.92
2026-03-26 17:00:00,-39.92,615.857,0.0,948864.35
2026-03-26 18:00:00,-28.062,660.16,0.0,949436.55
2026-03-26 19:00:00,-23.55,655.462,0.0,949878.41
2026-03-26 20:00:00,-12.521,618.656,0.0,949466.75
2026-03-26 21:00:00,-17.948,531.301,0.0,949174.5
2026-03-26 22:00:00,-18.664,409.867,0.0,948346.31
2026-03-26 23:00:00,-18.739,262.664,0.0,948372.36
2026-03-27 00:00:00,-40.012,101.52,0.0,948111.23
2026-03-27 01:00:00,-43.775,0.0,0.0,947933.92
2026-03-27 02:00:00,-55.247,4.286,0.1245,948428.79
2026-03-27 03:00:00,-63.85,0.0,0.4026,948776.46
2026-03-27 04:00:00,-79.322,4.177,0.8506,949282.52
2026-03-27 05:00:00,-87.529,5.931,1.0719,948836.05
2026-03-27 06:00:00,-96.145,1.054,1.3266,949088.71
2026-03-27 07:00:00,-103.95,0.0,1.5062,948883.53
2026-03-27 08:00:00,-108.533,2.002,1.8122,948787.47
2026-03-27 09:00:00,-122.097,0.0,2.2199,949570.18
2026-03-27 10:00:00,-116.586,1.511,2.052,948740.98
2026-03-27 11:00:00,-115.464,0.0,1.9437,948431.8
2026-03-27 12:00:00,-110.562,0.0,1.7046,948965.46
2026-03-27 13:00:00,-103.389,17.081,1.7988,949207.23
2026-03-27 14:00:00,-93.826,180.302,1.4013,949557.15
2026-03-27 15:00:00,-82.838,330.449,1.1991,949887.12
2026-03-27 16:00:00,-63.6,469.225,0.695,949787.53
2026-03-27 17:00:00,-53.593,573.719,0.3418,949945.08
2026-03-27 18:00:00,-37.99,640.388,0.0,950330.49
2026-03-27 19:00:00,-32.376,665.746,0.0,950562.68
2026-03-27 20:00:00,-20.814,652.322,0.0,951185.55
2026-03-27 21:00:00,-19.402,582.095,0.0,950984.39
2026-03-27 22:00:00,-19.204,490.86,0.0,950938.91
2026-03-27 23:00:00,-23.895,367.24,0.0,950412.88
2026-03-28 00:00:00,-31.545,199.617,0.0,950025.37
2026-03-28 01:00:00,-40.363,43.225,0.0,950139.64
2026-03-28 02:00:00,-45.132,0.0,0.0,949973.45
2026-03-28 03:00:00,-63.068,0.0,0.3786,949297.0
2026-03-28 04:00:00,-70.578,0.0,0.5278,950021.39
2026-03-28 05:00:00,-76.114,0.0,0.716,949818.02
2026-03-28 06:00:00,-87.424,9.206,1.2035,949713.5
2026-03-28 07:00:00,-95.245,0.0,1.1743,949969.93
2026-03-28 08:00:00,-107.291,0.0,1.5456,950405.87
2026-03-28 09:00:00,-117.08,0.0,1.8765,950729.38
2026-03-28 10:00:00,-119.346,8.637,1.9261,950415.92
2026-03-28 11:00:00,-116.996,0.0,1.9178,950323.21
2026-03-28 12:00:00,-111.012,0.0,1.8099,949875.12
2026-03-28 13:00:00,-108.805,0.0,1.7841,949317.82
2026-03-28 14:00:00,-101.238,22.309,1.5123,949376.49
2026-03-28 15:00:00,-88.281,88.366,1.1926,949190.56
2026-03-28 16:00:00,-77.499,158.567,0.841,949158.51
2026-03-28 17:00:00,-67.603,200.529,0.4557,949307.38
2026-03-28 18:00:00,-58.517,224.102,0.3254,948809.61
2026-03-28 19:00:00,-42.519,251.659,0.0,948897.71
2026-03-28 20:00:00,-33.582,248.279,0.0,948710.67
2026-03-28 21:00:00,-33.707,231.269,0.0,948486.78
2026-03-28 22:00:00,-28.615,217.455,0.0,948644.36
2026-03-28 23:00:00,-25.184,176.65,0.0,948964.69
2026-03-29 00:00:00,-33.555,123.535,0.0,949077.81
2026-03-29 01:00:00,-34.897,55.767,0.0,949399.53
2026-03-29 02:00:00,-45.005,0.0,0.0,949379.86
2026-03-29 03:00:00,-55.473,3.749,0.1383,948762.88
2026-03-29 04:00:00,-56.324,1.957,0.1964,948612.18
2026-03-29 05:00:00,-73.195,0.0,0.731,948386.57
2026-03-29 06:00:00,-81.142,0.0,0.9127,948042.33
2026-03-29 07:00:00,-96.442,0.569,1.1909,948077.39
2026-03-29 08:00:00,-97.022,5.395,1.3176,946972.58
2026-03-29 09:00:00,-102.542,0.0,1.5346,946712.49
2026-03-29 10:00:00,-116.975,3.194,1.9297,946769.0
2026-03-29 11:00:00,-115.521,1.658,1.933,946804.32
2026-03-29 12:00:00,-110.93,3.751,1.7546,947668.8
2026-03-29 13:00:00,-113.015,4.36,1.9312,948404.29
2026-03-29 14:00:00,-104.379,0.0,1.4796,948743.63
2026-03-29 15:00:00,-99.713,120.24,1.4477,949427.27
2026-03-29 16:00:00,-83.263,286.332,1.1329,949912.03
2026-03-29 17:00:00,-66.374,435.473,0.625,950396.41
2026-03-29 18:00:00,-55.91,542.524,0.2186,949928.22
2026-03-29 19:00:00,-43.744,620.772,0.0,949725.87
2026-03-29 20:00:00,-37.175,653.842,0.0,949672.79
2026-03-29 21:00:00,-23.465,667.613,0.0,949195.92
2026-03-29 22:00:00,-24.77,616.334,0.0,948568.58
2026-03-29 23:00:00,-14.749,529.876,0.0,948171.77
2026-03-30 00:00:00,-24.039,410.711,0.0,947954.15
2026-03-30 01:00:00,-26.217,262.383,0.0,947838.66
2026-03-30 02:00:00,-35.487,95.137,0.0,947803.4
2026-03-30 03:00:00,-49.429,0.0,0.0132,947980.49
2026-03-30 04:00:00,-56.959,0.0,0.1936,948289.21
2026-03-30 05:00:00,-65.971,13.174,0.5848,948605.8
2026-03-30 06:00:00,-76.847,2.78,0.7827,948464.29
2026-03-30 07:00:00,-90.437,0.0,1.0513,948532.09
2026-03-30 08:00:00,-94.564,2.327,1.1154,947833.46
2026-03-30 09:00:00,-107.162,0.0,1.7083,947638.14
2026-03-30 10:00:00,-110.659,7.523,1.6528,947802.29
2026-03-30 11:00:00,-111.263,0.0,1.77,947860.48
2026-03-30 12:00:00,-113.393,2.505,1.8515,948314.96
2026-03-30 13:00:00,-115.548,5.33,1.9738,947852.56
2026-03-30 14:00:00,-107.056,1.924,1.6945,946920.23
2026-03-30 15:00:00,-100.805,17.614,1.5786,947104.2
2026-03-30 16:00:00,-92.728,184.714,1.2864,947381.98
2026-03-30 17:00:00,-78.35,339.986,1.1832,946963.42
2026-03-30 18:00:00,-59.825,471.034,0.3803,947355.31
2026-03-30 19:00:00,-47.252,574.728,0.1491,946985.05
2026-03-30 20:00:00,-42.477,650.183,0.1789,947442.08
2026-03-30 21:00:00,-31.877,666.55,0.0,947160.49
2026-03-30 22:00:00,-20.732,644.398,0.0,947225.47
2026-03-30 23:00:00,-22.877,585.113,0.0,947084.01
2026-03-31 00:00:00,-16.915,494.61,0.0,947357.19
2026-03-31 01:00:00,-17.459,362.309,0.0,947401.91
2026-03-31 02:00:00,-29.48,208.367,0.0,947921.69
2026-03-31 03:00:00,-42.637,37.625,0.0,948485.2
2026-03-31 04:00:00,-48.492,2.867,0.0,947577.67
2026-03-31 05:00:00,-55.929,0.0,0.1346,947640.43
2026-03-31 06:00:00,-69.125,0.0,0.5359,947551.76
2026-03-31 07:00:00,-78.598,4.849,0.8912,948003.69
2026-03-31 08:00:00,-92.345,4.371,1.2001,948181.5
2026-03-31 09:00:00,-101.223,0.0,1.4976,947170.57
2026-03-31 10:00:00,-103.899,0.0,1.3143,947465.37
2026-03-31 11:00:00,-114.003,0.544,1.8854,947416.89
2026-03-31 12:00:00,-122.205,8.631,1.8967,946437.78
2026-03-31 13:00:00,-115.118,0.0,1.862,946960.44
2026-03-31 14:00:00,-110.719,1.392,1.4666,947263.83
2026-03-31 15:00:00,-103.805,0.0,1.5548,947710.54
2026-03-31 16:00:00,-93.002,71.727,1.33,947722.93
2026-03-31 17:00:00,-85.514,237.901,0.9577,948419.25
2026-03-31 18:00:00,-69.95,386.978,0.5957,948662.73
2026-03-31 19:00:00,-57.438,510.658,0.2898,948329.18
2026-03-31 20:00:00,-43.698,604.472,0.0,948210.29
2026-03-31 21:00:00,-34.342,653.847,0.0,948189.59
2026-03-31 22:00:00,-24.091,658.908,0.0,949082.68
2026-03-31 23:00:00,-21.424,636.798,0.0,949564.32
2026-04-01 00:00:00,-10.868,562.47,0.0,950508.02
2026-04-01 01:00:00,-25.428,452.645,0.0,950334.22
2026-04-01 02:00:00,-22.002,301.484,0.0,950567.73
2026-04-01 03:00:00,-31.496,151.464,0.0,951304.99
2026-04-01 04:00:00,-41.212,3.38,0.0,950819.87
2026-04-01 05:00:00,-54.218,0.0,0.0732,950530.34
2026-04-01 06:00:00,-65.471,0.046,0.2539,951173.96
2026-04-01 07:00:00,-69.429,0.0,0.4035,951453.23
2026-04-01 08:00:00,-77.285,9.211,0.5768,951194.78
2026-04-01 09:00:00,-90.741,9.622,0.9268,951224.45
2026-04-01 10:00:00,-97.986,0.0,1.2743,951330.83
2026-04-01 11:00:00,-108.401,12.47,1.5572,951487.56
2026-04-01 12:00:00,-110.828,0.0,1.6831,951723.24
2026-04-01 13:00:00,-110.495,4.903,1.607,950779.47
2026-04-01 14:00:00,-114.275,4.852,1.8359,950406.12
2026-04-01 15:00:00,-106.848,0.0,1.4933,950564.33
2026-04-01 16:00:00,-109.73,2.466,1.6176,949641.6
2026-04-01 17:00:00,-95.287,131.673,1.2054,949982.87
2026-04-01 18:00:00,-78.65,295.865,0.8595,950077.03
2026-04-01 19:00:00,-60.389,436.216,0.4899,950090.37
2026-04-01 20:00:00,-52.391,554.932,0.1442,950536.15
2026-04-01 21:00:00,-44.027,627.777,0.0,951278.64
2026-04-01 22:00:00,-24.677,664.504,0.0,951463.39
2026-04-01 23:00:00,-23.003,665.807,0.0,950941.47
2026-04-02 00:00:00,-16.342,615.571,0.0,951341.19
2026-04-02 01:00:00,-18.237,529.106,0.0,950877.07
2026-04-02 02:00:00,-19.26,400.965,0.0,950972.24
2026-04-02 03:00:00,-27.511,251.786,0.0,951193.42
2026-04-02 04:00:00,-27.891,90.29,0.0,951475.56
2026-04-02 05:00:00,-40.455,0.0,0.0,951063.66
2026-04-02 06:00:00,-47.736,3.931,0.0,951186.47
2026-04-02 07:00:00,-66.095,4.88,0.4177,951288.44
2026-04-02 08:00:00,-79.92,0.0,0.9871,951834.02
2026-04-02 09:00:00,-85.162,7.155,0.9155,952178.07
2026-04-02 10:00:00,-86.197,6.842,1.0357,951646.66
2026-04-02 11:00:00,-103.42,1.217,1.283,950196.17
2026-04-02 12:00:00,-105.138,0.0,1.468,951056.73
2026-04-02 13:00:00,-115.082,7.877,1.7462,951146.2
2026-04-02 14:00:00,-116.587,0.0,1.8883,951281.06
2026-04-02 15:00:00,-112.408,0.631,1.6092,951366.28
2026-04-02 16:00:00,-102.021,0.0,1.496,951278.25
2026-04-02 17:00:00,-97.51,16.307,1.3224,951069.95
2026-04-02 18:00:00,-94.025,181.301,1.2223,950411.12
2026-04-02 19:00:00,-72.003,347.529,0.6113,950206.39
2026-04-02 20:00:00,-63.601,473.944,0.3887,949660.38
2026-04-02 21:00:00,-47.72,595.809,0.0,950384.76
2026-04-02 22:00:00,-32.739,640.254,0.0,949498.14
2026-04-02 23:00:00,-20.759,662.882,0.0,949579.27
2026-04-03 00:00:00,-13.335,651.996,0.0,949628.79
2026-04-03 01:00:00,-13.221,595.43,0.0,949143.85
2026-04-03 02:00:00,-13.685,488.485,0.0,949884.17
2026-04-03 03:00:00,-14.971,359.871,0.0,950216.55
2026-04-03 04:00:00,-31.882,193.577,0.0,950381.35
2026-04-03 05:00:00,-31.649,32.084,0.0,950798.46
2026-04-03 06:00:00,-48.036,0.0,0.0,951789.36
2026-04-03 07:00:00,-54.403,0.0,0.0894,951466.07
2026-04-03 08:00:00,-67.586,0.585,0.4989,949778.72
2026-04-03 09:00:00,-80.055,0.0,0.913,949719.1
2026-04-03 10:00:00,-85.799,0.0,0.9532,948828.97
2026-04-03 11:00:00,-95.496,0.0,1.299,948760.38
2026-04-03 12:00:00,-103.771,0.0,1.4072,948279.07
2026-04-03 13:00:00,-109.436,1.982,1.6728,948403.64
2026-04-03 14:00:00,-107.684,1.528,1.6508,948617.6
2026-04-03 15:00:00,-105.317,4.469,1.6542,948534.74
2026-04-03 16:00:00,-105.407,3.762,1.8927,948270.52
2026-04-03 17:00:00,-103.258,5.704,1.6285,948823.21
2026-04-03 18:00:00,-99.479,78.658,1.4745,949038.6
2026-04-03 19:00:00,-79.567,245.288,0.864,947888.62
2026-04-03 20:00:00,-65.801,395.703,0.6701,947555.87
2026-04-03 21:00:00,-52.193,517.854,0.1569,947589.35
2026-04-03 22:00:00,-45.336,605.776,0.0034,946880.97
2026-04-03 23:00:00,-28.218,657.479,0.0,947300.06
2026-04-04 00:00:00,-17.334,663.874,0.0,946747.38
2026-04-04 01:00:00,-19.564,635.758,0.0,945980.79
2026-04-04 02:00:00,-12.384,557.95,0.0,946512.44
2026-04-04 03:00:00,-18.747,443.808,0.0,947040.18
2026-04-04 04:00:00,-22.057,303.637,0.0,947903.38
2026-04-04 05:00:00,-33.374,140.888,0.0,947857.5
2026-04-04 06:00:00,-41.743,4.894,0.0,947876.77
2026-04-04 07:00:00,-50.772,0.393,0.0,948206.09
2026-04-04 08:00:00,-57.668,0.0,0.1999,948439.9
2026-04-04 09:00:00,-66.577,4.043,0.3937,948892.68
2026-04-04 10:00:00,-76.385,0.0,0.7761,948650.92
2026-04-04 11:00:00,-91.402,0.0,1.1039,948946.28
2026-04-04 12:00:00,-97.44,5.106,1.4293,949638.52
2026-04-04 13:00:00,-108.888,0.0,1.9,950189.03
2026-04-04 14:00:00,-109.839,0.0,1.8077,949953.43
2026-04-04 15:00:00,-111.469,0.206,1.7884,951532.87
2026-04-04 16:00:00,-112.708,5.713,1.918,951302.71
2026-04-04 17:00:00,-104.816,0.1,1.7631,951397.53
2026-04-04 18:00:00,-100.754,0.0,1.5015,952195.35
2026-04-04 19:00:00,-88.072,138.821,1.0926,951819.18
2026-04-04 20:00:00,-71.596,294.745,0.7058,952117.91
2026-04-04 21:00:00,-62.562,448.501,0.5006,952593.28
2026-04-04 22:00:00,-45.566,552.607,0.2418,953052.76
2026-04-04 23:00:00,-32.275,619.314,0.0,952870.43
2026-04-05 00:00:00,-22.105,669.446,0.0,953049.65
2026-04-05 01:00:00,-19.307,671.442,0.0,953474.26
2026-04-05 02:00:00,-17.024,620.93,0.0,952539.4
2026-04-05 03:00:00,-15.401,533.945,0.0,952168.08
2026-04-05 04:00:00,-20.498,397.537,0.0,951747.05
2026-04-05 05:00:00,-20.488,259.034,0.0,951872.54
2026-04-05 06:00:00,-30.159,86.257,0.0,951647.81
2026-04-05 07:00:00,-41.616,1.121,0.0,951812.19
2026-04-05 08:00:00,-54.65,0.0,0.0,951498.43
2026-04-05 09:00:00,-61.871,0.0,0.1266,951532.14
2026-04-05 10:00:00,-67.865,0.0,0.5196,951798.86
2026-04-05 11:00:00,-80.674,4.493,0.8081,951928.46
2026-04-05 12:00:00,-90.246,4.004,1.328,951553.88
2026-04-05 13:00:00,-91.398,1.384,1.2134,951061.56
2026-04-05 14:00:00,-105.833,0.0,1.6568,951053.95
2026-04-05 15:00:00,-117.185,0.0,1.7912,950452.9
2026-04-05 16:00:00,-115.077,0.0,1.878,950234.42
2026-04-05 17:00:00,-109.195,4.348,1.837,950784.91
2026-04-05 18:00:00,-105.912,5.891,1.6329,950610.89
2026-04-05 19:00:00,-99.657,29.67,1.4989,950611.09
2026-04-05 20:00:00,-87.293,188.849,1.2033,950358.14
2026-04-05 21:00:00,-75.614,334.739,0.8484,950914.05
2026-04-05 22:00:00,-57.661,472.926,0.3472,950403.42
2026-04-05 23:00:00,-40.749,591.095,0.0,950895.27
2026-04-06 00:00:00,-28.857,646.505,0.0,951285.64
2026-04-06 01:00:00,-19.432,667.41,0.0,951638.81
2026-04-06 02:00:00,-20.672,658.693,0.0,951843.59
2026-04-06 03:00:00,-15.194,594.116,0.0,950812.69
2026-04-06 04:00:00,-16.756,487.263,0.0,950844.79
2026-04-06 05:00:00,-17.961,353.56,0.0,950268.96
2026-04-06 06:00:00,-27.267,199.318,0.0,949912.8
2026-04-06 07:00:00,-37.565,33.14,0.0,950214.69
2026-04-06 08:00:00,-41.402,8.0,0.0,950017.29
2026-04-06 09:00:00,-54.415,2.112,0.1364,949878.54
2026-04-06 10:00:00,-65.422,3.63,0.28,950693.05
2026-04-06 11:00:00,-75.004,5.846,0.6484,950855.41
2026-04-06 12:00:00,-84.525,0.0,0.7771,950283.21
2026-04-06 13:00:00,-93.402,3.774,1.1102,949824.64
2026-04-06 14:00:00,-98.678,0.0,1.4055,950306.16
2026-04-06 15:00:00,-112.166,0.0,1.7111,950019.02
2026-04-06 16:00:00,-110.261,0.0,1.6759,950777.99
2026-04-06 17:00:00,-112.159,0.0,1.8257,950654.11
2026-04-06 18:00:00,-110.572,2.656,1.7666,950720.04
2026-04-06 19:00:00,-102.367,0.569,1.7222,950940.22
2026-04-06 20:00:00,-91.999,83.369,1.2708,950401.52
2026-04-06 21:00:00,-83.696,257.562,1.0811,950700.38
2026-04-06 22:00:00,-63.034,390.833,0.4358,950352.78
2026-04-06 23:00:00,-57.883,520.777,0.2483,950090.88
2026-04-07 00:00:00,-38.502,612.545,0.0,950169.94
2026-04-07 01:00:00,-32.389,658.001,0.0,950777.75
2026-04-07 02:00:00,-23.593,669.761,0.0,950513.85
2026-04-07 03:00:00,-17.457,626.318,0.0,950311.76
2026-04-07 04:00:00,-16.842,565.103,0.0,949891.08
2026-04-07 05:00:00,-25.662,442.34,0.0,949313.63
2026-04-07 06:00:00,-20.411,314.808,0.0,947914.13
2026-04-07 07:00:00,-28.551,143.709,0.0,948672.99
2026-04-07 08:00:00,-41.653,5.14,0.0,949643.3
2026-04-07 09:00:00,-50.407,0.0,0.0,949984.17
2026-04-07 10:00:00,-60.233,0.0,0.2348,949777.4
2026-04-07 11:00:00,-75.389,0.0,0.6612,950762.36
2026-04-07 12:00:00,-86.793,0.596,1.1946,951572.69
2026-04-07 13:00:00,-88.358,1.59,0.9628,950925.84
2026-04-07 14:00:00,-96.048,0.0,1.2875,951078.33
2026-04-07 15:00:00,-104.385,0.0,1.4894,951181.38
2026-04-07 16:00:00,-108.991,0.0,1.5881,950892.29
2026-04-07 17:00:00,-109.947,11.498,1.732,950476.32
2026-04-07 18:00:00,-109.37,0.0,1.6206,950423.73
2026-04-07 19:00:00,-110.311,7.726,1.6343,950280.61
2026-04-07 20:00:00,-101.438,0.0,1.4234,950039.71
2026-04-07 21:00:00,-92.41,141.293,1.2487,950882.72
2026-04-07 22:00:00,-79.182,294.622,0.8351,950781.05
2026-04-07 23:00:00,-60.616,440.786,0.3563,950968.04
2026-04-08 00:00:00,-45.778,557.271,0.0098,950457.17
2026-04-08 01:00:00,-44.777,641.437,0.0042,950151.37
2026-04-08 02:00:00,-28.209,671.004,0.0,949228.32
2026-04-08 03:00:00,-21.283,669.946,0.0,948773.46
2026-04-08 04:00:00,-12.633,616.549,0.0,949217.34
2026-04-08 05:00:00,-20.143,532.192,0.0,949015.14
2026-04-08 06:00:00,-27.929,400.623,0.0,948522.19
2026-04-08 07:00:00,-22.279,263.835,0.0,948835.46
2026-04-08 08:00:00,-31.761,84.146,0.0,949140.18
2026-04-08 09:00:00,-49.147,0.0,0.0,949047.22
2026-04-08 10:00:00,-53.395,0.0,0.0,949102.24
2026-04-08 11:00:00,-58.536,11.655,0.0486,949187.53
2026-04-08 12:00:00,-76.981,4.097,0.6511,949088.46
2026-04-08 13:00:00,-84.322,0.0,0.9209,949636.49
2026-04-08 14:00:00,-92.86,6.245,0.9593,949653.31
2026-04-08 15:00:00,-106.48,3.438,1.5208,949551.54
2026-04-08 16:00:00,-109.787,9.831,1.5666,950136.47
2026-04-08 17:00:00,-117.612,0.0,1.7179,949983.44
2026-04-08 18:00:00,-113.771,0.0,1.812,949757.6
2026-04-08 19:00:00,-114.123,0.0,1.6631,949531.42
2026-04-08 20:00:00,-107.344,0.0,1.5621,949810.47
2026-04-08 21:00:00,-99.501,33.34,1.3288,950745.21
2026-04-08 22:00:00,-84.358,195.25,1.0363,951149.52
2026-04-08 23:00:00,-67.944,356.181,0.6955,950422.4
2026-04-09 00:00:00,-60.645,497.414,0.4746,950742.4
2026-04-09 01:00:00,-49.176,585.633,0.1382,949918.71
2026-04-09 02:00:00,-37.526,649.156,0.0,949909.52
2026-04-09 03:00:00,-30.307,673.668,0.0,949676.86
2026-04-09 04:00:00,-19.38,656.364,0.0,949822.17
2026-04-09 05:00:00,-18.776,584.88,0.0,949138.88
2026-04-09 06:00:00,-15.909,482.89,0.0,949200.62
2026-04-09 07:00:00,-23.77,358.269,0.0,949150.97
2026-04-09 08:00:00,-29.713,199.012,0.0,949989.58
2026-04-09 09:00:00,-37.598,18.29,0.0,950598.53
2026-04-09 10:00:00,-47.704,0.0,0.0,951125.73
2026-04-09 11:00:00,-62.247,7.506,0.1885,950663.61
2026-04-09 12:00:00,-67.539,2.01,0.5138,950299.22
2026-04-09 13:00:00,-80.897,0.0,0.8098,950258.02
2026-04-09 14:00:00,-85.69,0.0,0.901,950891.09
2026-04-09 15:00:00,-95.379,0.066,1.2647,950004.53
2026-04-09 16:00:00,-112.482,3.679,1.8124,950046.43
2026-04-09 17:00:00,-108.845,0.0,1.7858,949796.01
2026-04-09 18:00:00,-112.58,0.0,1.7582,949531.17
2026-04-09 19:00:00,-118.634,1.365,1.9697,949587.88
2026-04-09 20:00:00,-109.227,0.0,1.7669,949462.03
2026-04-09 21:00:00,-110.232,2.859,1.9227,949962.45
2026-04-09 22:00:00,-93.385,80.089,1.464,949514.69
2026-04-09 23:00:00,-85.666,253.618,1.1778,949645.75
2026-04-10 00:00:00,-74.197,406.636,0.8518,950056.65
2026-04-10 01:00:00,-49.883,527.064,0.2061,949684.15
2026-04-10 02:00:00,-48.3,614.91,0.1886,949956.4
2026-04-10 03:00:00,-35.232,663.664,0.0,950247.45
2026-04-10 04:00:00,-26.285,667.017,0.0,950310.5
2026-04-10 05:00:00,-20.468,634.538,0.0,950573.58
2026-04-10 06:00:00,-15.032,563.904,0.0,950393.86
2026-04-10 07:00:00,-19.342,443.706,0.0,950883.73
2026-04-10 08:00:00,-21.723,297.85,0.0,950649.0
2026-04-10 09:00:00,-31.727,138.304,0.0,950212.1
2026-04-10 10:00:00,-47.688,1.004,0.0,950064.57
2026-04-10 11:00:00,-49.828,0.0,0.2327,950200.88
2026-04-10 12:00:00,-60.265,2.427,0.2398,950338.75
2026-04-10 13:00:00,-73.875,2.614,0.7532,949988.54
2026-04-10 14:00:00,-76.479,4.445,0.7903,949703.94
2026-04-10 15:00:00,-90.834,7.118,1.2968,949964.2
2026-04-10 16:00:00,-98.954,4.979,1.4639,949824.23
2026-04-10 17:00:00,-105.832,0.0,1.6003,950135.18
2026-04-10 18:00:00,-114.401,0.0,1.8314,950309.29
2026-04-10 19:00:00,-113.751,0.0,1.8875,949601.05
2026-04-10 20:00:00,-113.995,0.0,1.8925,949732.92
2026-04-10 21:00:00,-113.722,0.0,1.8211,949878.8
2026-04-10 22:00:00,-109.058,0.0,1.906,949582.66
2026-04-10 23:00:00,-93.727,141.521,1.5473,950422.7
2026-04-11 00:00:00,-78.47,301.908,0.9791,950450.78
2026-04-11 01:00:00,-66.078,445.362,0.5671,951600.8
2026-04-11 02:00:00,-52.771,565.657,0.3845,950878.43
2026-04-11 03:00:00,-39.763,637.448,0.0257,950774.85
2026-04-11 04:00:00,-30.943,684.405,0.0,951112.51
2026-04-11 05:00:00,-18.002,665.1,0.0,951500.41
2026-04-11 06:00:00,-17.448,612.106,0.0,950855.98
2026-04-11 07:00:00,-19.199,523.263,0.0,950097.01
2026-04-11 08:00:00,-26.2,400.416,0.0,949777.73
2026-04-11 09:00:00,-28.793,251.42,0.0,949867.42
2026-04-11 10:00:00,-39.434,93.632,0.0,949246.33
2026-04-11 11:00:00,-49.011,0.0,0.0706,949413.26
2026-04-11 12:00:00,-52.841,4.295,0.3361,949653.06
2026-04-11 13:00:00,-65.422,1.039,0.4338,950069.22
2026-04-11 14:00:00,-81.407,0.0,0.8055,949869.29
2026-04-11 15:00:00,-84.165,3.853,1.1352,950315.58
2026-04-11 16:00:00,-99.909,6.338,1.6165,950831.77
2026-04-11 17:00:00,-101.435,0.0,1.6555,951279.53
2026-04-11 18:00:00,-110.206,0.0,1.8301,951530.82
2026-04-11 19:00:00,-112.529,0.0,1.9065,951491.44
2026-04-11 20:00:00,-114.352,0.0,1.9308,950976.1
2026-04-11 21:00:00,-112.992,5.24,1.9633,949989.65
2026-04-11 22:00:00,-107.97,0.0,1.7717,950772.01
2026-04-11 23:00:00,-101.16,26.16,1.6584,951180.92
2026-04-12 00:00:00,-82.572,201.72,1.325,950994.37
2026-04-12 01:00:00,-73.829,353.89,0.9168,951024.14
2026-04-12 02:00:00,-59.847,487.067,0.5808,950776.13
2026-04-12 03:00:00,-49.412,594.444,0.2938,951085.5
2026-04-12 04:00:00,-35.677,648.126,0.0,951124.22
2026-04-12 05:00:00,-31.232,670.374,0.0,950520.32
2026-04-12 06:00:00,-18.505,653.058,0.0,950759.09
2026-04-12 07:00:00,-23.746,592.4,0.0,950439.97
2026-04-12 08:00:00,-22.549,491.064,0.0,950039.59
2026-04-12 09:00:00,-28.821,347.552,0.0,951089.27
2026-04-12 10:00:00,-29.898,198.901,0.0,950483.84
2026-04-12 11:00:00,-43.245,21.078,0.0,950439.92
2026-04-12 12:00:00,-48.438,9.131,0.169,950671.13
2026-04-12 13:00:00,-62.523,0.0,0.5146,950722.33
2026-04-12 14:00:00,-67.696,6.642,0.6641,951446.92
2026-04-12 15:00:00,-78.155,0.0,1.1027,951160.41
2026-04-12 16:00:00,-89.758,10.066,1.3227,951165.14
2026-04-12 17:00:00,-99.461,2.957,1.7839,950097.34
2026-04-12 18:00:00,-106.478,0.0,1.7291,950285.72
2026-04-12 19:00:00,-114.839,0.0,2.0915,949558.67
2026-04-12 20:00:00,-118.148,3.906,2.2422,949712.35
2026-04-12 21:00:00,-113.406,5.263,2.0076,950300.02
2026-04-12 22:00:00,-113.829,0.0,2.1059,950595.64
2026-04-12 23:00:00,-106.564,0.223,1.9393,949994.58
2026-04-13 00:00:00,-93.067,93.827,1.4555,949769.22
2026-04-13 01:00:00,-85.625,256.502,1.3913,949635.71
2026-04-13 02:00:00,-72.387,398.675,0.8553,950257.41
2026-04-13 03:00:00,-57.616,524.227,0.4473,950211.1
2026-04-13 04:00:00,-43.574,618.512,0.0541,949168.43
2026-04-13 05:00:00,-30.114,672.601,0.0,949691.32
2026-04-13 06:00:00,-23.493,680.756,0.0,949853.5
2026-04-13 07:00:00,-11.911,639.29,0.0,949818.14
2026-04-13 08:00:00,-15.307,558.513,0.0,949325.1
2026-04-13 09:00:00,-16.245,446.527,0.0,948866.84
2026-04-13 10:00:00,-23.737,296.557,0.0,949420.91
2026-04-13 11:00:00,-28.731,136.856,0.0,949388.42
2026-04-13 12:00:00,-42.787,0.0,0.0,948983.63
2026-04-13 13:00:00,-52.516,0.0,0.1768,948391.22
2026-04-13 14:00:00,-57.435,1.668,0.2822,948464.5
2026-04-13 15:00:00,-71.672,0.928,0.6266,947987.9
2026-04-13 16:00:00,-81.618,3.438,0.825,947863.73
2026-04-13 17:00:00,-89.211,2.731,1.0904,947647.37
2026-04-13 18:00:00,-101.049,1.213,1.5715,947552.11
2026-04-13 19:00:00,-109.208,2.783,1.7912,948316.17
2026-04-13 20:00:00,-114.932,0.0,1.8215,948119.26
2026-04-13 21:00:00,-111.726,2.064,1.9361,949656.61
2026-04-13 22:00:00,-114.901,0.0,1.8662,949640.27
2026-04-13 23:00:00,-109.882,1.849,1.9253,948962.55
2026-04-14 00:00:00,-102.839,3.342,1.6939,948730.12
2026-04-14 01:00:00,-91.452,144.443,1.3501,948379.1
2026-04-14 02:00:00,-76.062,309.544,0.9995,948024.16
2026-04-14 03:00:00,-65.551,447.7,0.7921,947710.08
2026-04-14 04:00:00,-47.462,560.619,0.0661,947665.16
2026-04-14 05:00:00,-40.025,633.697,0.0634,948083.65
2026-04-14 06:00:00,-27.8,680.443,0.0,947838.73
2026-04-14 07:00:00,-22.111,670.708,0.0,948243.81
2026-04-14 08:00:00,-10.969,616.367,0.0,948811.97
2026-04-14 09:00:00,-17.676,532.21,0.0,948108.48
2026-04-14 10:00:00,-20.312,396.336,0.0,947844.15
2026-04-14 11:00:00,-25.492,261.713,0.0,948158.51
2026-04-14 12:00:00,-36.436,78.756,0.0,948034.52
2026-04-14 13:00:00,-44.178,1.276,0.0,947797.14
2026-04-14 14:00:00,-50.274,0.0,0.0986,947487.97
2026-04-14 15:00:00,-64.036,1.862,0.4145,947556.23
2026-04-14 16:00:00,-74.644,4.178,0.7623,947639.71
2026-04-14 17:00:00,-87.075,0.0,1.1038,947414.05
2026-04-14 18:00:00,-96.996,8.884,1.2829,947406.3
2026-04-14 19:00:00,-102.958,1.196,1.6056,947630.78
2026-04-14 20:00:00,-108.884,1.352,1.7473,948360.73
2026-04-14 21:00:00,-108.703,0.0,1.9463,948461.19
2026-04-14 22:00:00,-115.674,2.092,2.1425,947540.33
2026-04-14 23:00:00,-106.455,0.0,1.7945,948354.07
2026-04-15 00:00:00,-106.668,0.0,1.8724,948045.47
2026-04-15 01:00:00,-98.074,31.504,1.609,948431.13
2026-04-15 02:00:00,-88.728,217.895,1.333,948685.52
2026-04-15 03:00:00,-70.502,359.173,0.7211,948965.97
2026-04-15 04:00:00,-61.308,485.893,0.5291,949054.4
2026-04-15 05:00:00,-44.239,590.538,0.0695,948310.67
2026-04-15 06:00:00,-33.549,656.271,0.0,948221.17
2026-04-15 07:00:00,-26.634,679.373,0.0,947851.63
2026-04-15 08:00:00,-25.658,655.833,0.0,947615.11
2026-04-15 09:00:00,-9.899,590.69,0.0,947985.4
2026-04-15 10:00:00,-20.503,480.402,0.0,948548.75
2026-04-15 11:00:00,-19.719,350.412,0.0,948558.02
2026-04-15 12:00:00,-30.716,186.886,0.0,947846.87
2026-04-15 13:00:00,-35.436,18.364,0.0,947318.66
2026-04-15 14:00:00,-47.758,0.0,0.0278,947220.67
2026-04-15 15:00:00,-58.059,0.0,0.1279,946829.18
2026-04-15 16:00:00,-64.118,5.321,0.2757,946133.11
2026-04-15 17:00:00,-80.086,3.443,0.7507,946114.65
2026-04-15 18:00:00,-87.693,4.883,1.195,945837.16
2026-04-15 19:00:00,-93.036,0.197,1.2542,946305.09
2026-04-15 20:00:00,-97.466,3.884,1.2974,945908.98
2026-04-15 21:00:00,-110.515,0.0,1.6242,946266.88
2026-04-15 22:00:00,-111.964,4.315,1.572,945759.66
2026-04-15 23:00:00,-109.733,0.886,1.6593,945868.93
2026-04-16 00:00:00,-113.527,3.136,1.8841,945520.47
2026-04-16 01:00:00,-98.241,1.9,1.3692,945331.68
2026-04-16 02:00:00,-95.314,88.905,1.3089,945283.98
2026-04-16 03:00:00,-80.535,252.349,1.003,944746.69
2026-04-16 04:00:00,-65.101,405.51,0.4831,945389.25
2026-04-16 05:00:00,-50.952,534.721,0.2187,945293.19
2026-04-16 06:00:00,-41.346,623.836,0.0,945719.92
2026-04-16 07:00:00,-23.219,661.981,0.0,946061.43
2026-04-16 08:00:00,-27.576,669.167,0.0,945467.46
2026-04-16 09:00:00,-17.521,632.181,0.0,946039.28
2026-04-16 10:00:00,-14.6,554.677,0.0,946179.24
2026-04-16 11:00:00,-17.757,434.383,0.0,947360.12
2026-04-16 12:00:00,-16.652,290.316,0.0,948164.25
2026-04-16 13:00:00,-34.15,130.334,0.0,947808.83
2026-04-16 14:00:00,-34.767,0.431,0.0,948486.1
2026-04-16 15:00:00,-48.303,0.0,0.0,948970.89
2026-04-16 16:00:00,-61.566,0.0,0.3498,948831.31
2026-04-16 17:00:00,-74.59,5.293,0.646,948113.37
2026-04-16 18:00:00,-79.854,0.0,0.9531,948418.11
2026-04-16 19:00:00,-90.876,0.0,1.1839,948642.84
2026-04-16 20:00:00,-97.238,5.124,1.3097,948590.08
2026-04-16 21:00:00,-106.058,0.0,1.6418,948713.91
2026-04-16 22:00:00,-105.385,0.0,1.757,948796.24
2026-04-16 23:00:00,-109.648,5.817,1.8237,948796.45
2026-04-17 00:00:00,-109.562,0.0,1.6407,948750.38
2026-04-17 01:00:00,-101.248,5.522,1.4985,949070.86
2026-04-17 02:00:00,-97.176,2.145,1.3688,948688.47
2026-04-17 03:00:00,-83.926,149.974,1.034,948770.92
2026-04-17 04:00:00,-68.866,315.677,0.6093,949468.11
2026-04-17 05:00:00,-58.689,456.253,0.2278,949033.19
2026-04-17 06:00:00,-44.671,571.779,0.0,949104.43
2026-04-17 07:00:00,-30.247,639.372,0.0,948468.02
2026-04-17 08:00:00,-30.092,676.302,0.0,948887.97
2026-04-17 09:00:00,-15.987,666.115,0.0,948204.37
2026-04-17 10:00:00,-12.483,617.237,0.0,948638.25
2026-04-17 11:00:00,-10.558,516.251,0.0,948309.2
2026-04-17 12:00:00,-16.987,400.45,0.0,947735.85
2026-04-17 13:00:00,-17.572,246.146,0.0,947319.56
2026-04-17 14:00:00,-32.636,69.926,0.0,945960.12
2026-04-17 15:00:00,-40.96,6.041,0.0,945289.76
2026-04-17 16:00:00,-50.935,11.17,0.0183,945694.5
2026-04-17 17:00:00,-55.865,5.009,0.2705,945371.82
2026-04-17 18:00:00,-76.404,7.135,0.7221,946228.37
2026-04-17 19:00:00,-75.697,0.427,0.8593,946446.25
2026-04-17 20:00:00,-85.894,0.0,1.2865,946916.79
2026-04-17 21:00:00,-99.909,0.0,1.5684,946688.77
2026-04-17 22:00:00,-100.71,1.275,1.4918,947241.24
2026-04-17 23:00:00,-107.242,0.0,1.8809,947667.57
2026-04-18 00:00:00,-103.891,0.0,1.6569,946969.48
2026-04-18 01:00:00,-103.814,0.0,1.708,946885.97
2026-04-18 02:00:00,-95.593,3.078,1.4078,947764.47
2026-04-18 03:00:00,-99.537,31.818,1.4601,947509.97
2026-04-18 04:00:00,-81.128,206.246,1.0352,948187.6
2026-04-18 05:00:00,-72.648,371.998,0.66,947948.84
2026-04-18 06:00:00,-55.966,491.507,0.3319,947483.44
2026-04-18 07:00:00,-33.912,601.591,0.0,947344.83
2026-04-18 08:00:00,-28.216,656.618,0.0,947258.91
2026-04-18 09:00:00,-16.985,681.019,0.0,946715.95
2026-04-18 10:00:00,-12.827,659.227,0.0,947595.35
2026-04-18 11:00:00,-10.347,590.682,0.0,947690.87
2026-04-18 12:00:00,-14.252,486.849,0.0,947662.93
2026-04-18 13:00:00,-20.188,340.723,0.0,947501.6
2026-04-18 14:00:00,-26.821,193.845,0.0,947848.22
2026-04-18 15:00:00,-44.63,13.641,0.0,947238.99
2026-04-18 16:00:00,-45.196,1.298,0.0,947611.15
2026-04-18 17:00:00,-53.448,1.291,0.0092,947731.62
2026-04-18 18:00:00,-66.679,2.426,0.5318,948272.3
2026-04-18 19:00:00,-76.255,1.685,0.6302,948536.48
2026-04-18 20:00:00,-84.277,0.0,0.9903,947448.61
2026-04-18 21:00:00,-92.382,0.0,1.1558,948295.27
2026-04-18 22:00:00,-106.041,4.362,1.5169,948714.3
2026-04-18 23:00:00,-109.657,0.929,1.8961,948543.0
2026-04-19 00:00:00,-107.97,5.747,1.7242,948119.97
2026-04-19 01:00:00,-108.735,0.0,1.7988,948006.96
2026-04-19 02:00:00,-103.444,0.0,1.5106,948480.51
2026-04-19 03:00:00,-98.652,4.831,1.4036,949002.61
2026-04-19 04:00:00,-85.016,95.8,0.8828,949406.69
2026-04-19 05:00:00,-79.888,265.527,0.9452,949552.41
2026-04-19 06:00:00,-60.176,409.721,0.2956,949713.0
2026-04-19 07:00:00,-53.396,543.665,0.2582,949377.59
2026-04-19 08:00:00,-31.255,618.979,0.0,949563.29
2026-04-19 09:00:00,-26.532,669.346,0.0,949437.98
2026-04-19 10:00:00,-18.203,675.915,0.0,949682.46
2026-04-19 11:00:00,-11.872,630.651,0.0,950070.77
2026-04-19 12:00:00,-17.647,557.421,0.0,950047.82
2026-04-19 13:00:00,-19.185,447.592,0.0,949807.65
2026-04-19 14:00:00,-20.887,292.454,0.0,949800.06
2026-04-19 15:00:00,-28.943,133.204,0.0,949741.28
2026-04-19 16:00:00,-33.742,0.0,0.0,949268.35
2026-04-19 17:00:00,-51.573,0.0,0.1477,948810.36
2026-04-19 18:00:00,-54.128,0.0,0.0829,948042.67
2026-04-19 19:00:00,-69.674,0.0,0.658,947086.57
2026-04-19 20:00:00,-80.225,5.407,0.7391,948200.08
2026-04-19 21:00:00,-90.047,0.0,1.0521,948360.61
2026-04-19 22:00:00,-99.131,0.0,1.2069,948014.65
2026-04-19 23:00:00,-103.603,0.0,1.5003,947375.52
2026-04-20 00:00:00,-110.828,0.0,1.6866,947228.98
2026-04-20 01:00:00,-115.793,0.0,1.8246,945842.16
2026-04-20 02:00:00,-110.693,4.805,1.6841,946472.48
2026-04-20 03:00:00,-104.782,0.0,1.6174,946921.91
2026-04-20 04:00:00,-104.464,0.0,1.5962,947142.2
2026-04-20 05:00:00,-86.289,153.584,1.1373,946616.29
2026-04-20 06:00:00,-71.206,325.965,0.5562,946888.92
2026-04-20 07:00:00,-55.994,462.28,0.2355,946680.14
2026-04-20 08:00:00,-45.72,567.247,0.0,947147.17
2026-04-20 09:00:00,-39.127,651.351,0.0,946643.87
2026-04-20 10:00:00,-21.857,674.287,0.0,947077.79
2026-04-20 11:00:00,-13.534,672.42,0.0,947027.99
2026-04-20 12:00:00,-14.65,606.87,0.0,947253.51
2026-04-20 13:00:00,-12.496,525.691,0.0,947936.89
2026-04-20 14:00:00,-14.482,391.35,0.0,947745.11
2026-04-20 15:00:00,-17.322,235.884,0.0,947397.96
2026-04-20 16:00:00,-32.417,72.013,0.0,947731.11
2026-04-20 17:00:00,-38.559,1.387,0.0,948008.39
2026-04-20 18:00:00,-49.852,0.0,0.0,947735.29
2026-04-20 19:00:00,-60.335,2.77,0.0,947546.74
2026-04-20 20:00:00,-67.478,0.0,0.2881,947301.59
2026-04-20 21:00:00,-84.596,3.102,1.0407,947740.3
2026-04-20 22:00:00,-90.729,2.211,1.0964,947766.94
2026-04-20 23:00:00,-98.909,0.0,1.2826,947611.12
2026-04-21 00:00:00,-109.037,0.0,1.6078,948411.9
2026-04-21 01:00:00,-104.194,0.758,1.5956,949189.74
2026-04-21 02:00:00,-106.249,2.751,1.7531,949179.43
2026-04-21 03:00:00,-105.99,10.309,1.6238,949001.43
2026-04-21 04:00:00,-102.586,4.697,1.5254,948936.04
2026-04-21 05:00:00,-93.678,47.669,1.1786,948546.75
2026-04-21 06:00:00,-77.793,227.877,0.9146,948835.31
2026-04-21 07:00:00,-66.026,370.953,0.6267,948628.89
2026-04-21 08:00:00,-54.722,502.958,0.4164,948866.05
2026-04-21 09:00:00,-41.689,603.905,0.0424,947953.97
2026-04-21 10:00:00,-29.177,656.427,0.0,947762.69
2026-04-21 11:00:00,-22.717,677.631,0.0,948246.15
2026-04-21 12:00:00,-12.866,651.8,0.0,948629.85
2026-04-21 13:00:00,-12.805,589.795,0.0,949240.4
2026-04-21 14:00:00,-14.275,480.033,0.0,949365.04
2026-04-21 15:00:00,-6.432,344.882,0.0,949569.4
2026-04-21 16:00:00,-18.192,190.682,0.0,950350.12
2026-04-21 17:00:00,-33.615,18.642,0.0,950775.83
2026-04-21 18:00:00,-40.131,0.0,0.0,950808.5
2026-04-21 19:00:00,-49.809,0.0,0.1514,950393.12
2026-04-21 20:00:00,-63.475,5.676,0.3863,950677.76
2026-04-21 21:00:00,-73.518,3.869,0.5375,951449.52
2026-04-21 22:00:00,-85.628,0.0,0.9335,951762.2
2026-04-21 23:00:00,-90.152,0.0,1.1077,951199.32
2026-04-22 00:00:00,-97.758,0.828,1.2355,951129.11
2026-04-22 01:00:00,-102.121,3.894,1.4055,951176.75
2026-04-22 02:00:00,-108.868,4.551,1.605,951477.06
2026-04-22 03:00:00,-103.408,1.42,1.552,951217.93
2026-04-22 04:00:00,-107.681,2.926,1.6209,951276.98
2026-04-22 05:00:00,-96.262,0.321,1.3972,951459.11
2026-04-22 06:00:00,-94.213,98.098,1.4348,951315.89
2026-04-22 07:00:00,-83.17,266.471,1.0372,951477.43
2026-04-22 08:00:00,-59.148,416.901,0.3177,951784.59
2026-04-22 09:00:00,-49.145,538.757,0.2063,952307.47
2026-04-22 10:00:00,-36.586,616.834,0.0,952312.77
2026-04-22 11:00:00,-28.203,671.172,0.0,952171.49
2026-04-22 12:00:00,-21.48,676.874,0.0,951829.9
2026-04-22 13:00:00,-16.167,634.93,0.0,952257.37
2026-04-22 14:00:00,-11.989,553.755,0.0,952253.97
2026-04-22 15:00:00,-14.958,440.239,0.0,952393.97
2026-04-22 16:00:00,-26.162,286.937,0.0,952443.15
2026-04-22 17:00:00,-24.365,119.839,0.0,952369.06
2026-04-22 18:00:00,-40.264,0.0,0.0,951873.1
2026-04-22 19:00:00,-43.915,3.821,0.0,951947.85
2026-04-22 20:00:00,-59.126,8.438,0.1998,951702.61
2026-04-22 21:00:00,-66.994,3.911,0.7347,950540.42
2026-04-22 22:00:00,-75.483,0.0,0.783,950465.63
2026-04-22 23:00:00,-85.363,0.0,1.1201,951017.0
2026-04-23 00:00:00,-98.088,1.283,1.5089,951027.23
2026-04-23 01:00:00,-101.727,0.888,1.6111,950574.33
2026-04-23 02:00:00,-105.968,2.697,1.695,951167.95
2026-04-23 03:00:00,-110.04,0.0,1.8624,950630.65
2026-04-23 04:00:00,-111.777,0.325,1.8498,950269.0
2026-04-23 05:00:00,-106.228,2.102,1.7718,950067.08
2026-04-23 06:00:00,-99.513,4.128,1.515,950132.54
2026-04-23 07:00:00,-87.208,155.444,1.2561,949782.04
2026-04-23 08:00:00,-68.967,319.463,0.7026,949828.79
2026-04-23 09:00:00,-57.442,448.655,0.4721,950622.06
2026-04-23 10:00:00,-49.671,570.218,0.1739,949376.48
2026-04-23 11:00:00,-29.697,644.84,0.0,949276.23
2026-04-23 12:00:00,-26.09,674.697,0.0,949904.33
2026-04-23 13:00:00,-16.494,669.062,0.0,950345.65
2026-04-23 14:00:00,-17.76,613.243,0.0,949510.02
2026-04-23 15:00:00,-15.727,507.895,0.0,949124.13
2026-04-23 16:00:00,-14.418,392.407,0.0,949202.83
2026-04-23 17:00:00,-26.857,233.548,0.0,948878.89
2026-04-23 18:00:00,-33.536,72.089,0.0,948337.91
2026-04-23 19:00:00,-42.184,0.0,0.0,947977.01
2026-04-23 20:00:00,-55.922,0.15,0.0073,947814.49
2026-04-23 21:00:00,-68.193,0.0,0.3888,948191.94
2026-04-23 22:00:00,-70.579,1.516,0.3966,947999.36
2026-04-23 23:00:00,-75.257,0.623,0.6818,948149.23
2026-04-24 00:00:00,-92.474,0.0,1.2024,948301.58
2026-04-24 01:00:00,-99.59,0.0,1.2184,947778.15
2026-04-24 02:00:00,-109.904,0.0,1.6278,947287.58
2026-04-24 03:00:00,-105.967,0.0,1.5637,946893.61
2026-04-24 04:00:00,-112.366,0.0,1.8321,946340.11
2026-04-24 05:00:00,-106.388,0.0,1.4723,946803.32
2026-04-24 06:00:00,-103.257,3.126,1.3891,947462.48
2026-04-24 07:00:00,-95.318,45.112,1.2925,947926.27
2026-04-24 08:00:00,-82.12,211.541,0.8881,947944.03
2026-04-24 09:00:00,-68.279,370.873,0.5293,947251.03
2026-04-24 10:00:00,-55.183,505.261,0.1772,947030.78
2026-04-24 11:00:00,-39.941,605.079,0.0,947304.09
2026-04-24 12:00:00,-33.716,673.209,0.0,948097.98
2026-04-24 13:00:00,-23.901,677.975,0.0,948482.9
2026-04-24 14:00:00,-12.847,654.461,0.0,948781.4
2026-04-24 15:00:00,-14.488,588.182,0.0,948236.52
2026-04-24 16:00:00,-17.162,479.311,0.0,948007.1
2026-04-24 17:00:00,-16.986,339.338,0.0,948338.65
2026-04-24 18:00:00,-25.074,174.425,0.0,948763.55
2026-04-24 19:00:00,-41.678,8.175,0.0,948788.72
2026-04-24 20:00:00,-43.4,0.0,0.0,948246.77
2026-04-24 21:00:00,-55.106,0.0,0.0255,948385.99
2026-04-24 22:00:00,-63.006,0.0,0.2912,948231.29
2026-04-24 23:00:00,-75.964,0.0,0.6228,947835.37
2026-04-25 00:00:00,-84.015,2.919,0.9227,948254.79
2026-04-25 01:00:00,-99.237,3.005,1.4324,948119.44
2026-04-25 02:00:00,-104.425,0.0,1.3479,948531.42
2026-04-25 03:00:00,-104.097,0.0,1.5989,948831.36
2026-04-25 04:00:00,-101.117,0.0,1.5758,948419.79
2026-04-25 05:00:00,-107.944,0.0,1.7273,948533.98
2026-04-25 06:00:00,-108.07,1.995,1.6768,948278.62
2026-04-25 07:00:00,-100.567,4.125,1.7075,948193.87
2026-04-25 08:00:00,-93.562,101.721,1.499,947578.32
2026-04-25 09:00:00,-73.94,276.975,0.9641,948089.98
2026-04-25 10:00:00,-63.862,413.032,0.5622,948651.95
2026-04-25 11:00:00,-46.672,536.116,0.1884,947529.94
2026-04-25 12:00:00,-37.397,632.632,0.0,947134.94
2026-04-25 13:00:00,-22.967,683.553,0.0,946591.7
2026-04-25 14:00:00,-23.318,680.182,0.0,946612.06
2026-04-25 15:00:00,-14.192,636.269,0.0,947245.81
2026-04-25 16:00:00,-11.932,543.15,0.0,947942.12
2026-04-25 17:00:00,-16.758,425.882,0.0,948409.07
2026-04-25 18:00:00,-20.011,290.35,0.0,948039.8
2026-04-25 19:00:00,-28.712,122.906,0.0,946568.27
2026-04-25 20:00:00,-36.369,0.0,0.0,947183.72
2026-04-25 21:00:00,-46.385,0.328,0.1303,946944.8
2026-04-25 22:00:00,-57.351,0.576,0.4944,946739.73
2026-04-25 23:00:00,-65.908,4.722,0.7079,945911.77
2026-04-26 00:00:00,-83.548,0.683,1.1956,945295.25
2026-04-26 01:00:00,-91.325,6.142,1.4627,946199.84
2026-04-26 02:00:00,-101.912,0.04,1.6482,946570.44
2026-04-26 03:00:00,-102.496,0.0,1.7021,947513.95
2026-04-26 04:00:00,-107.228,5.322,1.9131,947352.81
2026-04-26 05:00:00,-105.716,0.0,1.8494,948069.89
2026-04-26 06:00:00,-106.914,14.072,1.9468,947386.04
2026-04-26 07:00:00,-106.12,1.876,1.8103,946849.54
2026-04-26 08:00:00,-97.672,1.904,1.7105,947381.59
2026-04-26 09:00:00,-91.655,165.983,1.3572,947475.47
2026-04-26 10:00:00,-72.478,334.487,0.9721,948195.0
2026-04-26 11:00:00,-64.845,469.824,0.6681,949185.31
2026-04-26 12:00:00,-43.444,568.524,0.0393,949658.97
2026-04-26 13:00:00,-32.854,657.031,0.0,949941.84
2026-04-26 14:00:00,-22.948,679.804,0.0,949706.99
2026-04-26 15:00:00,-18.363,669.536,0.0,950331.02
2026-04-26 16:00:00,-14.357,606.895,0.0,949720.87
2026-04-26 17:00:00,-9.85,520.609,0.0,949389.29
2026-04-26 18:00:00,-19.759,385.955,0.0,949952.7
2026-04-26 19:00:00,-19.701,235.807,0.0,949624.81
2026-04-26 20:00:00,-33.012,64.777,0.0,949597.93
2026-04-26 21:00:00,-44.431,9.625,0.0,948985.16
2026-04-26 22:00:00,-44.775,9.911,0.061,948638.29
2026-04-26 23:00:00,-54.407,0.233,0.1207,948258.07
2026-04-27 00:00:00,-71.106,0.32,0.7128,948229.12
2026-04-27 01:00:00,-81.671,0.0,1.0055,947879.35
2026-04-27 02:00:00,-90.811,5.53,1.4468,947798.81
2026-04-27 03:00:00,-100.362,0.0,1.4551,948112.37
2026-04-27 04:00:00,-105.397,0.0,1.6506,948567.13
2026-04-27 05:00:00,-105.789,4.893,1.6425,948763.1
2026-04-27 06:00:00,-101.286,0.0,1.5489,948478.65
2026-04-27 07:00:00,-106.873,0.0,1.7244,948141.27
2026-04-27 08:00:00,-98.327,0.0,1.4817,948049.91
2026-04-27 09:00:00,-92.138,53.759,1.2875,948450.3
2026-04-27 10:00:00,-84.6,229.988,1.1449,949015.37
2026-04-27 11:00:00,-66.299,379.722,0.5511,949329.31
2026-04-27 12:00:00,-52.644,514.979,0.2671,949484.29
2026-04-27 13:00:00,-34.858,602.22,0.0,950672.13
2026-04-27 14:00:00,-23.164,667.258,0.0,949826.0
2026-04-27 15:00:00,-17.696,677.98,0.0,950315.4
2026-04-27 16:00:00,-9.061,654.095,0.0,950443.65
2026-04-27 17:00:00,-10.845,589.32,0.0,949891.94
2026-04-27 18:00:00,-7.725,478.386,0.0,949557.88
2026-04-27 19:00:00,-15.685,332.367,0.0,948975.88
2026-04-27 20:00:00,-20.626,172.483,0.0,948101.06
2026-04-27 21:00:00,-30.397,0.209,0.0,947195.88
2026-04-27 22:00:00,-40.255,2.457,0.0,947356.74
2026-04-27 23:00:00,-54.028,10.319,0.2067,946818.44
2026-04-28 00:00:00,-63.962,6.812,0.5727,946887.03
2026-04-28 01:00:00,-70.453,0.0,0.4715,946296.02
2026-04-28 02:00:00,-79.259,7.105,0.8599,947333.22
2026-04-28 03:00:00,-90.619,4.682,1.1713,947421.26
2026-04-28 04:00:00,-99.268,0.0,1.4378,947486.99
2026-04-28 05:00:00,-102.843,0.0,1.5736,946814.48
2026-04-28 06:00:00,-106.786,5.478,1.7335,946414.78
2026-04-28 07:00:00,-106.643,2.752,1.6877,946220.33
2026-04-28 08:00:00,-97.193,0.0,1.4771,946034.67
2026-04-28 09:00:00,-99.626,3.054,1.5712,946363.13
2026-04-28 10:00:00,-86.719,98.419,1.0948,946632.43
2026-04-28 11:00:00,-74.259,274.519,0.7273,945857.29
2026-04-28 12:00:00,-64.201,430.061,0.5595,945837.53
2026-04-28 13:00:00,-50.843,545.807,0.1674,945136.57
2026-04-28 14:00:00,-35.037,629.333,0.0,944952.85
2026-04-28 15:00:00,-29.694,681.593,0.0,945408.66
2026-04-28 16:00:00,-10.336,683.617,0.0,946063.5
2026-04-28 17:00:00,-11.744,643.062,0.0,945984.53
2026-04-28 18:00:00,-10.716,557.549,0.0,945756.96
2026-04-28 19:00:00,-8.164,439.525,0.0,946339.76
2026-04-28 20:00:00,-17.892,290.685,0.0,946758.55
2026-04-28 21:00:00,-25.116,122.709,0.0,947302.58
2026-04-28 22:00:00,-38.077,0.448,0.0,947372.19
2026-04-28 23:00:00,-44.948,0.0,0.0,947632.73
2026-04-29 00:00:00,-51.49,0.0,0.1711,947759.63
2026-04-29 01:00:00,-67.992,0.0,0.5325,947920.09
2026-04-29 02:00:00,-74.85,0.0,0.7449,947942.56
2026-04-29 03:00:00,-93.408,1.207,1.3883,948130.14
2026-04-29 04:00:00,-90.589,7.204,1.2749,948107.67
2026-04-29 05:00:00,-102.699,0.0,1.701,947949.46
2026-04-29 06:00:00,-105.336,5.017,1.7164,947740.21
2026-04-29 07:00:00,-107.211,5.397,1.7954,947173.28
2026-04-29 08:00:00,-109.408,0.0,1.9117,947332.23
2026-04-29 09:00:00,-105.731,2.973,1.7716,947706.89
2026-04-29 10:00:00,-95.411,0.0,1.4606,948601.73
2026-04-29 11:00:00,-83.282,173.846,1.1268,948457.09
2026-04-29 12:00:00,-74.224,332.163,0.9625,948855.09
2026-04-29 13:00:00,-56.072,463.545,0.25,949265.35
2026-04-29 14:00:00,-41.803,580.51,0.0499,949438.12
2026-04-29 15:00:00,-32.198,660.721,0.0,950469.48
2026-04-29 16:00:00,-25.022,682.225,0.0,950212.92
2026-04-29 17:00:00,-14.163,671.91,0.0,950874.47
2026-04-29 18:00:00,-9.334,615.699,0.0,951016.22
2026-04-29 19:00:00,-9.977,511.5,0.0,950715.47
2026-04-29 20:00:00,-15.442,389.582,0.0,950997.68
2026-04-29 21:00:00,-19.539,225.407,0.0,951149.22
2026-04-29 22:00:00,-26.919,59.581,0.0,951123.19
2026-04-29 23:00:00,-41.716,5.379,0.0,951144.03
2026-04-30 00:00:00,-50.033,1.784,0.2078,950852.58
2026-04-30 01:00:00,-51.035,0.0,0.3504,950060.41
2026-04-30 02:00:00,-68.875,2.232,0.581,951219.55
2026-04-30 03:00:00,-83.763,0.0,1.0792,950583.99
2026-04-30 04:00:00,-90.593,0.063,1.1991,951366.34
2026-04-30 05:00:00,-98.717,3.284,1.3613,951179.62
2026-04-30 06:00:00,-101.235,0.0,1.5066,951814.02
2026-04-30 07:00:00,-104.638,0.202,1.6046,950916.12
2026-04-30 08:00:00,-108.446,0.0,1.7332,950428.04
2026-04-30 09:00:00,-99.307,0.0,1.5382,950702.92
2026-04-30 10:00:00,-99.427,0.0,1.4728,950552.76
2026-04-30 11:00:00,-92.949,61.816,1.3563,950195.26
2026-04-30 12:00:00,-82.245,226.11,1.1629,949759.56
2026-04-30 13:00:00,-67.473,373.312,0.6173,949863.98
2026-04-30 14:00:00,-54.323,503.448,0.229,950599.82
2026-04-30 15:00:00,-38.642,608.81,0.0,950371.32
2026-04-30 16:00:00,-29.013,676.054,0.0,950727.09
2026-04-30 17:00:00,-15.521,683.045,0.0,950169.41
2026-04-30 18:00:00,-13.957,662.079,0.0,949733.74
2026-04-30 19:00:00,-7.598,586.538,0.0,949382.0
2026-04-30 20:00:00,-9.529,478.604,0.0,948970.03
2026-04-30 21:00:00,-13.785,330.281,0.0,948848.7
2026-04-30 22:00:00,-20.721,180.593,0.0,949066.43
2026-04-30 23:00:00,-28.588,1.809,0.0,949260.01
2026-05-01 00:00:00,-45.694,4.315,0.0,949656.03
2026-05-01 01:00:00,-50.172,0.0,0.0,949882.46
2026-05-01 02:00:00,-62.495,0.885,0.282,950216.82
2026-05-01 03:00:00,-71.221,1.76,0.5283,950823.35
2026-05-01 04:00:00,-83.353,0.0,0.7776,951103.61
2026-05-01 05:00:00,-88.944,2.023,1.0954,950707.27
2026-05-01 06:00:00,-103.375,0.0,1.4207,950178.36
2026-05-01 07:00:00,-107.901,0.0,1.6449,949547.23
2026-05-01 08:00:00,-109.291,8.027,1.5688,948854.83
2026-05-01 09:00:00,-107.359,5.245,1.7195,949110.96
2026-05-01 10:00:00,-104.31,0.0,1.6468,949121.88
2026-05-01 11:00:00,-100.781,2.842,1.4818,948935.7
2026-05-01 12:00:00,-91.29,109.213,1.4307,948502.99
2026-05-01 13:00:00,-75.75,273.602,0.9135,948460.15
2026-05-01 14:00:00,-64.878,433.254,0.6158,948700.62
2026-05-01 15:00:00,-47.203,540.489,0.04,948194.18
2026-05-01 16:00:00,-34.039,639.124,0.0,948215.01
2026-05-01 17:00:00,-21.862,677.74,0.0,949697.4
2026-05-01 18:00:00,-14.743,678.618,0.0,949202.83
2026-05-01 19:00:00,-5.526,638.509,0.0,949899.77
2026-05-01 20:00:00,-7.438,555.05,0.0,949201.66
2026-05-01 21:00:00,-9.795,428.039,0.0,950158.9
2026-05-01 22:00:00,-16.127,287.873,0.0,949506.47
2026-05-01 23:00:00,-25.064,118.601,0.0,949943.76
2026-05-02 00:00:00,-37.444,0.0,0.0,950440.05
2026-05-02 01:00:00,-44.643,0.0,0.0,950740.68
2026-05-02 02:00:00,-49.123,6.906,0.0,950176.51
2026-05-02 03:00:00,-65.662,8.383,0.451,951066.32
2026-05-02 04:00:00,-79.794,3.587,0.8759,951076.02
2026-05-02 05:00:00,-84.095,0.0,1.0095,951489.89
2026-05-02 06:00:00,-92.259,2.453,1.2391,950944.38
2026-05-02 07:00:00,-100.983,4.254,1.2983,951872.15
2026-05-02 08:00:00,-110.816,3.629,1.5612,950888.33
2026-05-02 09:00:00,-102.487,3.925,1.4779,950680.93
2026-05-02 10:00:00,-104.282,1.816,1.5554,951910.29
2026-05-02 11:00:00,-102.19,0.0,1.5291,951671.76
2026-05-02 12:00:00,-91.108,0.0,1.3233,951313.59
2026-05-02 13:00:00,-88.591,161.615,1.1746,950939.13
2026-05-02 14:00:00,-68.035,334.532,0.558,950364.4
2026-05-02 15:00:00,-55.743,474.009,0.1276,950581.49
2026-05-02 16:00:00,-35.671,585.572,0.0,950195.05
2026-05-02 17:00:00,-27.831,648.175,0.0,950667.6
2026-05-02 18:00:00,-21.435,687.885,0.0,950892.38
2026-05-02 19:00:00,-8.068,680.521,0.0,951045.8
2026-05-02 20:00:00,-15.214,612.949,0.0,952006.19
2026-05-02 21:00:00,-6.649,515.0,0.0,951549.9
2026-05-02 22:00:00,-15.959,386.325,0.0,951533.61
2026-05-02 23:00:00,-19.862,239.561,0.0,951436.78
2026-05-03 00:00:00,-29.962,54.079,0.0,951659.71
2026-05-03 01:00:00,-36.102,1.016,0.0,951607.53
2026-05-03 02:00:00,-41.644,0.0,0.0,951297.97
2026-05-03 03:00:00,-63.932,0.0,0.2231,950695.77
2026-05-03 04:00:00,-68.375,0.0,0.3593,950543.58
2026-05-03 05:00:00,-73.289,6.737,0.4039,950563.32
2026-05-03 06:00:00,-90.913,9.005,1.0714,950552.63
2026-05-03 07:00:00,-99.295,2.241,1.0847,950522.63
2026-05-03 08:00:00,-101.792,0.0,1.1928,950031.92
2026-05-03 09:00:00,-102.867,12.464,1.373,950274.77
2026-05-03 10:00:00,-103.946,0.0,1.3518,949999.14
2026-05-03 11:00:00,-105.454,0.0,1.6388,949950.12
2026-05-03 12:00:00,-102.672,0.0,1.3108,949801.2
2026-05-03 13:00:00,-87.639,64.701,1.059,949471.35
2026-05-03 14:00:00,-80.346,232.913,0.928,950132.6
2026-05-03 15:00:00,-70.103,395.793,0.5629,950315.73
2026-05-03 16:00:00,-55.314,507.621,0.0878,951413.63
2026-05-03 17:00:00,-39.848,619.504,0.0,952027.76
2026-05-03 18:00:00,-22.904,670.681,0.0,952641.46
2026-05-03 19:00:00,-22.099,689.197,0.0,952761.28
2026-05-03 20:00:00,-8.804,647.521,0.0,952780.45
2026-05-03 21:00:00,-7.282,591.349,0.0,952240.69
2026-05-03 22:00:00,-12.395,478.476,0.0,953213.33
2026-05-03 23:00:00,-26.27,334.235,0.0,954266.22
2026-05-04 00:00:00,-29.871,175.94,0.0,953487.26
2026-05-04 01:00:00,-38.698,0.0,0.0,953441.0
2026-05-04 02:00:00,-39.665,0.0,0.0,953217.01
2026-05-04 03:00:00,-56.598,0.0,0.0,953334.53
2026-05-04 04:00:00,-67.387,0.0,0.3157,953081.82
2026-05-04 05:00:00,-74.824,4.309,0.4511,952354.47
2026-05-04 06:00:00,-89.706,5.958,0.8709,952383.24
2026-05-04 07:00:00,-94.69,0.0,1.2265,952149.64
2026-05-04 08:00:00,-104.357,1.741,1.4568,952198.52
2026-05-04 09:00:00,-98.799,0.0,0.9798,952043.89
2026-05-04 10:00:00,-111.384,1.641,1.5413,951735.24
2026-05-04 11:00:00,-102.169,0.0,1.2308,951340.93
2026-05-04 12:00:00,-108.482,0.0,1.5631,951833.9
2026-05-04 13:00:00,-98.483,5.26,1.2532,951737.53
2026-05-04 14:00:00,-87.783,116.425,1.057,951729.39
2026-05-04 15:00:00,-74.943,293.504,0.4935,952016.71
2026-05-04 16:00:00,-61.693,431.982,0.1008,953100.43
2026-05-04 17:00:00,-45.582,547.606,0.0,952985.83
2026-05-04 18:00:00,-33.172,643.204,0.0,952748.31
2026-05-04 19:00:00,-24.816,683.923,0.0,951784.78
2026-05-04 20:00:00,-17.573,684.147,0.0,951595.75
2026-05-04 21:00:00,-11.314,642.268,0.0,951247.34
2026-05-04 22:00:00,-10.83,547.762,0.0,950774.64
2026-05-04 23:00:00,-13.642,429.516,0.0,951170.81
2026-05-05 00:00:00,-17.931,280.639,0.0,951330.15
2026-05-05 01:00:00,-31.319,108.203,0.0,950538.02
2026-05-05 02:00:00,-40.131,0.0,0.0,949827.37
2026-05-05 03:00:00,-43.315,6.682,0.0,948789.02
2026-05-05 04:00:00,-62.645,1.187,0.2538,948688.42
2026-05-05 05:00:00,-63.026,0.0,0.1468,948393.53
2026-05-05 06:00:00,-78.768,0.0,0.6282,948037.63
2026-05-05 07:00:00,-81.076,8.324,0.7854,947793.67
2026-05-05 08:00:00,-91.436,0.0,1.1197,947893.12
2026-05-05 09:00:00,-102.348,0.0,1.3392,947791.77
2026-05-05 10:00:00,-106.184,0.0,1.5211,947822.83
2026-05-05 11:00:00,-102.409,0.0,1.4617,947988.33
2026-05-05 12:00:00,-101.601,7.115,1.5151,948809.28
2026-05-05 13:00:00,-99.353,0.0,1.4608,949205.34
2026-05-05 14:00:00,-93.22,8.827,1.2338,949708.07
2026-05-05 15:00:00,-87.467,175.223,1.1543,949722.86
2026-05-05 16:00:00,-69.774,343.797,0.5986,949361.81
2026-05-05 17:00:00,-59.359,477.888,0.4259,949899.96
2026-05-05 18:00:00,-47.578,590.058,0.1218,950909.7
2026-05-05 19:00:00,-31.242,660.753,0.0,950866.08
2026-05-05 20:00:00,-23.254,689.21,0.0,950715.97
2026-05-05 21:00:00,-15.855,672.468,0.0,950445.03
2026-05-05 22:00:00,-12.795,610.888,0.0,949871.55
2026-05-05 23:00:00,-14.617,523.429,0.0,950131.11
2026-05-06 00:00:00,-9.216,377.932,0.0,950002.51
2026-05-06 01:00:00,-21.159,226.399,0.0,949786.69
2026-05-06 02:00:00,-36.236,55.738,0.0,949677.6
2026-05-06 03:00:00,-40.195,2.012,0.0,950886.22
2026-05-06 04:00:00,-45.415,0.0,0.0,949901.05
2026-05-06 05:00:00,-56.987,1.574,0.1788,949124.42
2026-05-06 06:00:00,-72.758,0.0,0.772,948830.97
2026-05-06 07:00:00,-82.83,0.0,0.9271,948808.62
2026-05-06 08:00:00,-93.268,0.048,1.2173,948083.97
2026-05-06 09:00:00,-100.099,0.0,1.5086,947704.25
2026-05-06 10:00:00,-105.704,0.0,1.6298,948422.73
2026-05-06 11:00:00,-111.167,0.684,1.9412,948156.76
2026-05-06 12:00:00,-108.892,2.439,1.744,947879.29
2026-05-06 13:00:00,-104.488,2.633,1.8778,947779.7
2026-05-06 14:00:00,-102.42,2.836,1.5896,947759.77
2026-05-06 15:00:00,-92.603,51.808,1.3222,948480.64
2026-05-06 16:00:00,-75.369,225.133,0.844,946939.67
2026-05-06 17:00:00,-60.588,397.304,0.4408,947164.22
2026-05-06 18:00:00,-53.084,512.689,0.366,948318.85
2026-05-06 19:00:00,-37.561,618.03,0.0,948800.15
2026-05-06 20:00:00,-29.017,668.887,0.0,948390.55
2026-05-06 21:00:00,-21.405,686.656,0.0,948381.93
2026-05-06 22:00:00,-17.663,652.714,0.0,948158.42
2026-05-06 23:00:00,-12.338,585.958,0.0,947772.84
2026-05-07 00:00:00,-10.295,473.446,0.0,947787.52
2026-05-07 01:00:00,-22.24,329.6,0.0,948313.98
2026-05-07 02:00:00,-27.526,164.235,0.0,948795.2
2026-05-07 03:00:00,-38.225,1.339,0.0,948752.31
2026-05-07 04:00:00,-44.501,0.0,0.0,949755.23
2026-05-07 05:00:00,-55.164,2.137,0.2744,950012.93
2026-05-07 06:00:00,-64.874,13.132,0.4762,949523.58
2026-05-07 07:00:00,-71.639,6.751,0.5185,950201.05
2026-05-07 08:00:00,-90.148,3.592,1.0825,950027.85
2026-05-07 09:00:00,-98.396,0.0,1.1796,950333.9
2026-05-07 10:00:00,-102.096,0.0,1.4879,951075.93
2026-05-07 11:00:00,-102.991,0.0,1.3647,950674.04
2026-05-07 12:00:00,-113.251,6.414,1.7501,950808.6
2026-05-07 13:00:00,-107.413,0.0,1.6522,950826.57
2026-05-07 14:00:00,-106.192,0.0,1.5103,950409.28
2026-05-07 15:00:00,-97.941,0.0,1.3554,950268.92
2026-05-07 16:00:00,-87.819,115.25,1.2097,950253.48
2026-05-07 17:00:00,-75.561,281.099,0.7676,950260.12
2026-05-07 18:00:00,-59.916,435.114,0.4502,950516.57
2026-05-07 19:00:00,-49.387,550.936,0.1753,950298.96
2026-05-07 20:00:00,-31.684,635.859,0.0,950172.96
2026-05-07 21:00:00,-19.283,678.535,0.0,951603.09
2026-05-07 22:00:00,-15.721,683.865,0.0,951417.07
2026-05-07 23:00:00,-12.875,634.915,0.0,951988.39
2026-05-08 00:00:00,-10.649,548.93,0.0,951645.17
2026-05-08 01:00:00,-10.448,431.048,0.0,951720.68
2026-05-08 02:00:00,-18.513,277.947,0.0,951714.88
2026-05-08 03:00:00,-31.049,109.859,0.0,952695.4
2026-05-08 04:00:00,-34.251,2.352,0.0,952653.56
2026-05-08 05:00:00,-49.039,3.341,0.0022,952404.87
2026-05-08 06:00:00,-54.955,0.0,0.2859,951791.22
2026-05-08 07:00:00,-72.431,0.403,0.6899,951915.83
2026-05-08 08:00:00,-77.661,0.0,0.8009,950994.72
2026-05-08 09:00:00,-88.128,0.0,1.017,949428.89
2026-05-08 10:00:00,-102.524,3.846,1.5797,949493.71
2026-05-08 11:00:00,-102.211,2.225,1.4674,949372.67
2026-05-08 12:00:00,-110.827,2.276,1.5719,950318.47
2026-05-08 13:00:00,-108.345,1.404,1.6648,950055.84
2026-05-08 14:00:00,-108.207,0.231,1.5269,950025.3
2026-05-08 15:00:00,-107.217,3.482,1.6618,949929.55
2026-05-08 16:00:00,-99.897,10.331,1.3604,949899.81
2026-05-08 17:00:00,-87.109,183.368,1.0441,948892.23
2026-05-08 18:00:00,-68.138,339.926,0.3573,949651.33
2026-05-08 19:00:00,-54.462,487.008,0.2891,950075.15
2026-05-08 20:00:00,-36.976,589.866,0.0,949442.86
2026-05-08 21:00:00,-32.89,662.526,0.0,949241.45
2026-05-08 22:00:00,-23.344,688.842,0.0,948879.98
2026-05-08 23:00:00,-14.249,672.347,0.0,948555.14
2026-05-09 00:00:00,-12.464,607.777,0.0,948376.58
2026-05-09 01:00:00,-13.305,515.821,0.0,948273.06
2026-05-09 02:00:00,-14.603,394.314,0.0,948586.41
2026-05-09 03:00:00,-19.816,221.438,0.0,949433.06
2026-05-09 04:00:00,-38.303,52.464,0.0,949316.58
2026-05-09 05:00:00,-42.602,0.0,0.0,950180.44
2026-05-09 06:00:00,-54.553,0.0,0.2719,950510.04
2026-05-09 07:00:00,-61.684,7.722,0.2647,950026.28
2026-05-09 08:00:00,-70.666,0.0,0.6202,950285.35
2026-05-09 09:00:00,-79.429,0.0,0.8412,949236.39
2026-05-09 10:00:00,-93.312,0.0,1.1965,949090.18
2026-05-09 11:00:00,-99.966,0.0,1.3303,949210.99
2026-05-09 12:00:00,-111.201,0.0,1.5094,950065.79
2026-05-09 13:00:00,-111.953,3.159,1.7228,951156.44
2026-05-09 14:00:00,-108.527,13.998,1.6137,950227.01
2026-05-09 15:00:00,-111.535,0.0,1.6702,950375.42
2026-05-09 16:00:00,-99.335,0.0,1.2801,949735.27
2026-05-09 17:00:00,-92.563,69.726,1.1302,949461.07
2026-05-09 18:00:00,-84.031,232.149,1.0714,949849.74
2026-05-09 19:00:00,-71.296,397.621,0.6628,950482.33
2026-05-09 20:00:00,-55.686,519.806,0.0676,950553.2
2026-05-09 21:00:00,-43.273,614.5,0.0,950688.87
2026-05-09 22:00:00,-32.174,673.332,0.0,951628.08
2026-05-09 23:00:00,-24.103,691.04,0.0,952092.82
2026-05-10 00:00:00,-15.09,654.768,0.0,951647.08
2026-05-10 01:00:00,-10.704,579.72,0.0,951564.78
2026-05-10 02:00:00,-16.737,469.911,0.0,951043.12
2026-05-10 03:00:00,-18.152,322.835,0.0,951435.53
2026-05-10 04:00:00,-28.444,168.206,0.0,951546.94
2026-05-10 05:00:00,-35.972,0.0,0.0,951188.12
2026-05-10 06:00:00,-48.337,0.0,0.0,951149.34
2026-05-10 07:00:00,-55.241,3.797,0.0,951481.29
2026-05-10 08:00:00,-65.95,1.515,0.4201,952256.65
2026-05-10 09:00:00,-73.264,2.952,0.5771,951440.71
2026-05-10 10:00:00,-86.078,0.0,0.8483,951770.74
2026-05-10 11:00:00,-95.594,5.849,1.2775,951994.36
2026-05-10 12:00:00,-107.295,4.623,1.4229,951479.05
2026-05-10 13:00:00,-109.673,2.231,1.5345,952664.64
2026-05-10 14:00:00,-112.623,4.638,1.6564,952690.5
2026-05-10 15:00:00,-112.191,3.752,1.5483,952088.08
2026-05-10 16:00:00,-106.405,0.0,1.4001,951508.52
2026-05-10 17:00:00,-99.712,0.0,1.4025,951038.41
2026-05-10 18:00:00,-88.87,126.474,1.1204,950784.45
2026-05-10 19:00:00,-72.074,293.774,0.5463,951295.8
2026-05-10 20:00:00,-59.859,444.383,0.3578,951214.32
2026-05-10 21:00:00,-50.983,553.799,0.1144,951486.96
2026-05-10 22:00:00,-34.133,637.442,0.0,951137.42
2026-05-10 23:00:00,-22.437,686.317,0.0,951518.44
2026-05-11 00:00:00,-13.032,681.539,0.0,950770.08
2026-05-11 01:00:00,-13.627,626.312,0.0,951320.18
2026-05-11 02:00:00,-12.512,550.409,0.0,950802.13
2026-05-11 03:00:00,-11.738,416.641,0.0,951247.0
2026-05-11 04:00:00,-20.41,271.04,0.0,952318.75
2026-05-11 05:00:00,-34.291,114.574,0.0,952266.01
2026-05-11 06:00:00,-45.172,9.124,0.0,952297.51
2026-05-11 07:00:00,-43.375,0.0,0.0,952098.11
2026-05-11 08:00:00,-63.425,0.0,0.3052,951445.2
2026-05-11 09:00:00,-69.092,0.213,0.3826,951349.4
2026-05-11 10:00:00,-76.05,8.906,0.4935,950553.3
2026-05-11 11:00:00,-93.822,0.0,1.2722,950304.89
2026-05-11 12:00:00,-100.217,0.0,1.4754,950343.09
2026-05-11 13:00:00,-107.484,7.744,1.4864,950417.6
2026-05-11 14:00:00,-102.343,0.0,1.5696,950422.13
2026-05-11 15:00:00,-103.803,3.611,1.5961,951226.69
2026-05-11 16:00:00,-110.884,0.0,1.8207,952411.73
2026-05-11 17:00:00,-102.94,0.0,1.7124,952305.88
2026-05-11 18:00:00,-97.517,1.035,1.5394,951386.8
2026-05-11 19:00:00,-85.793,177.369,1.1988,952075.08
2026-05-11 20:00:00,-75.192,348.369,0.8337,951659.9
2026-05-11 21:00:00,-49.156,483.233,0.1711,951749.85
2026-05-11 22:00:00,-48.58,589.984,0.1379,951066.02
2026-05-11 23:00:00,-30.104,657.738,0.0,952148.68
2026-05-12 00:00:00,-22.935,687.57,0.0,952710.07
2026-05-12 01:00:00,-11.681,672.903,0.0,952212.29
2026-05-12 02:00:00,-8.849,615.682,0.0,951375.76
2026-05-12 03:00:00,-14.765,497.571,0.0,950369.04
2026-05-12 04:00:00,-18.041,373.486,0.0,950673.58
2026-05-12 05:00:00,-27.283,220.998,0.0,950802.08
2026-05-12 06:00:00,-31.927,48.04,0.0,951222.46
2026-05-12 07:00:00,-39.683,2.017,0.0,951247.16
2026-05-12 08:00:00,-52.619,1.338,0.0,950689.34
2026-05-12 09:00:00,-62.785,0.0,0.3605,950534.66
2026-05-12 10:00:00,-66.714,0.0,0.4425,950541.45
2026-05-12 11:00:00,-80.285,0.0,0.9269,950262.36
2026-05-12 12:00:00,-88.115,5.744,1.1736,949988.88
2026-05-12 13:00:00,-107.204,0.0,1.6197,949733.53
2026-05-12 14:00:00,-104.796,0.0,1.7147,949185.57
2026-05-12 15:00:00,-109.155,0.917,1.8163,949075.18
2026-05-12 16:00:00,-113.994,7.802,1.905,948851.61
2026-05-12 17:00:00,-111.198,0.0,1.8495,948359.42
2026-05-12 18:00:00,-103.619,4.794,1.5336,948357.86
2026-05-12 19:00:00,-98.759,75.143,1.6079,949100.6
2026-05-12 20:00:00,-84.202,239.289,1.0575,949224.59
2026-05-12 21:00:00,-69.501,393.714,0.6865,949676.65
2026-05-12 22:00:00,-52.328,522.797,0.1976,949023.51
2026-05-12 23:00:00,-43.338,618.98,0.0,949535.75
2026-05-13 00:00:00,-31.341,680.299,0.0,950923.97
2026-05-13 01:00:00,-18.683,689.302,0.0,950708.53
2026-05-13 02:00:00,-20.938,657.008,0.0,950959.0
2026-05-13 03:00:00,-13.519,575.541,0.0,951274.06
2026-05-13 04:00:00,-14.649,464.135,0.0,951374.14
2026-05-13 05:00:00,-19.103,337.208,0.0,951312.92
2026-05-13 06:00:00,-30.347,162.032,0.0,951745.65
2026-05-13 07:00:00,-42.737,0.0,0.0,951557.54
2026-05-13 08:00:00,-43.762,7.155,0.0,951858.01
2026-05-13 09:00:00,-60.998,1.409,0.31,951713.12
2026-05-13 10:00:00,-72.575,2.891,0.697,951725.21
2026-05-13 11:00:00,-79.239,0.0,0.9365,952259.81
2026-05-13 12:00:00,-90.736,0.0,1.1068,952064.32
2026-05-13 13:00:00,-94.171,0.0,1.311,952209.64
2026-05-13 14:00:00,-105.594,0.0,1.7271,952447.04
2026-05-13 15:00:00,-105.717,0.0,1.6785,952854.78
2026-05-13 16:00:00,-110.378,1.48,1.8179,951987.61
2026-05-13 17:00:00,-112.339,9.252,2.0156,952504.88
2026-05-13 18:00:00,-105.051,0.43,1.7368,952291.85
2026-05-13 19:00:00,-104.844,0.0,1.8468,952145.37
2026-05-13 20:00:00,-92.996,127.707,1.5034,951522.04
2026-05-13 21:00:00,-77.0,308.522,1.1609,951160.73
2026-05-13 22:00:00,-64.31,446.773,0.7043,951654.84
2026-05-13 23:00:00,-53.172,557.44,0.3223,951034.42
2026-05-14 00:00:00,-43.181,647.252,0.0614,951357.89
2026-05-14 01:00:00,-28.404,681.788,0.0,951345.96
2026-05-14 02:00:00,-23.778,675.669,0.0,952270.42
2026-05-14 03:00:00,-16.653,633.57,0.0,951881.82
2026-05-14 04:00:00,-17.304,547.618,0.0,951383.33
2026-05-14 05:00:00,-20.716,414.313,0.0,951519.59
2026-05-14 06:00:00,-25.284,267.079,0.0,951699.04
2026-05-14 07:00:00,-33.805,104.405,0.0,951204.65
2026-05-14 08:00:00,-41.771,0.0,0.0,951050.9
2026-05-14 09:00:00,-50.618,1.974,0.0728,950209.22
2026-05-14 10:00:00,-55.427,0.0,0.3547,949762.48
2026-05-14 11:00:00,-71.505,3.571,0.7332,949442.22
2026-05-14 12:00:00,-83.879,0.0,1.1266,949443.84
2026-05-14 13:00:00,-91.748,8.214,1.2763,949751.54
2026-05-14 14:00:00,-97.51,0.0,1.4053,950222.11
2026-05-14 15:00:00,-102.639,0.0,1.5527,950124.72
2026-05-14 16:00:00,-105.201,2.087,1.672,950509.47
2026-05-14 17:00:00,-113.602,8.321,1.894,950735.16
2026-05-14 18:00:00,-105.599,1.575,1.7154,951085.54
2026-05-14 19:00:00,-105.438,2.814,1.659,950813.22
2026-05-14 20:00:00,-101.835,13.108,1.6674,950437.56
2026-05-14 21:00:00,-86.965,181.334,1.2379,950479.8
2026-05-14 22:00:00,-68.949,345.426,0.7285,950296.35
2026-05-14 23:00:00,-57.97,480.772,0.4834,949515.41
2026-05-15 00:00:00,-49.805,587.963,0.1847,949511.64
2026-05-15 01:00:00,-37.904,665.516,0.0,949104.03
2026-05-15 02:00:00,-28.403,684.201,0.0,948743.75
2026-05-15 03:00:00,-20.073,673.182,0.0,948313.2
2026-05-15 04:00:00,-14.141,603.477,0.0,947999.55
2026-05-15 05:00:00,-17.726,510.479,0.0,947191.65
2026-05-15 06:00:00,-19.81,372.695,0.0,946909.36
2026-05-15 07:00:00,-21.26,224.084,0.0,946540.27
2026-05-15 08:00:00,-30.838,46.56,0.0,947142.87
2026-05-15 09:00:00,-39.636,6.179,0.0,948263.04
2026-05-15 10:00:00,-59.157,0.0,0.2913,948051.41
2026-05-15 11:00:00,-59.303,0.281,0.2945,948168.04
2026-05-15 12:00:00,-74.706,0.0,0.6656,948791.93
2026-05-15 13:00:00,-84.869,0.0,1.0064,948475.37
2026-05-15 14:00:00,-91.618,0.0,1.2221,948338.25
2026-05-15 15:00:00,-100.094,0.0,1.4099,948686.85
2026-05-15 16:00:00,-113.848,0.0,1.7393,949307.15
2026-05-15 17:00:00,-112.687,0.0,1.8392,949490.72
2026-05-15 18:00:00,-112.086,0.0,1.8334,949457.09
2026-05-15 19:00:00,-112.035,0.0,1.8562,949137.93
2026-05-15 20:00:00,-100.453,3.137,1.5096,949140.02
2026-05-15 21:00:00,-90.042,64.75,1.3763,949562.48
2026-05-15 22:00:00,-80.854,236.567,1.0905,949792.75
2026-05-15 23:00:00,-65.618,407.317,0.652,949192.11
2026-05-16 00:00:00,-53.104,524.418,0.337,949530.49
2026-05-16 01:00:00,-40.148,624.38,0.0,949646.98
2026-05-16 02:00:00,-26.46,680.951,0.0,949854.93
2026-05-16 03:00:00,-26.84,692.256,0.0,949412.34
2026-05-16 04:00:00,-15.355,648.05,0.0,949475.61
2026-05-16 05:00:00,-14.05,578.886,0.0,949002.16
2026-05-16 06:00:00,-18.493,458.873,0.0,949348.01
2026-05-16 07:00:00,-22.329,335.962,0.0,949074.94
2026-05-16 08:00:00,-23.841,151.612,0.0,949299.04
2026-05-16 09:00:00,-43.404,0.0,0.0,949194.71
2026-05-16 10:00:00,-48.129,0.0,0.0,948376.61
2026-05-16 11:00:00,-52.158,0.0,0.1343,948041.82
2026-05-16 12:00:00,-71.369,6.763,0.559,947865.77
2026-05-16 13:00:00,-79.368,12.112,0.856,947676.08
2026-05-16 14:00:00,-88.283,0.0,0.9592,948058.56
2026-05-16 15:00:00,-95.47,0.0,1.3527,947636.39
2026-05-16 16:00:00,-103.16,0.0,1.4083,948049.23
2026-05-16 17:00:00,-110.714,0.0,1.7684,948625.17
2026-05-16 18:00:00,-109.515,0.0,1.4664,948350.7
2026-05-16 19:00:00,-110.362,0.0,1.611,948289.55
2026-05-16 20:00:00,-104.513,1.107,1.651,949369.52
2026-05-16 21:00:00,-97.205,1.976,1.4276,949154.68
2026-05-16 22:00:00,-93.094,133.59,1.3081,948796.97
2026-05-16 23:00:00,-71.588,296.992,0.8337,949266.27
2026-05-17 00:00:00,-60.939,440.389,0.5406,949783.43
2026-05-17 01:00:00,-43.353,567.764,0.2132,950086.27
2026-05-17 02:00:00,-31.803,646.593,0.0,949925.91
2026-05-17 03:00:00,-17.836,691.324,0.0,950031.47
2026-05-17 04:00:00,-15.91,686.832,0.0,949498.25
2026-05-17 05:00:00,-13.059,627.678,0.0,948975.66
2026-05-17 06:00:00,-12.684,538.53,0.0,948274.23
2026-05-17 07:00:00,-17.003,417.597,0.0,948208.09
2026-05-17 08:00:00,-17.154,264.554,0.0,948231.39
2026-05-17 09:00:00,-32.107,104.642,0.0,947574.32
2026-05-17 10:00:00,-35.881,1.757,0.0,947355.24
2026-05-17 11:00:00,-47.697,5.496,0.0,946521.11
2026-05-17 12:00:00,-62.847,1.982,0.2746,947162.42
2026-05-17 13:00:00,-64.166,1.043,0.2835,947573.22
2026-05-17 14:00:00,-89.745,5.999,0.965,947612.88
2026-05-17 15:00:00,-89.462,2.349,0.8432,947871.75
2026-05-17 16:00:00,-96.814,0.341,1.1381,948520.27
2026-05-17 17:00:00,-110.789,7.402,1.5204,948318.11
2026-05-17 18:00:00,-107.228,0.576,1.4659,948129.71
2026-05-17 19:00:00,-111.633,0.0,1.5857,948617.8
2026-05-17 20:00:00,-108.93,0.0,1.6298,948590.71
2026-05-17 21:00:00,-100.201,3.515,1.4067,948720.18
2026-05-17 22:00:00,-97.186,22.903,1.3781,948995.26
2026-05-17 23:00:00,-86.166,190.016,1.02,949012.68
2026-05-18 00:00:00,-71.464,358.08,0.578,948892.45
2026-05-18 01:00:00,-52.135,480.268,0.1283,948620.19
2026-05-18 02:00:00,-43.124,596.776,0.0,948780.25
2026-05-18 03:00:00,-35.272,665.24,0.0,948019.35
2026-05-18 04:00:00,-24.4,687.226,0.0,948564.08
2026-05-18 05:00:00,-19.638,683.591,0.0,948545.98
2026-05-18 06:00:00,-14.595,608.781,0.0,949533.97
2026-05-18 07:00:00,-9.016,505.18,0.0,948935.63
2026-05-18 08:00:00,-18.561,372.699,0.0,948561.2
2026-05-18 09:00:00,-29.878,203.843,0.0,947958.11
2026-05-18 10:00:00,-35.024,37.532,0.0,946955.34
2026-05-18 11:00:00,-45.682,4.916,0.0,947560.86
2026-05-18 12:00:00,-52.154,0.0,0.0,947630.13
2026-05-18 13:00:00,-64.885,0.0,0.2575,946895.3
2026-05-18 14:00:00,-70.208,6.548,0.5221,946865.23
2026-05-18 15:00:00,-87.422,6.701,0.7792,947094.43
2026-05-18 16:00:00,-97.768,2.585,1.3175,947348.72
2026-05-18 17:00:00,-99.211,0.0,1.25,946715.6
2026-05-18 18:00:00,-113.635,0.0,1.6484,947150.77
2026-05-18 19:00:00,-110.206,0.0,1.6332,946566.15
2026-05-18 20:00:00,-107.209,0.0,1.5271,946434.93
2026-05-18 21:00:00,-113.721,0.0,1.5304,946793.16
2026-05-18 22:00:00,-101.51,0.0,1.0724,946663.69
2026-05-18 23:00:00,-96.803,71.328,1.1505,947385.38
2026-05-19 00:00:00,-85.207,239.365,0.8559,948434.88
2026-05-19 01:00:00,-68.742,403.006,0.39,948557.89
2026-05-19 02:00:00,-52.234,531.862,0.0,948848.22
2026-05-19 03:00:00,-40.555,633.71,0.0,948200.92
2026-05-19 04:00:00,-24.489,676.014,0.0,948523.14
2026-05-19 05:00:00,-19.03,691.121,0.0,949243.53
2026-05-19 06:00:00,-15.557,656.958,0.0,950149.6
2026-05-19 07:00:00,-15.821,577.558,0.0,949376.28
2026-05-19 08:00:00,-13.272,468.603,0.0,950359.13
2026-05-19 09:00:00,-13.041,324.79,0.0,950902.17
2026-05-19 10:00:00,-30.284,157.856,0.0,950953.79
2026-05-19 11:00:00,-40.713,0.0,0.0,951489.62
2026-05-19 12:00:00,-50.423,0.0,0.0,951511.33
2026-05-19 13:00:00,-53.351,0.0,0.0,951655.83
2026-05-19 14:00:00,-64.765,0.0,0.0648,950812.76
2026-05-19 15:00:00,-79.092,0.0,0.7676,950258.91
2026-05-19 16:00:00,-89.066,0.0,1.0771,950447.21
2026-05-19 17:00:00,-98.806,2.2,1.2386,950714.49
2026-05-19 18:00:00,-103.569,5.983,1.445,951096.18
2026-05-19 19:00:00,-104.587,0.0,1.4085,950439.66
2026-05-19 20:00:00,-109.33,1.417,1.6273,950003.42
2026-05-19 21:00:00,-105.405,0.0,1.537,949463.16
2026-05-19 22:00:00,-107.489,0.0,1.5578,950645.66
2026-05-19 23:00:00,-106.116,0.0,1.4808,950918.21
2026-05-20 00:00:00,-82.016,77.548,0.9784,952018.18
2026-05-20 01:00:00,-77.932,162.571,0.9248,951914.65
2026-05-20 02:00:00,-63.486,251.736,0.4673,951196.48
2026-05-20 03:00:00,-56.168,310.237,0.1796,952229.92
2026-05-20 04:00:00,-46.355,352.895,0.0,952762.07
2026-05-20 05:00:00,-32.239,371.56,0.0,952890.79
2026-05-20 06:00:00,-30.451,376.379,0.0,953930.03
2026-05-20 07:00:00,-20.443,352.654,0.0,953644.78
2026-05-20 08:00:00,-14.107,300.126,0.0,952772.02
2026-05-20 09:00:00,-16.849,241.242,0.0,952803.55
2026-05-20 10:00:00,-22.552,153.629,0.0,952938.89
2026-05-20 11:00:00,-24.891,51.913,0.0,952369.07
2026-05-20 12:00:00,-37.131,0.0,0.0,952050.47
2026-05-20 13:00:00,-52.76,2.348,0.0,951259.56
2026-05-20 14:00:00,-57.484,0.0,0.0934,951481.17
2026-05-20 15:00:00,-62.214,5.831,0.0852,951586.26
2026-05-20 16:00:00,-80.161,1.808,0.4816,951146.14
2026-05-20 17:00:00,-83.326,1.282,0.5641,951411.75
2026-05-20 18:00:00,-93.503,3.435,0.953,951213.78
2026-05-20 19:00:00,-103.737,8.614,1.1848,951502.83
2026-05-20 20:00:00,-109.164,0.855,1.2952,950754.26
2026-05-20 21:00:00,-105.649,0.0,1.4902,950954.34
2026-05-20 22:00:00,-101.143,7.544,1.242,951158.76
2026-05-20 23:00:00,-105.214,4.838,1.2669,951988.15
2026-05-21 00:00:00,-92.769,18.817,1.1554,951648.82
2026-05-21 01:00:00,-86.521,194.08,0.8714,951115.28
2026-05-21 02:00:00,-67.681,356.138,0.3715,950413.94
2026-05-21 03:00:00,-57.599,495.15,0.1194,950600.95
2026-05-21 04:00:00,-38.783,592.886,0.0,949911.53
2026-05-21 05:00:00,-30.816,659.567,0.0,950680.24
2026-05-21 06:00:00,-15.641,687.368,0.0,950621.58
2026-05-21 07:00:00,-14.348,666.837,0.0,950886.53
2026-05-21 08:00:00,-11.473,604.926,0.0,950543.68
2026-05-21 09:00:00,-14.85,508.532,0.0,950908.81
2026-05-21 10:00:00,-13.722,369.093,0.0,951300.34
2026-05-21 11:00:00,-20.132,211.606,0.0,951068.37
2026-05-21 12:00:00,-29.233,31.584,0.0,951472.0
2026-05-21 13:00:00,-38.979,0.0,0.0,951307.03
2026-05-21 14:00:00,-48.644,2.936,0.0,950980.78
2026-05-21 15:00:00,-58.134,2.975,0.0516,950605.53
2026-05-21 16:00:00,-68.521,0.0,0.4301,950566.74
2026-05-21 17:00:00,-77.912,0.808,0.6812,950625.43
2026-05-21 18:00:00,-94.621,10.994,1.0991,950430.68
2026-05-21 19:00:00,-99.316,0.0,1.3702,950265.83
2026-05-21 20:00:00,-107.79,0.0,1.5014,949584.35
2026-05-21 21:00:00,-105.118,0.0,1.5918,949755.77
2026-05-21 22:00:00,-101.832,0.461,1.4234,949340.87
2026-05-21 23:00:00,-101.583,0.0,1.4748,948676.46
2026-05-22 00:00:00,-101.087,0.0,1.4635,948494.05
2026-05-22 01:00:00,-88.512,73.043,0.9488,948835.79
2026-05-22 02:00:00,-76.206,246.118,0.7999,949243.19
2026-05-22 03:00:00,-63.374,404.659,0.32,949951.3
2026-05-22 04:00:00,-53.819,532.881,0.0058,949577.02
2026-05-22 05:00:00,-33.587,624.719,0.0,949792.71
2026-05-22 06:00:00,-30.283,679.99,0.0,949728.22
2026-05-22 07:00:00,-20.201,690.541,0.0,949391.08
2026-05-22 08:00:00,-10.481,659.475,0.0,949599.14
2026-05-22 09:00:00,-12.656,577.027,0.0,949557.63
2026-05-22 10:00:00,-12.877,464.719,0.0,949959.26
2026-05-22 11:00:00,-17.977,315.334,0.0,949574.67
2026-05-22 12:00:00,-27.053,155.68,0.0,949816.45
2026-05-22 13:00:00,-37.625,1.879,0.0,949946.87
2026-05-22 14:00:00,-45.866,4.329,0.0,949601.16
2026-05-22 15:00:00,-56.373,3.567,0.0905,950516.73
2026-05-22 16:00:00,-69.936,2.944,0.4226,951081.93
2026-05-22 17:00:00,-82.482,0.0,0.7992,950480.55
2026-05-22 18:00:00,-84.421,1.225,0.8762,950573.26
2026-05-22 19:00:00,-93.397,5.318,1.0628,950936.23
2026-05-22 20:00:00,-102.504,0.0,1.4549,950659.17
2026-05-22 21:00:00,-106.852,0.0,1.6184,950973.22
2026-05-22 22:00:00,-112.885,0.907,1.6102,951655.67
2026-05-22 23:00:00,-116.781,2.076,1.7991,951315.23
2026-05-23 00:00:00,-106.725,0.0,1.3692,951820.05
2026-05-23 01:00:00,-105.85,0.0,1.4783,951631.7
2026-05-23 02:00:00,-88.004,139.072,1.2122,952503.54
2026-05-23 03:00:00,-71.27,294.889,0.6957,952349.67
2026-05-23 04:00:00,-62.825,451.54,0.4029,951751.07
2026-05-23 05:00:00,-49.437,569.3,0.0081,951049.21
2026-05-23 06:00:00,-38.394,649.927,0.0,950899.66
2026-05-23 07:00:00,-24.835,696.434,0.0,950823.31
2026-05-23 08:00:00,-18.343,677.389,0.0,950600.7
2026-05-23 09:00:00,-16.896,629.327,0.0,950200.38
2026-05-23 10:00:00,-10.25,529.466,0.0,950085.94
2026-05-23 11:00:00,-7.781,414.166,0.0,950308.91
2026-05-23 12:00:00,-18.863,261.732,0.0,949769.43
2026-05-23 13:00:00,-32.304,91.268,0.0,949522.23
2026-05-23 14:00:00,-42.288,5.538,0.0,949201.85
2026-05-23 15:00:00,-51.741,4.303,0.0,949773.86
2026-05-23 16:00:00,-62.183,0.389,0.2414,949990.38
2026-05-23 17:00:00,-68.646,0.0,0.4318,949812.34
2026-05-23 18:00:00,-79.228,5.131,0.7769,950051.62
2026-05-23 19:00:00,-95.59,0.0,1.3163,949476.3
2026-05-23 20:00:00,-99.331,0.0,1.2858,949836.11
2026-05-23 21:00:00,-102.692,0.0,1.1914,949461.91
2026-05-23 22:00:00,-111.221,0.0,1.5477,949712.68
2026-05-23 23:00:00,-112.311,3.773,1.6074,949816.97
2026-05-24 00:00:00,-107.548,11.383,1.3597,949805.74
2026-05-24 01:00:00,-103.516,0.308,1.4315,949245.99
2026-05-24 02:00:00,-97.386,20.305,1.3458,949173.49
2026-05-24 03:00:00,-84.918,191.895,0.7944,949354.68
2026-05-24 04:00:00,-70.359,361.498,0.5606,949676.73
2026-05-24 05:00:00,-58.624,487.675,0.251,949530.78
2026-05-24 06:00:00,-48.061,604.954,0.0,949140.08
2026-05-24 07:00:00,-38.244,673.113,0.0,949389.34
2026-05-24 08:00:00,-22.75,694.83,0.0,949508.88
2026-05-24 09:00:00,-18.3,670.451,0.0,949196.64
2026-05-24 10:00:00,-14.056,609.91,0.0,948730.16
2026-05-24 11:00:00,-19.139,504.274,0.0,947959.83
2026-05-24 12:00:00,-20.682,363.354,0.0,948410.67
2026-05-24 13:00:00,-27.801,216.603,0.0,947967.26
2026-05-24 14:00:00,-34.58,32.306,0.0,948893.79
2026-05-24 15:00:00,-44.259,3.879,0.0,948457.08
2026-05-24 16:00:00,-58.63,0.0,0.0,948439.52
2026-05-24 17:00:00,-65.301,6.382,0.2606,948374.07
2026-05-24 18:00:00,-79.198,7.344,0.5804,948410.06
2026-05-24 19:00:00,-95.285,0.149,0.9943,948301.19
2026-05-24 20:00:00,-90.825,2.794,1.034,948313.08
2026-05-24 21:00:00,-104.701,2.793,1.207,948166.59
2026-05-24 22:00:00,-105.838,0.0,1.4195,949092.57
2026-05-24 23:00:00,-113.726,2.736,1.5123,948434.47
2026-05-25 00:00:00,-114.273,0.0,1.5362,948027.39
2026-05-25 01:00:00,-111.066,0.0,1.6652,947673.96
2026-05-25 02:00:00,-103.389,5.635,1.4778,948241.73
2026-05-25 03:00:00,-93.691,88.888,1.1778,948442.59
2026-05-25 04:00:00,-79.264,251.119,0.7647,947892.14
2026-05-25 05:00:00,-67.836,405.182,0.5859,948219.7
2026-05-25 06:00:00,-52.805,533.425,0.1373,947854.57
2026-05-25 07:00:00,-42.865,633.47,0.0,947277.94
2026-05-25 08:00:00,-25.11,677.296,0.0,948032.28
2026-05-25 09:00:00,-24.649,692.514,0.0,948003.83
2026-05-25 10:00:00,-18.062,658.298,0.0,948140.3
2026-05-25 11:00:00,-15.427,575.688,0.0,948985.36
2026-05-25 12:00:00,-8.146,465.542,0.0,948291.41
2026-05-25 13:00:00,-18.18,313.595,0.0,948874.76
2026-05-25 14:00:00,-31.021,148.32,0.0,948351.35
2026-05-25 15:00:00,-36.411,0.0,0.0,948008.61
2026-05-25 16:00:00,-45.844,5.086,0.0,947871.39
2026-05-25 17:00:00,-56.179,0.0,0.0466,948565.65
2026-05-25 18:00:00,-65.503,1.749,0.3329,948602.33
2026-05-25 19:00:00,-78.256,0.0,0.8004,947812.08
2026-05-25 20:00:00,-88.171,0.0,0.9571,948763.22
2026-05-25 21:00:00,-102.164,0.0,1.323,947922.4
2026-05-25 22:00:00,-99.489,6.914,1.4464,948684.99
2026-05-25 23:00:00,-110.346,1.008,1.8013,948784.12
2026-05-26 00:00:00,-114.44,0.0,1.898,949135.0
2026-05-26 01:00:00,-111.668,1.527,1.8346,949152.44
2026-05-26 02:00:00,-108.213,0.0,1.8131,949464.22
2026-05-26 03:00:00,-102.959,17.27,1.5708,949603.36
2026-05-26 04:00:00,-87.166,144.734,1.1652,949151.08
2026-05-26 05:00:00,-73.105,307.704,0.7961,949045.23
2026-05-26 06:00:00,-67.739,463.019,0.6655,948273.93
2026-05-26 07:00:00,-50.384,563.59,0.4827,948418.58
2026-05-26 08:00:00,-37.178,653.161,0.0,949157.54
2026-05-26 09:00:00,-25.975,700.413,0.0,949421.88
2026-05-26 10:00:00,-13.294,683.029,0.0,950689.63
2026-05-26 11:00:00,-17.188,623.971,0.0,949938.04
2026-05-26 12:00:00,-9.464,538.834,0.0,950243.97
2026-05-26 13:00:00,-17.568,421.339,0.0,950296.79
2026-05-26 14:00:00,-18.625,262.459,0.0,950726.79
2026-05-26 15:00:00,-33.989,86.066,0.0,950457.22
2026-05-26 16:00:00,-44.518,0.0,0.0,950639.1
2026-05-26 17:00:00,-52.242,0.0,0.0,950745.49
2026-05-26 18:00:00,-58.461,1.806,0.0768,950981.18
2026-05-26 19:00:00,-72.549,6.691,0.4764,951055.2
2026-05-26 20:00:00,-82.52,5.262,0.8198,950505.62
2026-05-26 21:00:00,-91.812,2.28,1.1026,950911.08
2026-05-26 22:00:00,-103.906,0.0,1.4596,951390.83
2026-05-26 23:00:00,-105.924,0.0,1.5288,951098.42
2026-05-27 00:00:00,-112.608,2.666,1.6463,951540.88
2026-05-27 01:00:00,-107.525,0.0,1.428,950715.06
2026-05-27 02:00:00,-108.784,0.0,1.5008,949943.46
2026-05-27 03:00:00,-103.416,1.521,1.6447,949718.3
2026-05-27 04:00:00,-104.673,22.159,1.6391,950155.09
2026-05-27 05:00:00,-84.095,196.443,1.252,949888.27
2026-05-27 06:00:00,-71.966,361.799,0.8129,949693.87
2026-05-27 07:00:00,-61.29,502.106,0.3258,949788.39
2026-05-27 08:00:00,-43.303,609.958,0.0,950917.3
2026-05-27 09:00:00,-36.5,673.709,0.0,951091.38
2026-05-27 10:00:00,-20.701,693.76,0.0,952087.63
2026-05-27 11:00:00,-11.792,667.606,0.0,952099.65
2026-05-27 12:00:00,-19.332,600.578,0.0,952730.73
2026-05-27 13:00:00,-14.75,498.847,0.0,952803.97
2026-05-27 14:00:00,-19.362,366.54,0.0,951411.2
2026-05-27 15:00:00,-32.31,205.724,0.0,951123.75
2026-05-27 16:00:00,-33.798,19.912,0.0,950884.75
2026-05-27 17:00:00,-43.688,0.0,0.0,950767.04
2026-05-27 18:00:00,-49.236,6.023,0.0,951621.09
2026-05-27 19:00:00,-64.56,0.396,0.3146,950295.59
2026-05-27 20:00:00,-79.253,0.0,0.7903,950292.12
2026-05-27 21:00:00,-84.673,11.779,0.9689,950119.86
2026-05-27 22:00:00,-91.187,0.0,1.2079,949876.21
2026-05-27 23:00:00,-103.919,1.922,1.6333,950295.91
2026-05-28 00:00:00,-104.942,1.998,1.6557,950006.81
2026-05-28 01:00:00,-117.132,0.0,1.9962,950920.38
2026-05-28 02:00:00,-105.538,0.0,1.6078,950700.53
2026-05-28 03:00:00,-104.7,10.608,1.5947,950318.32
2026-05-28 04:00:00,-109.882,5.016,1.6176,950490.64
2026-05-28 05:00:00,-91.971,91.875,1.1948,950072.58
2026-05-28 06:00:00,-86.178,261.223,1.0934,949610.05
2026-05-28 07:00:00,-68.069,407.224,0.6612,949347.82
2026-05-28 08:00:00,-50.055,545.912,0.1847,949173.81
2026-05-28 09:00:00,-40.106,627.759,0.0,948865.69
2026-05-28 10:00:00,-24.645,685.036,0.0,949050.52
2026-05-28 11:00:00,-20.227,682.926,0.0,949107.58
2026-05-28 12:00:00,-15.726,643.796,0.0,949654.56
2026-05-28 13:00:00,-10.403,576.239,0.0,949763.0
2026-05-28 14:00:00,-16.423,454.141,0.0,949500.14
2026-05-28 15:00:00,-21.305,302.192,0.0,949225.76
2026-05-28 16:00:00,-28.933,148.632,0.0,949260.14
2026-05-28 17:00:00,-39.509,10.6,0.0,948314.85
2026-05-28 18:00:00,-44.662,6.948,0.0,948357.06
2026-05-28 19:00:00,-60.24,0.0,0.2296,948067.81
2026-05-28 20:00:00,-71.809,0.044,0.5645,948080.82
2026-05-28 21:00:00,-82.901,4.439,0.9274,948318.77
2026-05-28 22:00:00,-96.48,5.611,1.3619,948796.58
2026-05-28 23:00:00,-93.951,0.0,1.3294,947852.15
2026-05-29 00:00:00,-107.864,0.171,1.4934,948986.96
2026-05-29 01:00:00,-110.48,1.503,1.7923,949278.04
2026-05-29 02:00:00,-106.5,2.769,1.6831,950055.38
2026-05-29 03:00:00,-111.176,0.0,1.8689,950012.49
2026-05-29 04:00:00,-105.954,0.0,1.6367,950241.93
2026-05-29 05:00:00,-106.276,6.899,1.7192,950179.77
2026-05-29 06:00:00,-85.695,153.108,1.1351,950777.35
2026-05-29 07:00:00,-75.995,315.597,0.8109,950960.66
2026-05-29 08:00:00,-65.01,467.735,0.4837,951734.8
2026-05-29 09:00:00,-51.935,573.492,0.1882,951534.37
2026-05-29 10:00:00,-31.266,662.672,0.0,951001.68
2026-05-29 11:00:00,-28.298,694.139,0.0,950890.35
2026-05-29 12:00:00,-21.887,700.005,0.0,950982.36
2026-05-29 13:00:00,-16.754,625.767,0.0,951623.18
2026-05-29 14:00:00,-14.599,535.569,0.0,952108.47
2026-05-29 15:00:00,-17.524,413.589,0.0,952238.77
2026-05-29 16:00:00,-22.981,259.387,0.0,952383.63
2026-05-29 17:00:00,-33.148,96.433,0.0,951929.7
2026-05-29 18:00:00,-41.727,0.0,0.0,952548.78
2026-05-29 19:00:00,-53.962,4.525,0.0257,953958.34
2026-05-29 20:00:00,-57.146,5.812,0.0983,953124.45
2026-05-29 21:00:00,-75.673,3.523,0.4863,953252.29
2026-05-29 22:00:00,-80.284,0.0,0.7971,952852.98
2026-05-29 23:00:00,-95.482,7.039,1.18,953277.0
2026-05-30 00:00:00,-105.945,6.147,1.4407,953863.63
2026-05-30 01:00:00,-112.727,2.998,1.7393,953430.98
2026-05-30 02:00:00,-111.174,1.022,1.8454,952849.48
2026-05-30 03:00:00,-110.205,1.131,1.588,952222.92
2026-05-30 04:00:00,-115.472,0.0,1.8803,952447.54
2026-05-30 05:00:00,-110.064,3.204,1.6684,952171.96
2026-05-30 06:00:00,-98.915,31.721,1.4254,951420.96
2026-05-30 07:00:00,-87.532,201.043,1.1797,950173.72
2026-05-30 08:00:00,-75.418,360.511,0.8689,950165.45
2026-05-30 09:00:00,-63.493,498.849,0.4217,950134.75
2026-05-30 10:00:00,-45.042,608.125,0.0,950168.62
2026-05-30 11:00:00,-32.147,672.09,0.0,949976.05
2026-05-30 12:00:00,-23.549,695.108,0.0,949121.54
2026-05-30 13:00:00,-18.664,673.528,0.0,948677.51
2026-05-30 14:00:00,-19.076,601.551,0.0,947957.03
2026-05-30 15:00:00,-15.243,506.632,0.0,948352.6
2026-05-30 16:00:00,-19.311,360.338,0.0,948141.98
2026-05-30 17:00:00,-31.454,198.526,0.0,946949.27
2026-05-30 18:00:00,-38.106,29.158,0.0,946881.03
2026-05-30 19:00:00,-45.148,0.0,0.0,946966.15
2026-05-30 20:00:00,-56.145,0.0,0.1248,946574.97
2026-05-30 21:00:00,-72.774,4.905,0.7423,945928.24
2026-05-30 22:00:00,-79.476,0.0,0.8128,945835.44
2026-05-30 23:00:00,-89.462,5.588,1.083,945552.87
2026-05-31 00:00:00,-95.563,7.556,1.1887,944997.41
2026-05-31 01:00:00,-96.92,0.0,1.2806,945116.47
2026-05-31 02:00:00,-109.247,1.459,1.7311,945203.43
2026-05-31 03:00:00,-115.623,5.595,1.8959,945207.66
2026-05-31 04:00:00,-113.06,0.0,1.7711,945380.98
2026-05-31 05:00:00,-109.462,4.339,1.7116,945824.91
2026-05-31 06:00:00,-102.106,0.0,1.4361,946019.55
2026-05-31 07:00:00,-90.804,89.121,1.1839,945900.74
2026-05-31 08:00:00,-77.057,258.003,0.8082,945458.95
2026-05-31 09:00:00,-65.251,417.289,0.4596,946387.07
2026-05-31 10:00:00,-52.485,548.111,0.1743,946545.9
2026-05-31 11:00:00,-35.48,633.131,0.0,946591.49
2026-05-31 12:00:00,-30.132,678.486,0.0,947513.93
2026-05-31 13:00:00,-20.202,686.0,0.0,948522.67
2026-05-31 14:00:00,-15.845,655.312,0.0,947807.94
2026-05-31 15:00:00,-20.079,582.298,0.0,948378.63
2026-05-31 16:00:00,-11.741,457.778,0.0,948364.25
2026-05-31 17:00:00,-18.501,307.172,0.0,948379.33
2026-05-31 18:00:00,-35.523,146.272,0.0,948740.92
2026-05-31 19:00:00,-35.45,0.0,0.0,948204.23
2026-05-31 20:00:00,-48.712,0.0,0.0,948808.8
2026-05-31 21:00:00,-54.905,0.0,0.1327,948928.52
2026-05-31 22:00:00,-68.211,7.042,0.5226,949624.0
2026-05-31 23:00:00,-83.218,0.0,0.9181,948865.96
2026-06-01 00:00:00,-88.253,3.989,1.0289,949089.37
2026-06-01 01:00:00,-100.078,0.0,1.4849,948549.79
2026-06-01 02:00:00,-106.966,0.0,1.4857,948405.49
2026-06-01 03:00:00,-105.026,8.462,1.3598,947844.64
2026-06-01 04:00:00,-108.748,0.0,1.5789,947375.9
2026-06-01 05:00:00,-104.237,0.0,1.5407,947769.55
2026-06-01 06:00:00,-106.045,0.0,1.5711,948318.23
2026-06-01 07:00:00,-101.505,2.069,1.3356,947372.73
2026-06-01 08:00:00,-85.302,148.589,1.0063,948059.13
2026-06-01 09:00:00,-76.0,308.903,0.6971,947898.3
2026-06-01 10:00:00,-60.62,457.968,0.3096,947945.88
2026-06-01 11:00:00,-44.544,584.379,0.0,947718.18
2026-06-01 12:00:00,-34.479,656.704,0.0,948992.13
2026-06-01 13:00:00,-25.774,694.566,0.0,948779.83
2026-06-01 14:00:00,-21.012,682.28,0.0,949626.12
2026-06-01 15:00:00,-10.307,627.427,0.0,950610.97
2026-06-01 16:00:00,-13.598,545.522,0.0,951563.88
2026-06-01 17:00:00,-14.326,407.917,0.0,951444.56
2026-06-01 18:00:00,-20.883,251.962,0.0,951379.91
2026-06-01 19:00:00,-28.535,88.565,0.0,951196.74
2026-06-01 20:00:00,-41.662,0.0,0.0,950860.75
2026-06-01 21:00:00,-50.673,0.0,0.0,949877.88
2026-06-01 22:00:00,-63.286,0.051,0.1456,949562.62
2026-06-01 23:00:00,-72.22,0.001,0.6707,949392.3
2026-06-02 00:00:00,-80.12,1.298,0.7819,949955.51
2026-06-02 01:00:00,-92.692,10.458,1.0703,950521.89
2026-06-02 02:00:00,-97.588,1.681,1.3507,950390.45
2026-06-02 03:00:00,-100.297,0.0,1.5768,950338.91
2026-06-02 04:00:00,-109.531,1.631,1.7207,949666.47
2026-06-02 05:00:00,-113.633,0.189,2.0222,949593.03
2026-06-02 06:00:00,-109.143,0.217,1.7972,950162.48
2026-06-02 07:00:00,-107.51,1.23,1.6857,950473.71
2026-06-02 08:00:00,-91.627,35.142,1.4817,950371.73
2026-06-02 09:00:00,-82.107,208.72,1.0127,949848.07
2026-06-02 10:00:00,-70.674,372.256,0.7084,949795.71
2026-06-02 11:00:00,-56.459,502.851,0.4316,949825.19
2026-06-02 12:00:00,-45.561,604.552,0.0316,950348.17
2026-06-02 13:00:00,-27.079,688.798,0.0,950105.31
2026-06-02 14:00:00,-15.236,690.99,0.0,950693.43
2026-06-02 15:00:00,-18.894,671.112,0.0,950510.16
2026-06-02 16:00:00,-8.94,595.871,0.0,949794.04
2026-06-02 17:00:00,-13.775,497.71,0.0,949639.46
2026-06-02 18:00:00,-14.249,354.138,0.0,949411.57
2026-06-02 19:00:00,-31.329,195.097,0.0,948764.74
2026-06-02 20:00:00,-34.984,28.296,0.0,949043.51
2026-06-02 21:00:00,-45.652,2.36,0.0405,948100.84
2026-06-02 22:00:00,-52.264,2.842,0.1644,948031.4
2026-06-02 23:00:00,-64.815,0.0,0.5267,947292.54
2026-06-03 00:00:00,-75.093,9.184,0.8766,947240.2
2026-06-03 01:00:00,-85.902,0.0,1.035,946671.89
2026-06-03 02:00:00,-89.975,7.643,1.494,946732.13
2026-06-03 03:00:00,-102.703,5.108,1.4526,946535.3
2026-06-03 04:00:00,-104.033,2.887,1.6855,946026.36
2026-06-03 05:00:00,-107.046,0.0,1.8525,946111.73
2026-06-03 06:00:00,-105.709,0.758,1.8705,947937.73
2026-06-03 07:00:00,-109.347,0.0,1.8543,949154.33
2026-06-03 08:00:00,-99.0,0.145,1.5944,949124.15
2026-06-03 09:00:00,-91.935,39.74,1.437,948800.06
2026-06-03 10:00:00,-85.596,104.119,1.112,949360.05
2026-06-03 11:00:00,-70.018,185.864,0.6614,948630.12
2026-06-03 12:00:00,-50.492,234.155,0.2866,948511.52
2026-06-03 13:00:00,-47.476,271.296,0.1625,948071.11
2026-06-03 14:00:00,-37.555,292.405,0.0,949049.7
2026-06-03 15:00:00,-26.672,299.424,0.0,949107.85
2026-06-03 16:00:00,-23.975,276.37,0.0,948700.51
2026-06-03 17:00:00,-19.356,234.635,0.0,948769.11
2026-06-03 18:00:00,-21.099,197.14,0.0,949168.52
2026-06-03 19:00:00,-21.892,134.294,0.0,950135.35
2026-06-03 20:00:00,-29.464,58.789,0.0,949341.36
2026-06-03 21:00:00,-31.338,0.0,0.0,948600.01
2026-06-03 22:00:00,-45.399,0.445,0.0,948238.46
2026-06-03 23:00:00,-56.106,0.0,0.3253,947543.37
2026-06-04 00:00:00,-62.946,0.0,0.3707,947529.65
2026-06-04 01:00:00,-80.815,0.0,0.8384,947834.15
2026-06-04 02:00:00,-81.624,4.22,0.9974,947486.31
2026-06-04 03:00:00,-98.608,0.0,1.3786,947583.29
2026-06-04 04:00:00,-98.552,0.0,1.4402,947196.98
2026-06-04 05:00:00,-102.133,9.773,1.5144,947385.95
2026-06-04 06:00:00,-109.767,1.762,1.6656,947434.15
2026-06-04 07:00:00,-108.564,1.695,1.65,948222.15
2026-06-04 08:00:00,-103.773,0.0,1.3317,948342.12
2026-06-04 09:00:00,-95.359,0.0,1.4361,948642.95
2026-06-04 10:00:00,-88.304,143.587,1.0805,949259.45
2026-06-04 11:00:00,-71.726,325.138,0.7586,948822.53
2026-06-04 12:00:00,-58.193,467.631,0.2087,948715.56
2026-06-04 13:00:00,-46.987,579.542,0.0007,949009.04
2026-06-04 14:00:00,-35.071,657.322,0.0,949158.9
2026-06-04 15:00:00,-20.887,696.773,0.0,950238.59
2026-06-04 16:00:00,-13.311,675.65,0.0,950001.14
2026-06-04 17:00:00,-11.658,626.675,0.0,949124.84
2026-06-04 18:00:00,-8.631,529.488,0.0,949158.52
2026-06-04 19:00:00,-13.514,415.014,0.0,948840.16
2026-06-04 20:00:00,-14.499,255.293,0.0,948236.37
2026-06-04 21:00:00,-28.691,68.455,0.0,947995.17
2026-06-04 22:00:00,-33.891,0.0,0.0,946301.49
2026-06-04 23:00:00,-51.733,0.0,0.0549,946611.89
2026-06-05 00:00:00,-56.293,0.0,0.2274,946972.01
2026-06-05 01:00:00,-66.292,0.0,0.4707,947188.94
2026-06-05 02:00:00,-78.461,9.724,0.7952,947157.08
2026-06-05 03:00:00,-89.704,1.563,1.2078,947742.43
2026-06-05 04:00:00,-96.609,2.374,1.374,947780.75
2026-06-05 05:00:00,-99.976,0.0,1.4709,947949.29
2026-06-05 06:00:00,-109.632,3.611,1.6785,947120.23
2026-06-05 07:00:00,-105.718,0.0,1.563,947383.47
2026-06-05 08:00:00,-105.376,0.0,1.6879,947380.51
2026-06-05 09:00:00,-102.502,3.055,1.6355,947562.56
2026-06-05 10:00:00,-94.763,30.861,1.4626,948705.22
2026-06-05 11:00:00,-80.392,220.641,1.0503,949276.08
2026-06-05 12:00:00,-61.643,373.488,0.4345,948352.53
2026-06-05 13:00:00,-51.665,514.847,0.2626,947865.68
2026-06-05 14:00:00,-42.961,606.103,0.001,948253.89
2026-06-05 15:00:00,-29.801,670.419,0.0,948470.07
2026-06-05 16:00:00,-22.968,689.195,0.0,948660.67
2026-06-05 17:00:00,-18.649,671.348,0.0,948820.52
2026-06-05 18:00:00,-13.698,602.249,0.0,949567.57
2026-06-05 19:00:00,-10.38,492.553,0.0,950068.03
2026-06-05 20:00:00,-11.577,350.804,0.0,950059.05
2026-06-05 21:00:00,-19.718,187.559,0.0,948766.15
2026-06-05 22:00:00,-35.689,19.144,0.0,949386.89
2026-06-05 23:00:00,-43.135,0.0,0.0,949329.26
2026-06-06 00:00:00,-52.951,0.0,0.1487,949229.18
2026-06-06 01:00:00,-68.473,7.735,0.4988,949726.84
2026-06-06 02:00:00,-71.786,0.0,0.5796,950686.38
2026-06-06 03:00:00,-78.527,6.35,0.9348,950962.88
2026-06-06 04:00:00,-91.11,0.0,1.2467,951383.18
2026-06-06 05:00:00,-101.288,1.224,1.3219,951464.54
2026-06-06 06:00:00,-105.134,0.0,1.6839,951243.28
2026-06-06 07:00:00,-106.11,0.0,1.6301,951466.51
2026-06-06 08:00:00,-102.322,7.142,1.592,951146.3
2026-06-06 09:00:00,-102.465,0.0,1.5618,951176.26
2026-06-06 10:00:00,-94.745,3.732,1.4112,950694.33
2026-06-06 11:00:00,-86.92,95.215,1.2185,950676.14
2026-06-06 12:00:00,-72.163,268.391,0.7497,951320.96
2026-06-06 13:00:00,-61.972,417.742,0.505,951485.39
2026-06-06 14:00:00,-47.177,553.865,0.0797,951259.67
2026-06-06 15:00:00,-36.98,639.488,0.0,950874.87
2026-06-06 16:00:00,-20.493,688.822,0.0,950473.24
2026-06-06 17:00:00,-14.559,698.475,0.0,950232.24
2026-06-06 18:00:00,-19.701,657.501,0.0,950476.4
2026-06-06 19:00:00,-6.053,573.498,0.0,950571.82
2026-06-06 20:00:00,-7.085,443.729,0.0,950547.21
2026-06-06 21:00:00,-18.082,299.413,0.0,950636.71
2026-06-06 22:00:00,-22.833,130.365,0.0,949846.44
2026-06-06 23:00:00,-35.13,3.638,0.0,949608.21
2026-06-07 00:00:00,-49.65,0.853,0.0,949378.2
2026-06-07 01:00:00,-47.725,0.0,0.0,949121.89
2026-06-07 02:00:00,-64.6,0.0,0.3027,949640.01
2026-06-07 03:00:00,-73.898,0.0,0.4872,949349.11
2026-06-07 04:00:00,-86.424,0.0,0.7507,949116.79
2026-06-07 05:00:00,-93.981,0.0,1.1002,949242.14
2026-06-07 06:00:00,-99.287,2.644,1.3031,949176.58
2026-06-07 07:00:00,-106.865,1.89,1.5844,948737.43
2026-06-07 08:00:00,-100.373,9.54,1.4835,949003.08
2026-06-07 09:00:00,-101.892,4.239,1.5623,948873.48
2026-06-07 10:00:00,-99.605,0.0,1.4413,948664.67
2026-06-07 11:00:00,-95.174,4.09,1.2814,948353.76
2026-06-07 12:00:00,-84.951,151.234,0.9083,948996.62
2026-06-07 13:00:00,-65.468,318.959,0.4944,948473.82
2026-06-07 14:00:00,-52.016,470.083,0.0882,947719.79
2026-06-07 15:00:00,-41.776,572.029,0.1005,947914.08
2026-06-07 16:00:00,-31.072,659.405,0.0,947866.93
2026-06-07 17:00:00,-22.246,688.67,0.0,946587.56
2026-06-07 18:00:00,-10.677,683.663,0.0,946093.28
2026-06-07 19:00:00,-8.149,623.04,0.0,946616.89
2026-06-07 20:00:00,-3.997,535.243,0.0,947317.03
2026-06-07 21:00:00,-7.616,403.486,0.0,947954.01
2026-06-07 22:00:00,-17.535,254.61,0.0,947621.12
2026-06-07 23:00:00,-28.295,75.87,0.0,947847.76
2026-06-08 00:00:00,-41.255,0.0,0.0,948486.37
2026-06-08 01:00:00,-44.372,0.0,0.0,947795.5
2026-06-08 02:00:00,-57.865,0.0,0.1126,947850.12
2026-06-08 03:00:00,-66.88,2.031,0.2568,948332.28
2026-06-08 04:00:00,-76.149,2.949,0.4845,948892.71
2026-06-08 05:00:00,-90.637,12.346,0.9817,949372.09
2026-06-08 06:00:00,-99.671,0.0,1.2634,949671.72
2026-06-08 07:00:00,-96.328,0.0,1.2059,949686.74
2026-06-08 08:00:00,-105.652,0.0,1.4836,950374.04
2026-06-08 09:00:00,-109.063,1.061,1.652,951205.36
2026-06-08 10:00:00,-102.695,1.908,1.5984,951126.55
2026-06-08 11:00:00,-102.998,0.0,1.3558,951472.64
2026-06-08 12:00:00,-92.678,48.157,1.1401,951304.98
2026-06-08 13:00:00,-81.826,213.215,0.9619,952113.41
2026-06-08 14:00:00,-66.147,380.842,0.3359,952057.81
2026-06-08 15:00:00,-53.446,513.943,0.0672,952117.64
2026-06-08 16:00:00,-41.884,613.52,0.0799,951897.67
2026-06-08 17:00:00,-27.419,674.717,0.0,951928.24
2026-06-08 18:00:00,-20.726,707.469,0.0,952008.54
2026-06-08 19:00:00,-11.278,665.396,0.0,952734.86
2026-06-08 20:00:00,-10.416,601.887,0.0,952139.99
2026-06-08 21:00:00,-16.385,488.794,0.0,952265.82
2026-06-08 22:00:00,-13.711,361.815,0.0,952341.47
2026-06-08 23:00:00,-20.934,194.874,0.0,951882.41
2026-06-09 00:00:00,-26.891,12.303,0.0,951665.75
2026-06-09 01:00:00,-41.638,2.563,0.0,950480.02
2026-06-09 02:00:00,-50.526,1.288,0.0,949757.41
2026-06-09 03:00:00,-59.695,0.0,0.007,950689.79
2026-06-09 04:00:00,-67.972,3.791,0.3296,950681.39
2026-06-09 05:00:00,-78.279,1.947,0.6798,950880.08
2026-06-09 06:00:00,-89.877,1.078,0.8832,950428.27
2026-06-09 07:00:00,-98.519,0.0,1.2007,950292.49
2026-06-09 08:00:00,-100.187,2.155,1.2705,949935.74
2026-06-09 09:00:00,-106.058,1.147,1.4909,950220.0
2026-06-09 10:00:00,-109.447,0.295,1.4173,949605.83
2026-06-09 11:00:00,-108.184,0.0,1.4517,949022.22
2026-06-09 12:00:00,-99.516,8.469,1.3224,948901.03
2026-06-09 13:00:00,-88.266,97.44,0.9655,949184.61
2026-06-09 14:00:00,-67.609,274.909,0.345,949539.01
2026-06-09 15:00:00,-61.556,423.636,0.3523,949598.15
2026-06-09 16:00:00,-47.282,559.047,0.0,950547.95
2026-06-09 17:00:00,-37.01,635.214,0.0,950507.77
2026-06-09 18:00:00,-22.975,684.231,0.0,949723.84
2026-06-09 19:00:00,-16.074,686.816,0.0,949869.75
2026-06-09 20:00:00,-14.327,652.379,0.0,950204.81
2026-06-09 21:00:00,-14.251,560.972,0.0,951036.6
2026-06-09 22:00:00,-14.287,445.854,0.0,951693.85
2026-06-09 23:00:00,-21.502,288.948,0.0,951345.02
2026-06-10 00:00:00,-28.006,133.022,0.0,951280.58
2026-06-10 01:00:00,-36.977,0.0,0.0,950955.61
2026-06-10 02:00:00,-47.783,0.0,0.0,951446.26
2026-06-10 03:00:00,-51.684,5.428,0.0,952047.17
2026-06-10 04:00:00,-63.024,0.0,0.119,951556.48
2026-06-10 05:00:00,-77.277,3.985,0.5671,951531.92
2026-06-10 06:00:00,-89.144,0.0,0.9226,950970.06
2026-06-10 07:00:00,-94.87,8.008,0.9799,950157.26
2026-06-10 08:00:00,-101.656,3.748,1.2578,950149.89
2026-06-10 09:00:00,-105.642,0.0,1.4097,949964.27
2026-06-10 10:00:00,-108.564,0.0,1.5434,949062.71
2026-06-10 11:00:00,-109.558,3.028,1.5088,948666.32
2026-06-10 12:00:00,-102.45,0.0,1.2731,948633.99
2026-06-10 13:00:00,-97.029,0.0,1.0874,947468.04
2026-06-10 14:00:00,-85.088,168.266,0.9128,947790.39
2026-06-10 15:00:00,-69.965,323.462,0.5631,948116.87
2026-06-10 16:00:00,-55.873,471.835,0.2001,947855.61
2026-06-10 17:00:00,-41.773,589.89,0.0,948012.8
2026-06-10 18:00:00,-31.223,665.121,0.0,948025.09
2026-06-10 19:00:00,-19.089,693.55,0.0,948011.78
2026-06-10 20:00:00,-15.57,681.342,0.0,947711.55
2026-06-10 21:00:00,-13.23,618.443,0.0,947095.93
2026-06-10 22:00:00,-12.915,525.711,0.0,946875.79
2026-06-10 23:00:00,-16.103,402.151,0.0,946407.11
2026-06-11 00:00:00,-23.891,243.572,0.0,945453.81
2026-06-11 01:00:00,-34.681,72.563,0.0,946120.8
2026-06-11 02:00:00,-37.186,5.196,0.0,946295.88
2026-06-11 03:00:00,-44.171,0.0,0.0,946356.52
2026-06-11 04:00:00,-56.852,0.0,0.0,946141.62
2026-06-11 05:00:00,-70.717,0.944,0.3774,945947.9
2026-06-11 06:00:00,-84.8,0.0,0.5872,945751.22
2026-06-11 07:00:00,-88.418,7.157,0.8445,945201.73
2026-06-11 08:00:00,-102.048,4.543,1.117,945091.92
2026-06-11 09:00:00,-103.235,1.451,1.2142,944793.25
2026-06-11 10:00:00,-108.523,8.971,1.3908,943874.32
2026-06-11 11:00:00,-113.799,0.0,1.4561,944499.83
2026-06-11 12:00:00,-100.31,0.0,1.387,944314.9
2026-06-11 13:00:00,-103.995,1.832,1.3815,943491.83
2026-06-11 14:00:00,-93.526,41.87,1.1341,943213.97
2026-06-11 15:00:00,-79.161,221.42,0.6972,943626.48
2026-06-11 16:00:00,-66.752,373.659,0.4646,943809.42
2026-06-11 17:00:00,-50.4,517.438,0.0974,944465.79
2026-06-11 18:00:00,-40.657,620.88,0.0,945272.17
2026-06-11 19:00:00,-26.205,678.81,0.0,945929.12
2026-06-11 20:00:00,-18.083,686.299,0.0,946154.91
2026-06-11 21:00:00,-16.819,663.931,0.0,946067.1
2026-06-11 22:00:00,-9.32,601.608,0.0,946498.13
2026-06-11 23:00:00,-14.752,490.245,0.0,945995.61
2026-06-12 00:00:00,-19.297,336.374,0.0,947132.51
2026-06-12 01:00:00,-22.766,193.171,0.0,947053.46
2026-06-12 02:00:00,-35.493,12.681,0.0,946610.99
2026-06-12 03:00:00,-42.224,0.0,0.0,946222.6
2026-06-12 04:00:00,-51.55,4.975,0.0,946019.21
2026-06-12 05:00:00,-67.766,0.0,0.3355,946271.38
2026-06-12 06:00:00,-71.597,0.0,0.4797,946298.13
2026-06-12 07:00:00,-83.054,1.792,0.5465,946226.55
2026-06-12 08:00:00,-93.993,8.905,1.0485,947308.98
2026-06-12 09:00:00,-100.056,8.118,1.2748,946995.93
2026-06-12 10:00:00,-103.099,1.799,1.3931,946957.62
2026-06-12 11:00:00,-108.768,2.312,1.5593,947697.76
2026-06-12 12:00:00,-101.315,3.957,1.3543,947023.47
2026-06-12 13:00:00,-101.044,0.0,1.1131,947752.55
2026-06-12 14:00:00,-100.065,3.221,1.4982,947778.99
2026-06-12 15:00:00,-91.321,102.728,1.1593,948085.88
2026-06-12 16:00:00,-77.045,277.88,0.7004,948244.94
2026-06-12 17:00:00,-64.022,427.201,0.4362,948890.73
2026-06-12 18:00:00,-48.063,555.239,0.0675,948823.0
2026-06-12 19:00:00,-33.612,642.028,0.0,948948.23
2026-06-12 20:00:00,-30.171,673.36,0.0,948596.81
2026-06-12 21:00:00,-15.978,692.437,0.0,948336.22
2026-06-12 22:00:00,-10.079,652.916,0.0,947855.16
2026-06-12 23:00:00,-9.794,568.146,0.0,947766.97
2026-06-13 00:00:00,-14.397,445.072,0.0,947914.71
2026-06-13 01:00:00,-17.874,304.692,0.0,948115.38
2026-06-13 02:00:00,-24.338,129.788,0.0,947605.03
2026-06-13 03:00:00,-38.407,2.188,0.0,947225.24
2026-06-13 04:00:00,-46.431,5.222,0.0,946722.59
2026-06-13 05:00:00,-50.012,1.813,0.0376,946215.06
2026-06-13 06:00:00,-65.93,0.0,0.4532,946041.66
2026-06-13 07:00:00,-79.806,0.0,0.7624,945558.18
2026-06-13 08:00:00,-83.689,0.0,0.8273,946242.71
2026-06-13 09:00:00,-92.852,3.805,1.1194,945517.63
2026-06-13 10:00:00,-102.909,0.0,1.5523,946707.78
2026-06-13 11:00:00,-108.928,4.006,1.539,947407.56
2026-06-13 12:00:00,-106.633,0.744,1.5537,947322.53
2026-06-13 13:00:00,-106.357,6.44,1.559,947619.02
2026-06-13 14:00:00,-105.808,0.0,1.5832,947834.17
2026-06-13 15:00:00,-96.535,2.338,1.3179,947002.06
2026-06-13 16:00:00,-84.455,168.097,0.9727,947572.13
2026-06-13 17:00:00,-70.164,338.1,0.5499,946844.31
2026-06-13 18:00:00,-54.79,465.739,0.1412,947255.71
2026-06-13 19:00:00,-47.96,585.037,0.0,948209.52
2026-06-13 20:00:00,-33.681,666.705,0.0,948280.28
2026-06-13 21:00:00,-21.533,702.55,0.0,948626.85
2026-06-13 22:00:00,-8.781,683.515,0.0,949073.59
2026-06-13 23:00:00,-2.092,624.287,0.0,948616.33
2026-06-14 00:00:00,-9.26,532.567,0.0,949185.55
2026-06-14 01:00:00,-12.056,402.011,0.0,949170.96
2026-06-14 02:00:00,-26.857,239.076,0.0,949239.04
2026-06-14 03:00:00,-25.784,70.179,0.0,949109.34
2026-06-14 04:00:00,-35.82,5.903,0.0,948780.45
2026-06-14 05:00:00,-44.914,9.452,0.0,949109.73
2026-06-14 06:00:00,-59.69,3.713,0.278,949315.97
2026-06-14 07:00:00,-61.533,0.221,0.2515,949260.65
2026-06-14 08:00:00,-73.682,0.0,0.5879,948484.55
2026-06-14 09:00:00,-86.629,2.787,0.9981,948858.78
2026-06-14 10:00:00,-92.727,0.0,1.2496,948394.87
2026-06-14 11:00:00,-101.449,0.948,1.4332,948163.63
2026-06-14 12:00:00,-102.314,0.0,1.3432,948020.93
2026-06-14 13:00:00,-109.304,6.485,1.5914,947698.44
2026-06-14 14:00:00,-110.791,0.0,1.6438,948368.12
2026-06-14 15:00:00,-102.884,0.0,1.5114,949377.59
2026-06-14 16:00:00,-93.188,50.643,1.3415,950173.9
2026-06-14 17:00:00,-79.519,233.458,0.9149,949340.33
2026-06-14 18:00:00,-62.35,380.306,0.477,948888.51
2026-06-14 19:00:00,-50.506,513.314,0.1462,948760.98
2026-06-14 20:00:00,-36.269,614.756,0.0,948374.96
2026-06-14 21:00:00,-28.076,686.798,0.0,948854.61
2026-06-14 22:00:00,-19.565,681.625,0.0,948890.07
2026-06-14 23:00:00,-10.236,662.935,0.0,948258.82
2026-06-15 00:00:00,-8.942,610.736,0.0,947355.32
2026-06-15 01:00:00,-8.867,490.612,0.0,947842.42
2026-06-15 02:00:00,-12.414,341.216,0.0,947766.18
2026-06-15 03:00:00,-16.439,183.234,0.0,948156.44
2026-06-15 04:00:00,-31.64,8.632,0.0,948637.53
2026-06-15 05:00:00,-35.122,4.231,0.0,949703.59
2026-06-15 06:00:00,-48.602,9.198,0.1399,950102.63
2026-06-15 07:00:00,-58.213,1.943,0.3121,950720.97
2026-06-15 08:00:00,-68.088,0.0,0.383,950898.82
2026-06-15 09:00:00,-79.429,3.935,0.8431,951385.86
2026-06-15 10:00:00,-93.623,0.0,1.1782,950747.71
2026-06-15 11:00:00,-95.305,0.0,1.0237,950314.95
2026-06-15 12:00:00,-104.742,0.0,1.2464,950377.52
2026-06-15 13:00:00,-104.901,0.0,1.4224,950900.3
2026-06-15 14:00:00,-105.087,0.0,1.3801,951367.09
2026-06-15 15:00:00,-99.516,0.0,1.0215,951588.58
2026-06-15 16:00:00,-96.239,1.566,1.1713,950987.87
2026-06-15 17:00:00,-91.55,104.094,1.0821,950867.6
2026-06-15 18:00:00,-68.232,264.048,0.4284,950316.31
2026-06-15 19:00:00,-58.225,426.158,0.3529,951349.1
2026-06-15 20:00:00,-48.307,552.776,0.0,950988.69
2026-06-15 21:00:00,-37.332,640.022,0.0,950011.1
2026-06-15 22:00:00,-20.014,697.039,0.0,950019.21
2026-06-15 23:00:00,-18.526,688.248,0.0,949029.57
2026-06-16 00:00:00,-8.091,652.956,0.0,949562.32
2026-06-16 01:00:00,-6.647,563.815,0.0,950033.72
2026-06-16 02:00:00,-14.486,442.644,0.0,950483.63
2026-06-16 03:00:00,-20.59,289.028,0.0,950534.87
2026-06-16 04:00:00,-28.394,124.328,0.0,949647.66
2026-06-16 05:00:00,-40.491,0.0,0.0,949488.7
2026-06-16 06:00:00,-45.872,0.85,0.0,949756.59
2026-06-16 07:00:00,-55.545,0.0,0.0339,950156.45
2026-06-16 08:00:00,-64.719,0.0,0.1353,949870.11
2026-06-16 09:00:00,-80.082,4.959,0.6572,950162.36
2026-06-16 10:00:00,-84.858,2.134,0.8334,950385.9
2026-06-16 11:00:00,-98.708,0.0,1.0444,949650.1
2026-06-16 12:00:00,-99.777,0.727,1.2712,949924.34
2026-06-16 13:00:00,-110.819,0.0,1.4766,949719.47
2026-06-16 14:00:00,-103.658,0.0,1.3475,949909.3
2026-06-16 15:00:00,-108.959,0.352,1.5142,950347.58
2026-06-16 16:00:00,-101.277,0.0,1.4607,950075.96
2026-06-16 17:00:00,-94.299,0.0,1.1369,950238.88
2026-06-16 18:00:00,-87.623,161.093,1.0356,950736.87
2026-06-16 19:00:00,-66.988,332.139,0.3177,950871.02
2026-06-16 20:00:00,-57.592,479.931,0.191,951072.85
2026-06-16 21:00:00,-43.865,585.98,0.0,951060.14
2026-06-16 22:00:00,-32.648,676.354,0.0,951408.59
2026-06-16 23:00:00,-15.384,699.618,0.0,951904.42
2026-06-17 00:00:00,-16.909,688.261,0.0,952590.89
2026-06-17 01:00:00,-8.345,628.246,0.0,952063.96
2026-06-17 02:00:00,-11.227,535.754,0.0,951973.34
2026-06-17 03:00:00,-9.822,390.778,0.0,951239.31
2026-06-17 04:00:00,-13.216,224.646,0.0,951563.05
2026-06-17 05:00:00,-31.956,62.623,0.0,950963.4
2026-06-17 06:00:00,-39.636,2.791,0.0,951669.59
2026-06-17 07:00:00,-50.002,0.758,0.0,950861.83
2026-06-17 08:00:00,-56.185,1.377,0.1471,950726.09
2026-06-17 09:00:00,-71.212,6.605,0.4801,950404.01
2026-06-17 10:00:00,-78.052,1.91,0.7695,949566.08
2026-06-17 11:00:00,-91.14,3.995,1.18,950061.85
2026-06-17 12:00:00,-90.853,0.0,1.0419,949956.75
2026-06-17 13:00:00,-109.5,0.0,1.5537,949665.34
2026-06-17 14:00:00,-105.202,8.071,1.4673,949953.81
2026-06-17 15:00:00,-107.478,0.505,1.4332,950719.47
2026-06-17 16:00:00,-105.619,0.0,1.5806,951900.02
2026-06-17 17:00:00,-99.67,0.0,1.3591,952613.92
2026-06-17 18:00:00,-92.887,50.617,1.1713,952605.09
2026-06-17 19:00:00,-79.265,223.513,0.8677,952235.6
2026-06-17 20:00:00,-64.445,379.176,0.4933,952377.11
2026-06-17 21:00:00,-46.15,511.726,0.0,952071.88
2026-06-17 22:00:00,-46.206,618.364,0.0,952338.88
2026-06-17 23:00:00,-20.722,676.494,0.0,952188.01
2026-06-18 00:00:00,-10.493,701.242,0.0,952577.69
2026-06-18 01:00:00,-17.157,668.496,0.0,953091.1
2026-06-18 02:00:00,-9.272,596.612,0.0,952447.46
2026-06-18 03:00:00,-6.161,481.386,0.0,952679.8
2026-06-18 04:00:00,-12.554,342.989,0.0,953356.1
2026-06-18 05:00:00,-18.721,181.705,0.0,952289.93
2026-06-18 06:00:00,-32.521,8.171,0.0,952307.56
2026-06-18 07:00:00,-48.437,0.0,0.0342,952096.94
2026-06-18 08:00:00,-48.027,5.396,0.0,952375.12
2026-06-18 09:00:00,-60.448,0.04,0.2456,952886.42
2026-06-18 10:00:00,-68.214,3.964,0.5806,951875.27
2026-06-18 11:00:00,-87.041,0.0,1.0937,952474.02
2026-06-18 12:00:00,-94.937,0.0,1.3463,951532.27
2026-06-18 13:00:00,-98.747,1.342,1.4482,950643.06
2026-06-18 14:00:00,-99.438,3.627,1.6475,950455.14
2026-06-18 15:00:00,-100.774,2.877,1.4939,949928.62
2026-06-18 16:00:00,-108.153,2.111,1.6024,950775.36
2026-06-18 17:00:00,-103.774,0.0,1.5008,950816.34
2026-06-18 18:00:00,-89.35,0.0,1.199,950446.88
2026-06-18 19:00:00,-88.741,116.527,1.2278,949838.99
2026-06-18 20:00:00,-71.808,285.336,0.7167,948650.8
2026-06-18 21:00:00,-60.984,431.549,0.4779,948777.13
2026-06-18 22:00:00,-44.053,563.004,0.0,948461.61
2026-06-18 23:00:00,-35.779,640.15,0.0,948787.41
2026-06-19 00:00:00,-24.952,687.136,0.0,949367.76
2026-06-19 01:00:00,-15.452,699.167,0.0,949988.21
2026-06-19 02:00:00,-11.168,651.642,0.0,949042.52
2026-06-19 03:00:00,-8.683,560.027,0.0,949050.44
2026-06-19 04:00:00,-9.015,441.495,0.0,949037.11
2026-06-19 05:00:00,-11.896,290.658,0.0,948696.99
2026-06-19 06:00:00,-28.711,107.263,0.0,948021.75
2026-06-19 07:00:00,-39.665,0.0,0.0,947866.69
2026-06-19 08:00:00,-45.531,0.0,0.0,947839.84
2026-06-19 09:00:00,-58.422,0.0,0.1925,947330.69
2026-06-19 10:00:00,-71.027,1.236,0.4179,946572.4
2026-06-19 11:00:00,-73.821,5.647,0.6167,947395.8
2026-06-19 12:00:00,-86.513,0.0,0.9183,947881.43
2026-06-19 13:00:00,-94.367,0.0,1.168,948754.1
2026-06-19 14:00:00,-106.977,1.624,1.4945,948315.15
2026-06-19 15:00:00,-106.919,0.0,1.4826,948493.19
2026-06-19 16:00:00,-110.567,0.0,1.5788,949008.76
2026-06-19 17:00:00,-105.143,0.0,1.5563,950046.45
2026-06-19 18:00:00,-100.667,11.209,1.5326,950638.37
2026-06-19 19:00:00,-94.538,0.0,1.4092,950321.0
2026-06-19 20:00:00,-84.236,170.881,1.0018,950404.69
2026-06-19 21:00:00,-70.651,337.205,0.5763,948667.61
2026-06-19 22:00:00,-55.304,475.943,0.3146,948514.5
2026-06-19 23:00:00,-40.056,595.99,0.0,948753.04
2026-06-20 00:00:00,-31.286,669.007,0.0,949258.55
2026-06-20 01:00:00,-22.564,695.216,0.0,949084.26
2026-06-20 02:00:00,-15.392,679.709,0.0,950238.83
2026-06-20 03:00:00,-11.271,622.135,0.0,949897.09
2026-06-20 04:00:00,-10.968,523.594,0.0,949297.36
2026-06-20 05:00:00,-16.293,391.308,0.0,949545.14
2026-06-20 06:00:00,-21.311,233.048,0.0,949716.43
2026-06-20 07:00:00,-25.491,62.431,0.0,950007.83
2026-06-20 08:00:00,-38.527,3.766,0.0,950571.22
2026-06-20 09:00:00,-50.353,0.0,0.0,950542.96
2026-06-20 10:00:00,-63.629,0.0,0.2146,950857.61
2026-06-20 11:00:00,-61.384,0.0,0.4218,951124.04
2026-06-20 12:00:00,-73.661,4.332,0.596,951392.94
2026-06-20 13:00:00,-85.871,1.252,1.0281,951727.87
2026-06-20 14:00:00,-91.254,2.526,1.2439,951413.86
2026-06-20 15:00:00,-99.19,0.0,1.2454,952229.13
2026-06-20 16:00:00,-104.04,8.925,1.6986,951369.55
2026-06-20 17:00:00,-108.188,0.0,1.6942,951149.73
2026-06-20 18:00:00,-97.107,0.841,1.4653,951486.97
2026-06-20 19:00:00,-99.53,4.272,1.6689,951359.37
2026-06-20 20:00:00,-91.13,52.628,1.3305,951537.49
2026-06-20 21:00:00,-76.496,227.847,0.8436,950981.76
2026-06-20 22:00:00,-62.394,389.602,0.4304,950785.46
2026-06-20 23:00:00,-46.469,536.022,0.0,950048.27
2026-06-21 00:00:00,-34.547,622.58,0.0,950044.56
2026-06-21 01:00:00,-26.552,688.344,0.0,950031.66
2026-06-21 02:00:00,-16.042,701.649,0.0,949490.32
2026-06-21 03:00:00,-8.701,667.853,0.0,950105.93
2026-06-21 04:00:00,-10.12,588.455,0.0,949713.24
2026-06-21 05:00:00,-5.124,487.771,0.0,950184.88
2026-06-21 06:00:00,-14.704,332.9,0.0,950186.69
2026-06-21 07:00:00,-16.887,184.334,0.0,950090.23
2026-06-21 08:00:00,-36.476,1.883,0.0,949776.09
2026-06-21 09:00:00,-38.667,0.0,0.0,949587.05
2026-06-21 10:00:00,-53.336,0.0,0.1463,949567.23
2026-06-21 11:00:00,-63.229,3.27,0.3924,949225.85
2026-06-21 12:00:00,-69.325,0.0,0.5001,948126.79
2026-06-21 13:00:00,-82.631,3.575,0.9166,947557.03
2026-06-21 14:00:00,-82.946,0.0,0.9084,947885.93
2026-06-21 15:00:00,-96.182,0.0,1.247,948748.5
2026-06-21 16:00:00,-104.859,0.0,1.3249,948359.24
2026-06-21 17:00:00,-103.745,0.158,1.4427,948022.3
2026-06-21 18:00:00,-104.958,0.0,1.5202,948038.82
2026-06-21 19:00:00,-98.779,6.136,1.4001,949197.39
2026-06-21 20:00:00,-97.271,0.0,1.3495,949244.0
2026-06-21 21:00:00,-85.129,118.996,1.155,949470.0
2026-06-21 22:00:00,-72.401,286.94,0.6929,949523.21
2026-06-21 23:00:00,-58.553,429.481,0.5109,949186.62
2026-06-22 00:00:00,-42.09,553.099,0.0,949323.48
2026-06-22 01:00:00,-37.415,646.044,0.0,949704.66
2026-06-22 02:00:00,-20.978,700.468,0.0,949097.41
2026-06-22 03:00:00,-15.375,693.447,0.0,949700.45
2026-06-22 04:00:00,-13.299,637.322,0.0,950288.91
2026-06-22 05:00:00,-11.125,544.088,0.0,950031.66
2026-06-22 06:00:00,-12.453,440.86,0.0,949680.33
2026-06-22 07:00:00,-17.139,286.038,0.0,949671.61
2026-06-22 08:00:00,-24.264,123.049,0.0,949183.03
2026-06-22 09:00:00,-33.589,0.0,0.0,949508.06
2026-06-22 10:00:00,-44.973,1.751,0.0,950560.39
2026-06-22 11:00:00,-49.454,4.231,0.0,949400.64
2026-06-22 12:00:00,-66.162,0.0,0.2598,949311.45
2026-06-22 13:00:00,-81.593,0.0,0.7046,949605.95
2026-06-22 14:00:00,-86.701,0.126,0.7541,950063.26
2026-06-22 15:00:00,-93.668,2.713,1.0839,949491.06
2026-06-22 16:00:00,-110.284,0.0,1.5405,949941.57
2026-06-22 17:00:00,-101.476,4.87,1.4139,950134.58
2026-06-22 18:00:00,-107.024,0.0,1.3656,950294.4
2026-06-22 19:00:00,-109.268,0.0,1.4058,948979.97
2026-06-22 20:00:00,-104.347,9.885,1.4372,948234.96
2026-06-22 21:00:00,-92.846,0.0,1.1676,948169.47
2026-06-22 22:00:00,-80.632,173.571,0.7756,948266.25
2026-06-22 23:00:00,-71.614,340.135,0.5615,948164.38
2026-06-23 00:00:00,-59.498,482.867,0.3666,948489.89
2026-06-23 01:00:00,-42.138,591.507,0.0,948699.04
2026-06-23 02:00:00,-29.315,665.943,0.0,948165.12
2026-06-23 03:00:00,-18.526,695.416,0.0,948410.62
2026-06-23 04:00:00,-15.173,681.158,0.0,948876.53
2026-06-23 05:00:00,-11.001,609.238,0.0,949511.09
2026-06-23 06:00:00,-10.966,531.073,0.0,949603.11
2026-06-23 07:00:00,-11.737,387.89,0.0,949842.02
2026-06-23 08:00:00,-16.81,233.395,0.0,949574.93
2026-06-23 09:00:00,-25.427,50.583,0.0,950154.19
2026-06-23 10:00:00,-35.277,0.0,0.0,950812.07
2026-06-23 11:00:00,-43.378,0.0,0.0,950734.23
2026-06-23 12:00:00,-55.579,7.349,0.2011,950554.77
2026-06-23 13:00:00,-71.262,0.0,0.5755,950786.98
2026-06-23 14:00:00,-74.954,3.79,0.7217,951111.96
2026-06-23 15:00:00,-93.006,0.0,1.1771,951323.32
2026-06-23 16:00:00,-89.49,0.0,1.0651,951101.72
2026-06-23 17:00:00,-104.791,0.0,1.5507,951217.98
2026-06-23 18:00:00,-101.854,6.419,1.5282,950968.8
2026-06-23 19:00:00,-101.049,0.0,1.3486,951010.43
2026-06-23 20:00:00,-102.142,0.0,1.5125,950531.34
2026-06-23 21:00:00,-105.793,0.0,1.5688,950268.84
2026-06-23 22:00:00,-94.187,55.818,1.1462,949663.41
2026-06-23 23:00:00,-77.47,230.008,0.7377,949066.5
2026-06-24 00:00:00,-62.57,383.691,0.3819,948930.27
2026-06-24 01:00:00,-51.05,520.493,0.1879,949607.42
2026-06-24 02:00:00,-37.501,612.644,0.0,950475.62
2026-06-24 03:00:00,-30.473,675.973,0.0,950012.14
2026-06-24 04:00:00,-11.59,701.434,0.0,949525.65
2026-06-24 05:00:00,-12.52,666.914,0.0,949941.68
2026-06-24 06:00:00,-6.221,592.365,0.0,949836.73
2026-06-24 07:00:00,-5.616,474.757,0.0,949634.44
2026-06-24 08:00:00,-18.344,329.455,0.0,949881.18
2026-06-24 09:00:00,-22.585,167.036,0.0,949789.47
2026-06-24 10:00:00,-32.309,0.0,0.0,949945.36
2026-06-24 11:00:00,-41.985,4.341,0.0,949772.27
2026-06-24 12:00:00,-48.502,4.512,0.0,949460.28
2026-06-24 13:00:00,-63.495,3.153,0.3524,949018.65
2026-06-24 14:00:00,-71.592,0.0,0.4898,949674.66
2026-06-24 15:00:00,-82.529,0.123,0.8721,950310.57
2026-06-24 16:00:00,-82.777,0.0,0.8794,950473.77
2026-06-24 17:00:00,-98.121,0.0,1.2767,949632.3
2026-06-24 18:00:00,-97.913,10.186,1.3197,948720.29
2026-06-24 19:00:00,-97.225,0.0,1.2531,949000.86
2026-06-24 20:00:00,-105.075,0.0,1.3515,949054.82
2026-06-24 21:00:00,-99.479,6.059,1.3574,949700.4
2026-06-24 22:00:00,-97.34,0.0,1.3572,949258.65
2026-06-24 23:00:00,-89.64,117.856,1.059,948367.84
2026-06-25 00:00:00,-72.432,287.309,0.5247,948045.96
2026-06-25 01:00:00,-58.36,438.994,0.2579,949572.21
2026-06-25 02:00:00,-44.745,553.868,0.0,949107.21
2026-06-25 03:00:00,-31.14,650.283,0.0,949228.13
2026-06-25 04:00:00,-20.147,694.299,0.0,948300.23
2026-06-25 05:00:00,-16.005,692.555,0.0,948446.85
2026-06-25 06:00:00,-6.884,640.153,0.0,948574.56
2026-06-25 07:00:00,-2.799,557.812,0.0,948157.67
2026-06-25 08:00:00,-4.559,429.768,0.0,948468.97
2026-06-25 09:00:00,-15.394,281.448,0.0,948297.57
2026-06-25 10:00:00,-20.573,124.444,0.0,947576.82
2026-06-25 11:00:00,-35.356,0.478,0.0,947441.12
2026-06-25 12:00:00,-42.964,0.0,0.0,947423.49
2026-06-25 13:00:00,-50.598,0.902,0.0,947146.83
2026-06-25 14:00:00,-62.977,0.0,0.1572,947420.89
2026-06-25 15:00:00,-77.138,0.0,0.4912,947727.58
2026-06-25 16:00:00,-80.462,0.0,0.7188,947878.24
2026-06-25 17:00:00,-93.628,0.0,1.1166,947502.37
2026-06-25 18:00:00,-99.07,4.685,1.2525,947342.09
2026-06-25 19:00:00,-99.211,2.892,1.2845,947573.99
2026-06-25 20:00:00,-102.207,2.615,1.4393,948030.96
2026-06-25 21:00:00,-102.295,0.0,1.4401,948472.62
2026-06-25 22:00:00,-102.705,0.0,1.56,949153.0
2026-06-25 23:00:00,-95.202,6.038,1.2555,949801.08
2026-06-26 00:00:00,-78.263,176.835,0.8148,950367.38
2026-06-26 01:00:00,-64.448,342.262,0.2545,950591.99
2026-06-26 02:00:00,-51.232,487.347,0.003,951083.05
2026-06-26 03:00:00,-39.879,593.556,0.0,951057.04
2026-06-26 04:00:00,-28.12,668.151,0.0,952264.89
2026-06-26 05:00:00,-15.999,703.635,0.0,953064.43
2026-06-26 06:00:00,-14.083,678.543,0.0,953228.81
2026-06-26 07:00:00,-6.187,625.161,0.0,952255.08
2026-06-26 08:00:00,-10.595,521.937,0.0,951731.74
2026-06-26 09:00:00,-14.194,378.16,0.0,950851.02
2026-06-26 10:00:00,-18.012,221.45,0.0,950689.05
2026-06-26 11:00:00,-25.953,49.603,0.0,950521.36
2026-06-26 12:00:00,-35.288,0.0,0.0,951593.41
2026-06-26 13:00:00,-49.418,0.0,0.0,950832.6
2026-06-26 14:00:00,-62.489,3.073,0.1724,951820.69
2026-06-26 15:00:00,-67.421,6.276,0.2607,951820.3
2026-06-26 16:00:00,-83.947,1.541,0.6852,952714.58
2026-06-26 17:00:00,-84.888,0.0,0.7903,952573.21
2026-06-26 18:00:00,-98.695,0.0,1.1896,952703.7
2026-06-26 19:00:00,-94.379,0.353,1.1244,954274.21
2026-06-26 20:00:00,-106.716,0.129,1.4627,953899.77
2026-06-26 21:00:00,-102.251,0.915,1.2649,952713.09
2026-06-26 22:00:00,-103.555,10.531,1.2922,951918.1
2026-06-26 23:00:00,-97.571,6.203,1.0625,951672.5
2026-06-27 00:00:00,-87.773,68.863,0.8214,951715.39
2026-06-27 01:00:00,-72.246,232.707,0.4838,951249.33
2026-06-27 02:00:00,-57.874,392.196,0.1479,951548.24
2026-06-27 03:00:00,-44.481,526.039,0.0,951769.7
2026-06-27 04:00:00,-30.974,620.39,0.0,950714.37
2026-06-27 05:00:00,-24.608,684.214,0.0,951266.88
2026-06-27 06:00:00,-12.596,696.923,0.0,950791.25
2026-06-27 07:00:00,-10.172,658.237,0.0,950630.32
2026-06-27 08:00:00,-3.814,595.35,0.0,950717.91
2026-06-27 09:00:00,-7.791,477.51,0.0,951059.96
2026-06-27 10:00:00,-10.811,325.186,0.0,951099.73
2026-06-27 11:00:00,-19.824,168.853,0.0,951594.16
2026-06-27 12:00:00,-29.651,1.406,0.0,951301.42
2026-06-27 13:00:00,-42.637,4.864,0.0,951913.97
2026-06-27 14:00:00,-54.666,0.0,0.0856,952668.69
2026-06-27 15:00:00,-57.326,4.14,0.0,952143.52
2026-06-27 16:00:00,-67.028,0.936,0.4794,952725.01
2026-06-27 17:00:00,-80.977,0.0,0.739,951709.11
2026-06-27 18:00:00,-87.0,0.0,1.0724,952744.34
2026-06-27 19:00:00,-101.279,5.613,1.4059,952309.35
2026-06-27 20:00:00,-103.333,5.98,1.572,952942.44
2026-06-27 21:00:00,-104.196,1.615,1.496,953150.31
2026-06-27 22:00:00,-108.927,7.479,1.6833,952987.03
2026-06-27 23:00:00,-105.149,5.283,1.4282,953295.84
2026-06-28 00:00:00,-94.905,3.418,1.1249,953027.7
2026-06-28 01:00:00,-86.578,120.143,0.8883,953489.69
2026-06-28 02:00:00,-71.979,301.92,0.5804,953450.75
2026-06-28 03:00:00,-58.446,445.57,0.2308,953302.16
2026-06-28 04:00:00,-47.759,561.988,0.0,953538.85
2026-06-28 05:00:00,-31.995,645.19,0.0,952657.4
2026-06-28 06:00:00,-20.948,692.554,0.0,952151.3
2026-06-28 07:00:00,-15.433,681.017,0.0,951645.52
2026-06-28 08:00:00,-10.745,646.461,0.0,951421.52
2026-06-28 09:00:00,-9.161,550.269,0.0,951277.49
2026-06-28 10:00:00,-8.226,433.125,0.0,951504.01
2026-06-28 11:00:00,-17.036,277.053,0.0,950633.33
2026-06-28 12:00:00,-31.62,108.672,0.0,950409.94
2026-06-28 13:00:00,-39.072,0.0,0.0,950580.7
2026-06-28 14:00:00,-41.049,0.0,0.0,950494.29
2026-06-28 15:00:00,-55.55,9.447,0.0,950306.87
2026-06-28 16:00:00,-64.359,6.925,0.1894,950389.03
2026-06-28 17:00:00,-68.736,1.772,0.5052,950516.9
2026-06-28 18:00:00,-82.432,0.0,0.7842,950883.78
2026-06-28 19:00:00,-98.894,4.221,1.2241,950334.23
2026-06-28 20:00:00,-94.581,5.65,1.1817,949635.14
2026-06-28 21:00:00,-103.11,0.0,1.349,948777.63
2026-06-28 22:00:00,-103.657,0.0,1.6266,948220.28
2026-06-28 23:00:00,-102.347,0.0,1.418,948359.04
2026-06-29 00:00:00,-96.474,5.616,1.5071,947824.66
2026-06-29 01:00:00,-92.391,18.708,1.1948,947891.3
2026-06-29 02:00:00,-84.398,183.913,1.0675,948028.55
2026-06-29 03:00:00,-66.054,336.166,0.5402,948326.62
2026-06-29 04:00:00,-57.009,490.72,0.2738,949334.74
2026-06-29 05:00:00,-34.754,592.549,0.0,948741.01
2026-06-29 06:00:00,-29.286,664.594,0.0,948134.35
2026-06-29 07:00:00,-18.908,698.756,0.0,948188.88
2026-06-29 08:00:00,-13.85,679.693,0.0,948467.93
2026-06-29 09:00:00,-7.277,614.97,0.0,948061.36
2026-06-29 10:00:00,-7.555,513.288,0.0,948164.61
2026-06-29 11:00:00,-14.951,382.938,0.0,947577.64
2026-06-29 12:00:00,-18.532,221.35,0.0,948233.64
2026-06-29 13:00:00,-29.36,44.516,0.0,948310.34
2026-06-29 14:00:00,-39.374,0.0,0.0,948587.79
2026-06-29 15:00:00,-50.501,1.698,0.0,948547.29
2026-06-29 16:00:00,-52.423,0.0,0.1168,948464.67
2026-06-29 17:00:00,-66.642,0.0,0.5416,949052.6
2026-06-29 18:00:00,-77.777,4.945,0.697,949619.96
2026-06-29 19:00:00,-84.918,0.0,1.2124,949379.67
2026-06-29 20:00:00,-95.143,0.0,1.3907,949761.71
2026-06-29 21:00:00,-103.073,0.0,1.5997,949792.13
2026-06-29 22:00:00,-113.18,0.741,1.8096,950007.68
2026-06-29 23:00:00,-109.22,2.808,1.8023,950486.4
2026-06-30 00:00:00,-96.919,5.634,1.5529,950524.16
2026-06-30 01:00:00,-95.527,0.0,1.5151,950263.37
2026-06-30 02:00:00,-89.646,71.541,1.3851,949871.76
2026-06-30 03:00:00,-81.685,241.911,1.1189,949306.63
2026-06-30 04:00:00,-61.315,389.14,0.7704,949347.7
2026-06-30 05:00:00,-49.96,538.285,0.3748,948174.6
2026-06-30 06:00:00,-34.709,618.529,0.0,948365.81
2026-06-30 07:00:00,-28.887,684.356,0.0,948175.69
2026-06-30 08:00:00,-18.742,696.69,0.0,947586.2
2026-06-30 09:00:00,-9.328,663.741,0.0,947609.09
2026-06-30 10:00:00,-3.959,584.744,0.0,948307.05
2026-06-30 11:00:00,-13.101,478.291,0.0,948495.55
2026-06-30 12:00:00,-19.981,322.676,0.0,948914.05
2026-06-30 13:00:00,-21.459,165.134,0.0,949258.4
2026-06-30 14:00:00,-38.624,0.0,0.0,949698.6
2026-06-30 15:00:00,-47.178,0.0,0.0,950044.88
2026-06-30 16:00:00,-52.58,2.144,0.3177,949477.31
2026-06-30 17:00:00,-57.788,5.387,0.4366,949382.89
2026-06-30 18:00:00,-77.06,0.0,0.8045,949793.54
2026-06-30 19:00:00,-85.645,3.903,1.0006,949667.97
2026-06-30 20:00:00,-93.075,0.249,1.2585,950561.39
2026-06-30 21:00:00,-101.855,0.0,1.525,950046.18
2026-06-30 22:00:00,-110.955,0.0,1.6656,950063.6
2026-06-30 23:00:00,-104.889,0.0,1.6516,951164.45
2026-07-01 00:00:00,-105.94,0.0,1.5856,951532.82
2026-07-01 01:00:00,-102.377,2.142,1.5184,950856.36
2026-07-01 02:00:00,-98.161,1.173,1.3429,951518.6
2026-07-01 03:00:00,-82.079,120.35,0.9696,951070.5
2026-07-01 04:00:00,-74.522,288.268,0.6881,950169.29
2026-07-01 05:00:00,-61.32,447.723,0.4773,950483.66
2026-07-01 06:00:00,-38.515,561.824,0.0,950815.21
2026-07-01 07:00:00,-37.579,651.169,0.0,951203.47
2026-07-01 08:00:00,-21.235,695.373,0.0,951468.41
2026-07-01 09:00:00,-13.987,682.274,0.0,951569.47
2026-07-01 10:00:00,-10.508,634.267,0.0,951539.15
2026-07-01 11:00:00,-13.109,560.983,0.0,951507.03
2026-07-01 12:00:00,-14.988,429.974,0.0,951288.94
2026-07-01 13:00:00,-14.427,274.076,0.0,951558.66
2026-07-01 14:00:00,-21.914,101.628,0.0,950521.07
2026-07-01 15:00:00,-37.318,0.0,0.0,950383.27
2026-07-01 16:00:00,-48.035,0.0,0.0,949647.64
2026-07-01 17:00:00,-59.928,4.417,0.1884,950011.05
2026-07-01 18:00:00,-62.502,0.0,0.4238,949795.84
2026-07-01 19:00:00,-72.902,5.468,0.8714,949782.71
2026-07-01 20:00:00,-94.504,0.0,1.2247,949869.79
2026-07-01 21:00:00,-101.619,0.0,1.4873,949789.22
2026-07-01 22:00:00,-99.664,0.0,1.5958,950533.69
2026-07-01 23:00:00,-102.922,0.0,1.6103,950136.53
2026-07-02 00:00:00,-106.351,0.0,1.691,951088.41
2026-07-02 01:00:00,-103.012,0.0,1.3924,950499.63
2026-07-02 02:00:00,-99.003,4.124,1.3865,950194.16
2026-07-02 03:00:00,-91.691,2.653,1.3171,950361.23
2026-07-02 04:00:00,-80.393,192.827,0.9292,949908.5
2026-07-02 05:00:00,-64.041,353.977,0.4547,950069.45
2026-07-02 06:00:00,-51.562,496.397,0.2009,950065.41
2026-07-02 07:00:00,-38.787,598.486,0.0,950045.14
2026-07-02 08:00:00,-29.894,673.769,0.0,949830.93
2026-07-02 09:00:00,-15.77,688.115,0.0,949662.47
2026-07-02 10:00:00,-5.881,680.901,0.0,948663.26
2026-07-02 11:00:00,-5.45,611.61,0.0,947873.4
2026-07-02 12:00:00,-5.715,505.598,0.0,948128.92
2026-07-02 13:00:00,-4.597,373.445,0.0,948526.2
2026-07-02 14:00:00,-12.644,219.83,0.0,947457.48
2026-07-02 15:00:00,-20.591,42.226,0.0,948678.76
2026-07-02 16:00:00,-28.183,1.88,0.0,948967.39
2026-07-02 17:00:00,-43.899,0.0,0.0,949043.88
2026-07-02 18:00:00,-57.628,0.0,0.0606,949969.43
2026-07-02 19:00:00,-66.319,6.862,0.2513,950426.56
2026-07-02 20:00:00,-72.852,4.519,0.4832,950133.64
2026-07-02 21:00:00,-79.146,0.0,0.6624,949772.46
2026-07-02 22:00:00,-94.252,0.0,1.2664,949861.56
2026-07-02 23:00:00,-95.581,5.098,1.224,948781.83
2026-07-03 00:00:00,-102.094,2.096,1.4935,948989.5
2026-07-03 01:00:00,-100.692,0.741,1.3269,949890.42
2026-07-03 02:00:00,-98.701,5.476,1.5323,949927.63
2026-07-03 03:00:00,-92.526,0.0,1.3203,949908.45
2026-07-03 04:00:00,-78.712,72.422,0.8452,950157.67
2026-07-03 05:00:00,-70.809,244.219,0.6714,949729.6
2026-07-03 06:00:00,-59.377,399.209,0.4272,949141.93
2026-07-03 07:00:00,-45.655,529.022,0.0,948485.71
2026-07-03 08:00:00,-31.516,627.447,0.0,947953.54
2026-07-03 09:00:00,-23.465,682.875,0.0,948109.64
2026-07-03 10:00:00,-12.144,688.997,0.0,947445.52
2026-07-03 11:00:00,-14.636,664.958,0.0,947543.04
2026-07-03 12:00:00,-6.493,580.1,0.0,947798.62
2026-07-03 13:00:00,-7.247,470.152,0.0,948417.91
2026-07-03 14:00:00,-16.268,325.601,0.0,948615.97
2026-07-03 15:00:00,-22.344,163.585,0.0,948589.71
2026-07-03 16:00:00,-28.061,0.0,0.0,947914.16
2026-07-03 17:00:00,-36.348,4.455,0.0,948916.97
2026-07-03 18:00:00,-51.671,0.0,0.0,948646.12
2026-07-03 19:00:00,-58.165,6.1,0.263,948166.77
2026-07-03 20:00:00,-74.877,0.0,0.7797,948129.51
2026-07-03 21:00:00,-80.973,0.0,1.0938,949044.89
2026-07-03 22:00:00,-87.768,9.569,0.966,950336.87
2026-07-03 23:00:00,-91.042,0.0,1.2402,950922.42
2026-07-04 00:00:00,-96.164,6.194,1.3197,951130.59
2026-07-04 01:00:00,-100.756,0.195,1.5042,951162.49
2026-07-04 02:00:00,-104.121,2.077,1.635,951201.4
2026-07-04 03:00:00,-94.152,0.35,1.2854,951296.35
2026-07-04 04:00:00,-93.491,4.239,1.2386,951753.11
2026-07-04 05:00:00,-80.403,128.458,0.8968,951705.71
2026-07-04 06:00:00,-68.255,294.822,0.636,950859.16
2026-07-04 07:00:00,-47.727,445.05,0.1392,950572.64
2026-07-04 08:00:00,-41.128,568.296,0.0,949840.44
2026-07-04 09:00:00,-23.864,649.584,0.0,950189.43
2026-07-04 10:00:00,-16.032,695.114,0.0,949861.48
2026-07-04 11:00:00,-6.925,694.306,0.0,948917.5
2026-07-04 12:00:00,-0.086,634.714,0.0,948704.38
2026-07-04 13:00:00,-10.44,546.435,0.0,948575.01
2026-07-04 14:00:00,-7.067,417.917,0.0,948539.51
2026-07-04 15:00:00,-15.669,282.796,0.0,948825.85
2026-07-04 16:00:00,-21.386,104.111,0.0,949596.59
2026-07-04 17:00:00,-30.749,2.399,0.0,949921.15
2026-07-04 18:00:00,-42.257,0.0,0.0,949952.55
2026-07-04 19:00:00,-52.595,0.0,0.0,948871.4
2026-07-04 20:00:00,-60.84,2.546,0.2348,948671.57
2026-07-04 21:00:00,-76.26,0.0,0.5067,948983.4
2026-07-04 22:00:00,-80.666,5.379,0.68,948593.13
2026-07-04 23:00:00,-92.835,11.559,1.1132,948602.43
2026-07-05 00:00:00,-95.073,0.0,1.2826,948436.25
2026-07-05 01:00:00,-105.354,0.0,1.449,949118.82
2026-07-05 02:00:00,-104.26,0.0,1.4083,948654.29
2026-07-05 03:00:00,-103.412,8.031,1.5344,948246.74
2026-07-05 04:00:00,-97.493,5.212,1.2011,948226.82
2026-07-05 05:00:00,-85.607,15.103,1.0183,947267.74
2026-07-05 06:00:00,-74.678,190.676,0.8267,947406.26
2026-07-05 07:00:00,-64.584,348.819,0.4476,948274.33
2026-07-05 08:00:00,-50.496,496.972,0.0,948344.18
2026-07-05 09:00:00,-33.46,598.438,0.0,948502.13
2026-07-05 10:00:00,-27.547,668.088,0.0,948985.48
2026-07-05 11:00:00,-15.343,698.259,0.0,949457.05
2026-07-05 12:00:00,-10.602,675.212,0.0,948871.72
2026-07-05 13:00:00,-6.449,612.255,0.0,948724.15
2026-07-05 14:00:00,-4.174,511.153,0.0,949414.1
2026-07-05 15:00:00,-11.801,379.746,0.0,950291.04
2026-07-05 16:00:00,-14.208,224.41,0.0,951000.58
2026-07-05 17:00:00,-20.39,45.557,0.0,951637.19
2026-07-05 18:00:00,-33.93,4.017,0.0,951005.28
2026-07-05 19:00:00,-45.359,0.0,0.0,949933.52
2026-07-05 20:00:00,-52.099,0.0,0.0,949943.97
2026-07-05 21:00:00,-69.604,3.27,0.5462,949854.45
2026-07-05 22:00:00,-71.54,0.856,0.5103,950029.42
2026-07-05 23:00:00,-87.32,0.0,0.8496,950207.73
2026-07-06 00:00:00,-86.355,0.0,1.0149,949923.56
2026-07-06 01:00:00,-100.864,0.0,1.2887,949435.11
2026-07-06 02:00:00,-99.927,0.0,1.4104,948388.0
2026-07-06 03:00:00,-106.375,7.409,1.6034,948736.92
2026-07-06 04:00:00,-99.668,2.399,1.2999,948736.95
2026-07-06 05:00:00,-97.042,6.866,1.4364,948439.08
2026-07-06 06:00:00,-89.792,77.227,1.1071,948734.91
2026-07-06 07:00:00,-68.404,248.052,0.7539,948602.88
2026-07-06 08:00:00,-61.385,398.703,0.3405,948380.06
2026-07-06 09:00:00,-45.864,533.138,0.0798,948860.41
2026-07-06 10:00:00,-32.672,628.414,0.0,949398.57
2026-07-06 11:00:00,-16.34,676.208,0.0,949808.69
2026-07-06 12:00:00,-7.922,690.937,0.0,949325.1
2026-07-06 13:00:00,-2.16,657.821,0.0,948208.98
2026-07-06 14:00:00,-5.979,584.728,0.0,948357.5
2026-07-06 15:00:00,-1.042,470.57,0.0,947538.75
2026-07-06 16:00:00,-12.137,320.725,0.0,946526.49
2026-07-06 17:00:00,-20.017,160.45,0.0,946655.22
2026-07-06 18:00:00,-30.52,0.0,0.0,945667.54
2026-07-06 19:00:00,-39.028,0.0,0.0,945824.76
2026-07-06 20:00:00,-47.228,0.0,0.0,945579.35
2026-07-06 21:00:00,-60.096,5.395,0.2447,945179.75
2026-07-06 22:00:00,-67.199,0.0,0.6384,945585.17
2026-07-06 23:00:00,-85.306,0.563,1.0735,945080.83
2026-07-07 00:00:00,-85.925,7.926,1.1861,945098.08
2026-07-07 01:00:00,-97.024,0.0,1.4348,945894.94
2026-07-07 02:00:00,-100.43,0.011,1.6682,945197.8
2026-07-07 03:00:00,-102.75,0.0,1.6172,944681.21
2026-07-07 04:00:00,-97.036,8.136,1.4637,944685.97
2026-07-07 05:00:00,-94.788,0.0,1.4298,944856.08
2026-07-07 06:00:00,-90.779,0.233,1.4613,945151.78
2026-07-07 07:00:00,-80.627,142.216,1.0367,945022.95
2026-07-07 08:00:00,-62.934,306.218,0.5658,945786.04
2026-07-07 09:00:00,-46.054,446.437,0.1353,946267.7
2026-07-07 10:00:00,-38.165,566.371,0.0,946485.69
2026-07-07 11:00:00,-30.356,654.094,0.0,947067.18
2026-07-07 12:00:00,-17.505,688.433,0.0,947374.91
2026-07-07 13:00:00,-6.146,676.248,0.0,947322.92
2026-07-07 14:00:00,-4.262,637.5,0.0,947549.35
2026-07-07 15:00:00,-4.8,540.118,0.0,946869.05
2026-07-07 16:00:00,-7.764,430.001,0.0,946806.75
2026-07-07 17:00:00,-11.728,269.963,0.0,946863.84
2026-07-07 18:00:00,-25.819,94.341,0.0,946526.18
2026-07-07 19:00:00,-30.383,0.0,0.0,946640.41
2026-07-07 20:00:00,-39.015,0.0,0.0,946352.41
2026-07-07 21:00:00,-51.335,0.0,0.0419,946625.35
2026-07-07 22:00:00,-62.947,5.082,0.3425,947379.22
2026-07-07 23:00:00,-66.976,11.159,0.4652,947625.46
2026-07-08 00:00:00,-83.858,3.632,0.9139,947911.24
2026-07-08 01:00:00,-88.079,0.0,1.1405,948099.39
2026-07-08 02:00:00,-92.649,0.0,1.2156,947561.79
2026-07-08 03:00:00,-97.964,0.0,1.3726,946896.49
2026-07-08 04:00:00,-95.532,10.299,1.3125,946733.88
2026-07-08 05:00:00,-101.634,0.0,1.5476,946445.4
2026-07-08 06:00:00,-96.247,10.578,1.4978,946525.85
2026-07-08 07:00:00,-88.623,26.439,1.1272,946755.78
2026-07-08 08:00:00,-64.432,185.231,0.4028,946747.81
2026-07-08 09:00:00,-58.531,352.544,0.3526,947586.24
2026-07-08 10:00:00,-44.181,491.486,0.0,947503.02
2026-07-08 11:00:00,-31.398,601.436,0.0,947780.86
2026-07-08 12:00:00,-21.363,669.674,0.0,947322.08
2026-07-08 13:00:00,-8.93,709.837,0.0,947957.1
2026-07-08 14:00:00,-11.98,669.482,0.0,946920.78
2026-07-08 15:00:00,-2.768,612.45,0.0,947840.64
2026-07-08 16:00:00,-3.169,511.354,0.0,946735.73
2026-07-08 17:00:00,-5.488,372.413,0.0,947018.64
2026-07-08 18:00:00,-19.426,213.076,0.0,947226.97
2026-07-08 19:00:00,-28.603,33.685,0.0,947750.76
2026-07-08 20:00:00,-36.911,0.532,0.0,948228.53
2026-07-08 21:00:00,-42.09,2.557,0.0,947424.87
2026-07-08 22:00:00,-53.015,1.638,0.0,947221.32
2026-07-08 23:00:00,-67.997,2.851,0.3511,947984.34
2026-07-09 00:00:00,-69.737,7.063,0.6906,947681.41
2026-07-09 01:00:00,-83.452,4.685,0.8482,947381.33
2026-07-09 02:00:00,-91.538,0.356,1.2465,947404.52
2026-07-09 03:00:00,-98.684,0.0,1.5025,947715.91
2026-07-09 04:00:00,-98.572,0.0,1.3867,947965.8
2026-07-09 05:00:00,-100.69,0.0,1.4842,948169.65
2026-07-09 06:00:00,-93.559,1.262,1.4563,948007.87
2026-07-09 07:00:00,-98.291,0.0,1.3821,947942.23
2026-07-09 08:00:00,-90.159,74.86,1.1135,948603.26
2026-07-09 09:00:00,-75.004,244.999,0.5295,949101.21
2026-07-09 10:00:00,-57.166,397.88,0.348,950174.96
2026-07-09 11:00:00,-45.928,533.929,0.0,949447.05
2026-07-09 12:00:00,-27.632,622.17,0.0,949393.7
2026-07-09 13:00:00,-21.509,678.28,0.0,949789.0
2026-07-09 14:00:00,-8.892,690.958,0.0,950247.09
2026-07-09 15:00:00,-8.935,651.149,0.0,950780.01
2026-07-09 16:00:00,-0.915,582.154,0.0,950398.04
2026-07-09 17:00:00,-1.786,468.918,0.0,949362.58
2026-07-09 18:00:00,-13.176,317.394,0.0,949257.93
2026-07-09 19:00:00,-18.301,152.212,0.0,948415.55
2026-07-09 20:00:00,-29.517,2.687,0.0,948527.69
2026-07-09 21:00:00,-37.171,0.0,0.0,948664.07
2026-07-09 22:00:00,-44.408,0.0,0.0,948455.15
2026-07-09 23:00:00,-55.931,5.982,0.0,948557.53
2026-07-10 00:00:00,-68.163,4.421,0.3257,948368.94
2026-07-10 01:00:00,-77.619,3.008,0.6316,948609.33
2026-07-10 02:00:00,-92.387,4.628,1.1102,948822.86
2026-07-10 03:00:00,-96.234,0.0,1.3232,948328.54
2026-07-10 04:00:00,-103.722,6.769,1.3488,948403.18
2026-07-10 05:00:00,-102.654,1.96,1.4567,948593.87
2026-07-10 06:00:00,-98.535,5.054,1.3661,948094.61
2026-07-10 07:00:00,-98.457,1.936,1.3238,947326.36
2026-07-10 08:00:00,-99.974,0.245,1.3203,946938.27
2026-07-10 09:00:00,-84.36,137.603,0.9683,947667.36
2026-07-10 10:00:00,-66.187,307.866,0.3867,947687.07
2026-07-10 11:00:00,-55.785,451.758,0.2174,947767.36
2026-07-10 12:00:00,-37.835,575.67,0.0,948066.99
2026-07-10 13:00:00,-31.767,644.519,0.0,948370.22
2026-07-10 14:00:00,-16.88,688.734,0.0,948054.06
2026-07-10 15:00:00,-9.273,696.009,0.0,947924.76
2026-07-10 16:00:00,-4.158,632.717,0.0,948631.94
2026-07-10 17:00:00,-7.889,543.661,0.0,948131.7
2026-07-10 18:00:00,-6.328,414.269,0.0,948631.88
2026-07-10 19:00:00,-9.991,267.157,0.0,948461.2
2026-07-10 20:00:00,-30.845,91.454,0.0,949616.59
2026-07-10 21:00:00,-33.051,0.0,0.0,950694.54
2026-07-10 22:00:00,-47.446,4.244,0.0,950236.25
2026-07-10 23:00:00,-54.763,0.0,0.0749,949708.18
2026-07-11 00:00:00,-65.842,3.943,0.4387,948618.96
2026-07-11 01:00:00,-74.509,4.111,0.5916,948446.58
2026-07-11 02:00:00,-83.08,5.275,1.0553,948708.71
2026-07-11 03:00:00,-89.856,0.703,1.0247,949047.74
2026-07-11 04:00:00,-97.482,16.206,1.3148,948700.8
2026-07-11 05:00:00,-100.206,5.273,1.5523,949374.58
2026-07-11 06:00:00,-106.55,1.624,1.6345,949229.71
2026-07-11 07:00:00,-98.811,0.0,1.4382,948410.72
2026-07-11 08:00:00,-107.401,0.0,1.735,949092.49
2026-07-11 09:00:00,-84.986,30.285,1.0156,949533.03
2026-07-11 10:00:00,-72.796,205.892,0.7213,949189.95
2026-07-11 11:00:00,-60.98,366.181,0.2947,948341.64
2026-07-11 12:00:00,-42.845,500.99,0.0373,948876.77
2026-07-11 13:00:00,-41.89,596.962,0.0,948728.87
2026-07-11 14:00:00,-22.436,672.899,0.0,949361.64
2026-07-11 15:00:00,-15.877,688.186,0.0,949676.09
2026-07-11 16:00:00,-9.728,666.048,0.0,950250.27
2026-07-11 17:00:00,-10.378,610.288,0.0,949745.26
2026-07-11 18:00:00,-5.786,507.987,0.0,949749.86
2026-07-11 19:00:00,-9.415,373.537,0.0,949593.85
2026-07-11 20:00:00,-19.861,211.331,0.0,949441.39
2026-07-11 21:00:00,-28.484,37.846,0.0,949078.07
2026-07-11 22:00:00,-41.187,0.0,0.0,948677.06
2026-07-11 23:00:00,-48.375,0.0,0.0,948848.03
2026-07-12 00:00:00,-55.207,0.0,0.0,949256.18
2026-07-12 01:00:00,-65.695,0.0,0.3347,948794.66
2026-07-12 02:00:00,-76.279,3.703,0.5723,949192.08
2026-07-12 03:00:00,-84.271,0.0,0.6945,948603.32
2026-07-12 04:00:00,-91.657,4.362,0.924,948815.51
2026-07-12 05:00:00,-102.307,5.542,1.3483,948260.45
2026-07-12 06:00:00,-102.388,0.0,1.3507,948360.2
2026-07-12 07:00:00,-100.336,2.952,1.2225,948452.08
2026-07-12 08:00:00,-105.449,0.0,1.3619,948879.63
2026-07-12 09:00:00,-100.278,0.0,1.2345,949072.08
2026-07-12 10:00:00,-91.501,83.767,1.0056,948216.3
2026-07-12 11:00:00,-79.267,251.839,0.6992,947064.52
2026-07-12 12:00:00,-62.786,406.62,0.2128,947495.25
2026-07-12 13:00:00,-46.525,546.923,0.0,947744.88
2026-07-12 14:00:00,-27.913,622.963,0.0,948829.5
2026-07-12 15:00:00,-22.21,685.334,0.0,948473.21
2026-07-12 16:00:00,-17.414,687.143,0.0,949692.56
2026-07-12 17:00:00,-6.994,660.666,0.0,949416.53
2026-07-12 18:00:00,-5.882,579.259,0.0,949995.16
2026-07-12 19:00:00,-9.931,464.002,0.0,950493.81
2026-07-12 20:00:00,-14.905,311.884,0.0,951408.3
2026-07-12 21:00:00,-17.885,146.843,0.0,951561.89
2026-07-12 22:00:00,-35.499,4.636,0.0,951375.58
2026-07-12 23:00:00,-44.723,8.854,0.0,951024.25
2026-07-13 00:00:00,-48.401,2.402,0.0,951331.21
2026-07-13 01:00:00,-62.21,0.0,0.1789,950254.6
2026-07-13 02:00:00,-65.882,1.695,0.2301,949889.93
2026-07-13 03:00:00,-80.375,12.137,0.7173,950042.15
2026-07-13 04:00:00,-89.179,0.512,1.0396,949441.26
2026-07-13 05:00:00,-92.8,7.309,0.9858,949683.38
2026-07-13 06:00:00,-104.794,0.0,1.3513,949907.37
2026-07-13 07:00:00,-100.44,0.0,1.3108,949598.55
2026-07-13 08:00:00,-102.105,3.098,1.3231,949087.16
2026-07-13 09:00:00,-93.954,1.987,1.175,949098.03
2026-07-13 10:00:00,-93.124,0.0,0.9416,949666.06
2026-07-13 11:00:00,-80.267,138.44,0.779,950180.42
2026-07-13 12:00:00,-67.448,314.04,0.5227,950329.99
2026-07-13 13:00:00,-51.049,461.706,0.0,949656.46
2026-07-13 14:00:00,-39.547,580.526,0.0,949681.84
2026-07-13 15:00:00,-25.929,662.204,0.0,949540.91
2026-07-13 16:00:00,-11.388,691.899,0.0,949248.3
2026-07-13 17:00:00,-10.538,683.078,0.0,949512.76
2026-07-13 18:00:00,-4.388,640.591,0.0,949521.2
2026-07-13 19:00:00,1.547,545.678,0.0,949305.37
2026-07-13 20:00:00,-7.456,410.475,0.0,949567.52
2026-07-13 21:00:00,-22.479,256.675,0.0,949033.74
2026-07-13 22:00:00,-26.0,93.855,0.0,948569.59
2026-07-13 23:00:00,-37.126,0.0,0.0,949113.99
2026-07-14 00:00:00,-39.61,0.0,0.0,949694.63
2026-07-14 01:00:00,-52.463,5.363,0.0,948073.69
2026-07-14 02:00:00,-59.717,3.795,0.0,947767.41
2026-07-14 03:00:00,-71.822,6.649,0.341,948081.34
2026-07-14 04:00:00,-80.961,0.0,0.6343,948282.8
2026-07-14 05:00:00,-94.212,1.267,1.1616,947755.28
2026-07-14 06:00:00,-94.518,3.473,1.1385,947417.4
2026-07-14 07:00:00,-95.373,0.0,1.267,947351.73
2026-07-14 08:00:00,-105.052,0.0,1.3467,946802.46
2026-07-14 09:00:00,-100.848,0.0,1.4538,947062.44
2026-07-14 10:00:00,-95.007,0.108,1.1702,947432.0
2026-07-14 11:00:00,-88.093,34.966,0.9372,948491.65
2026-07-14 12:00:00,-71.227,210.832,0.5018,949030.43
2026-07-14 13:00:00,-59.985,357.575,0.4247,949610.37
2026-07-14 14:00:00,-47.651,501.851,0.0,950210.31
2026-07-14 15:00:00,-33.166,607.347,0.0,950180.79
2026-07-14 16:00:00,-22.099,672.787,0.0,950469.02
2026-07-14 17:00:00,-15.261,695.822,0.0,950443.7
2026-07-14 18:00:00,-9.869,673.523,0.0,949689.4
2026-07-14 19:00:00,-3.106,615.229,0.0,949740.7
2026-07-14 20:00:00,-9.349,507.912,0.0,948954.27
2026-07-14 21:00:00,-11.698,360.27,0.0,948724.02
2026-07-14 22:00:00,-21.82,209.119,0.0,948034.09
2026-07-14 23:00:00,-26.463,35.93,0.0,947940.71
2026-07-15 00:00:00,-33.201,1.575,0.0,947048.61
2026-07-15 01:00:00,-49.501,5.657,0.0,946831.76
2026-07-15 02:00:00,-58.164,0.94,0.0316,946502.54
2026-07-15 03:00:00,-70.317,1.002,0.3901,946770.47
2026-07-15 04:00:00,-76.446,0.606,0.7455,946452.58
2026-07-15 05:00:00,-84.431,0.0,0.8563,946648.43
2026-07-15 06:00:00,-97.899,0.0,1.3888,946770.37
2026-07-15 07:00:00,-111.503,0.0,1.6652,947328.45
2026-07-15 08:00:00,-101.401,0.0,1.3403,947234.09
2026-07-15 09:00:00,-104.337,7.17,1.5911,946326.83
2026-07-15 10:00:00,-101.466,2.521,1.4286,946372.45
2026-07-15 11:00:00,-93.347,0.0,1.3641,946634.2
2026-07-15 12:00:00,-88.228,83.919,1.0965,947493.64
2026-07-15 13:00:00,-75.497,258.885,0.6762,948140.04
2026-07-15 14:00:00,-60.357,416.397,0.4097,948683.45
2026-07-15 15:00:00,-44.338,534.771,0.0862,949788.64
2026-07-15 16:00:00,-30.195,631.547,0.0,950223.33
2026-07-15 17:00:00,-17.342,687.794,0.0,950652.67
2026-07-15 18:00:00,-13.272,681.525,0.0,949923.46
2026-07-15 19:00:00,-9.349,654.037,0.0,949434.37
2026-07-15 20:00:00,-4.04,573.05,0.0,949036.12
2026-07-15 21:00:00,-11.017,458.261,0.0,948788.35
2026-07-15 22:00:00,-8.963,310.525,0.0,948457.63
2026-07-15 23:00:00,-20.893,147.617,0.0,948767.52
2026-07-16 00:00:00,-32.277,9.618,0.0,949104.99
2026-07-16 01:00:00,-43.728,0.0,0.0,949691.17
2026-07-16 02:00:00,-49.027,1.459,0.0,948988.63
2026-07-16 03:00:00,-62.354,9.974,0.4038,949578.58
2026-07-16 04:00:00,-72.405,0.0,0.7752,950275.64
2026-07-16 05:00:00,-86.49,9.073,0.9503,949409.24
2026-07-16 06:00:00,-91.369,0.027,1.1057,949707.07
2026-07-16 07:00:00,-97.904,8.909,1.2669,950632.12
2026-07-16 08:00:00,-99.529,3.751,1.5022,950779.19
2026-07-16 09:00:00,-103.885,1.536,1.6051,951612.17
2026-07-16 10:00:00,-110.27,0.0,1.7655,951662.08
2026-07-16 11:00:00,-100.35,0.0,1.4905,951565.2
2026-07-16 12:00:00,-97.32,0.379,1.3429,950947.28
2026-07-16 13:00:00,-84.498,150.456,1.1066,951832.24
2026-07-16 14:00:00,-64.849,312.051,0.4418,951988.67
2026-07-16 15:00:00,-58.639,456.523,0.3519,951285.65
2026-07-16 16:00:00,-39.341,573.259,0.0,950942.96
2026-07-16 17:00:00,-29.012,658.782,0.0,951320.55
2026-07-16 18:00:00,-19.943,697.034,0.0,951103.72
2026-07-16 19:00:00,-13.612,680.048,0.0,951187.93
2026-07-16 20:00:00,-5.718,628.391,0.0,950938.05
2026-07-16 21:00:00,-4.457,541.191,0.0,951149.72
2026-07-16 22:00:00,-14.323,419.673,0.0,952037.0
2026-07-16 23:00:00,-12.689,263.905,0.0,952653.93
2026-07-17 00:00:00,-29.08,81.39,0.0,952525.75
2026-07-17 01:00:00,-33.809,0.0,0.0,952150.63
2026-07-17 02:00:00,-47.552,0.0,0.0338,953029.07
2026-07-17 03:00:00,-55.761,0.0,0.1784,952872.69
2026-07-17 04:00:00,-68.324,8.022,0.6237,952892.33
2026-07-17 05:00:00,-76.593,0.0,0.8956,952248.25
2026-07-17 06:00:00,-85.072,0.0,1.0887,951545.81
2026-07-17 07:00:00,-96.376,0.0,1.4175,951366.75
2026-07-17 08:00:00,-97.797,1.437,1.6021,951274.83
2026-07-17 09:00:00,-101.327,3.104,1.6859,950509.87
2026-07-17 10:00:00,-95.765,2.187,1.4103,950725.6
2026-07-17 11:00:00,-99.735,5.878,1.8175,950338.91
2026-07-17 12:00:00,-94.84,0.0,1.3796,950454.58
2026-07-17 13:00:00,-95.717,36.431,1.2966,949774.49
2026-07-17 14:00:00,-83.491,202.497,1.3109,949790.42
2026-07-17 15:00:00,-64.617,368.101,0.7325,949299.22
2026-07-17 16:00:00,-44.551,494.677,0.1987,949459.71
2026-07-17 17:00:00,-29.041,605.798,0.0,948914.09
2026-07-17 18:00:00,-26.869,672.315,0.0,948419.72
2026-07-17 19:00:00,-17.17,698.937,0.0,948654.7
2026-07-17 20:00:00,-8.249,662.499,0.0,949057.44
2026-07-17 21:00:00,-7.371,604.558,0.0,948357.21
2026-07-17 22:00:00,-8.75,493.932,0.0,947999.44
2026-07-17 23:00:00,-10.135,364.6,0.0,947145.27
2026-07-18 00:00:00,-11.696,205.297,0.0,947177.45
2026-07-18 01:00:00,-25.653,34.185,0.0,947036.91
2026-07-18 02:00:00,-33.586,0.0,0.0,947517.3
2026-07-18 03:00:00,-53.463,4.636,0.06,947821.22
2026-07-18 04:00:00,-55.598,6.805,0.1003,948182.9
2026-07-18 05:00:00,-72.876,0.0,0.3592,947976.71
2026-07-18 06:00:00,-74.987,3.062,0.5333,947735.02
2026-07-18 07:00:00,-84.758,4.793,0.8019,947169.67
2026-07-18 08:00:00,-94.628,0.0,1.3068,947848.06
2026-07-18 09:00:00,-103.576,0.0,1.3888,948716.43
2026-07-18 10:00:00,-105.677,4.715,1.416,948521.18
2026-07-18 11:00:00,-105.717,0.0,1.7001,948822.38
2026-07-18 12:00:00,-99.659,0.0,1.4966,948005.8
2026-07-18 13:00:00,-95.731,0.0,1.5725,948212.37
2026-07-18 14:00:00,-83.626,93.894,0.8921,948462.61
2026-07-18 15:00:00,-69.86,257.437,0.6292,948535.41
2026-07-18 16:00:00,-63.194,410.57,0.3796,947876.51
2026-07-18 17:00:00,-44.868,541.175,0.0,948550.99
2026-07-18 18:00:00,-32.443,637.485,0.0,948939.91
2026-07-18 19:00:00,-23.284,694.823,0.0,949550.05
2026-07-18 20:00:00,-11.935,682.654,0.0,949010.68
2026-07-18 21:00:00,-7.811,654.008,0.0,948901.94
2026-07-18 22:00:00,-9.313,567.113,0.0,948983.78
2026-07-18 23:00:00,-9.493,460.787,0.0,948639.35
2026-07-19 00:00:00,-15.545,304.727,0.0,948648.36
2026-07-19 01:00:00,-24.457,139.798,0.0,946990.49
2026-07-19 02:00:00,-32.613,0.0,0.0,947826.74
2026-07-19 03:00:00,-45.11,0.0,0.0,947761.73
2026-07-19 04:00:00,-49.374,1.616,0.0054,947994.44
2026-07-19 05:00:00,-57.304,2.419,0.0607,947005.13
2026-07-19 06:00:00,-72.019,0.0,0.496,946272.44
2026-07-19 07:00:00,-79.089,0.0,0.7255,946375.51
2026-07-19 08:00:00,-90.239,3.639,0.9627,946852.91
2026-07-19 09:00:00,-100.752,0.0,1.1689,946237.32
2026-07-19 10:00:00,-95.76,5.809,1.2803,946706.39
2026-07-19 11:00:00,-111.207,0.0,1.682,946748.91
2026-07-19 12:00:00,-102.678,0.0,1.4917,947494.38
2026-07-19 13:00:00,-101.822,0.0,1.3198,948047.74
2026-07-19 14:00:00,-88.985,6.48,1.0879,947754.13
2026-07-19 15:00:00,-80.801,150.226,0.7958,947614.59
2026-07-19 16:00:00,-60.682,314.083,0.3402,947825.4
2026-07-19 17:00:00,-54.237,456.04,0.2613,948495.43
2026-07-19 18:00:00,-42.055,584.76,0.0,949270.64
2026-07-19 19:00:00,-33.052,649.208,0.0,949115.21
2026-07-19 20:00:00,-14.043,686.861,0.0,948509.93
2026-07-19 21:00:00,-12.244,684.884,0.0,948487.52
2026-07-19 22:00:00,-7.35,620.261,0.0,948265.34
2026-07-19 23:00:00,-1.634,542.775,0.0,948791.26
2026-07-20 00:00:00,-6.108,411.751,0.0,948631.34
2026-07-20 01:00:00,-17.642,258.972,0.0,948198.86
2026-07-20 02:00:00,-26.533,86.687,0.0,947912.36
2026-07-20 03:00:00,-39.847,0.0,0.0,948150.64
2026-07-20 04:00:00,-48.918,0.0,0.0,947724.73
2026-07-20 05:00:00,-50.538,0.0,0.0257,947465.46
2026-07-20 06:00:00,-60.634,0.0,0.1498,947457.51
2026-07-20 07:00:00,-72.147,2.431,0.5285,947327.17
2026-07-20 08:00:00,-81.971,4.034,0.8647,947664.35
2026-07-20 09:00:00,-92.634,7.384,1.0791,947538.71
2026-07-20 10:00:00,-92.285,1.859,1.0525,947503.01
2026-07-20 11:00:00,-105.684,4.623,1.5452,947880.09
2026-07-20 12:00:00,-102.636,0.0,1.503,947642.3
2026-07-20 13:00:00,-99.039,0.0,1.3279,948275.11
2026-07-20 14:00:00,-94.879,2.368,1.2997,948708.93
2026-07-20 15:00:00,-87.814,32.208,1.3724,948638.97
2026-07-20 16:00:00,-76.337,208.704,0.6715,948298.2
2026-07-20 17:00:00,-58.89,361.876,0.1765,948632.35
2026-07-20 18:00:00,-50.234,498.884,0.2037,948513.87
2026-07-20 19:00:00,-33.007,610.078,0.0,948697.23
2026-07-20 20:00:00,-19.677,675.752,0.0,949739.93
2026-07-20 21:00:00,-13.111,687.46,0.0,950397.18
2026-07-20 22:00:00,-5.725,672.103,0.0,951073.05
2026-07-20 23:00:00,-2.612,599.268,0.0,950993.64
2026-07-21 00:00:00,-9.986,496.332,0.0,950694.62
2026-07-21 01:00:00,-13.542,365.612,0.0,950363.28
2026-07-21 02:00:00,-15.003,201.697,0.0,949767.96
2026-07-21 03:00:00,-27.374,28.014,0.0,949617.0
2026-07-21 04:00:00,-35.477,9.544,0.0,949079.94
2026-07-21 05:00:00,-41.967,0.0,0.0,949220.16
2026-07-21 06:00:00,-56.682,0.0,0.2142,948429.89
2026-07-21 07:00:00,-71.658,0.0,0.705,949033.88
2026-07-21 08:00:00,-69.589,0.0,0.635,949339.98
2026-07-21 09:00:00,-80.603,0.0,0.9551,948456.28
2026-07-21 10:00:00,-88.242,0.0,1.1196,948171.78
2026-07-21 11:00:00,-100.303,0.0,1.4277,947762.84
2026-07-21 12:00:00,-99.481,3.919,1.4371,947960.02
2026-07-21 13:00:00,-102.819,1.762,1.5373,947778.62
2026-07-21 14:00:00,-97.143,0.0,1.3407,948268.26
2026-07-21 15:00:00,-93.276,2.95,1.5033,948313.45
2026-07-21 16:00:00,-85.532,97.486,1.1175,948379.23
2026-07-21 17:00:00,-67.921,259.847,0.6204,948072.92
2026-07-21 18:00:00,-55.845,414.014,0.1688,948051.43
2026-07-21 19:00:00,-36.889,531.245,0.0,948098.26
2026-07-21 20:00:00,-28.986,627.787,0.0,947393.28
2026-07-21 21:00:00,-26.071,679.505,0.0,947537.57
2026-07-21 22:00:00,-15.428,689.449,0.0,946977.73
2026-07-21 23:00:00,0.823,645.718,0.0,947033.11
2026-07-22 00:00:00,-5.623,567.247,0.0,947013.15
2026-07-22 01:00:00,-5.863,446.267,0.0,947285.15
2026-07-22 02:00:00,-11.643,306.622,0.0,947937.81
2026-07-22 03:00:00,-15.578,141.529,0.0,947952.84
2026-07-22 04:00:00,-35.856,2.012,0.0,948496.62
2026-07-22 05:00:00,-34.496,0.062,0.0,947583.52
2026-07-22 06:00:00,-44.434,0.0,0.0,947025.51
2026-07-22 07:00:00,-58.32,0.0,0.1447,947712.47
2026-07-22 08:00:00,-67.712,0.0,0.3976,947604.72
2026-07-22 09:00:00,-80.581,0.0,0.8166,946985.68
2026-07-22 10:00:00,-93.119,0.375,1.2098,946191.04
2026-07-22 11:00:00,-92.827,7.128,1.2986,946479.42
2026-07-22 12:00:00,-98.119,4.06,1.3045,946548.43
2026-07-22 13:00:00,-100.499,0.0,1.319,946383.55
2026-07-22 14:00:00,-98.966,3.392,1.2312,946342.85
2026-07-22 15:00:00,-98.361,3.202,1.1972,945793.28
2026-07-22 16:00:00,-86.203,0.0,1.1102,946319.15
2026-07-22 17:00:00,-78.82,157.089,0.7964,945821.98
2026-07-22 18:00:00,-63.011,317.191,0.4117,946102.9
2026-07-22 19:00:00,-51.938,455.554,0.0987,946171.21
2026-07-22 20:00:00,-33.773,579.616,0.0,946363.34
2026-07-22 21:00:00,-24.149,655.879,0.0,946765.54
2026-07-22 22:00:00,-14.896,688.827,0.0,946963.51
2026-07-22 23:00:00,-3.869,680.398,0.0,946499.2
2026-07-23 00:00:00,-8.9,623.665,0.0,946380.98
2026-07-23 01:00:00,-4.014,536.486,0.0,945788.63
2026-07-23 02:00:00,-8.526,404.953,0.0,946132.48
2026-07-23 03:00:00,-12.254,251.58,0.0,946793.44
2026-07-23 04:00:00,-22.011,81.925,0.0,946581.79
2026-07-23 05:00:00,-32.548,0.0,0.0,945999.0
2026-07-23 06:00:00,-43.857,0.0,0.0,945517.35
2026-07-23 07:00:00,-52.776,0.0,0.0104,945722.58
2026-07-23 08:00:00,-62.278,2.824,0.2675,945848.76
2026-07-23 09:00:00,-74.454,0.0,0.6576,945025.15
2026-07-23 10:00:00,-80.738,0.663,0.7253,945882.98
2026-07-23 11:00:00,-90.292,1.855,1.1155,945719.27
2026-07-23 12:00:00,-98.109,3.012,1.4412,946046.09
2026-07-23 13:00:00,-108.342,0.0,1.576,945793.06
2026-07-23 14:00:00,-103.011,0.0,1.4476,947137.54
2026-07-23 15:00:00,-98.175,8.351,1.4141,946936.54
2026-07-23 16:00:00,-95.978,8.572,1.4106,946983.31
2026-07-23 17:00:00,-86.862,42.714,0.9637,947131.35
2026-07-23 18:00:00,-75.611,212.309,0.7522,947709.49
2026-07-23 19:00:00,-59.893,364.833,0.2831,948364.23
2026-07-23 20:00:00,-42.111,508.803,0.0,948165.54
2026-07-23 21:00:00,-30.775,607.145,0.0,947203.96
2026-07-23 22:00:00,-25.589,674.206,0.0,948573.54
2026-07-23 23:00:00,-17.51,688.353,0.0,948852.74
2026-07-24 00:00:00,-5.091,666.114,0.0,949688.55
2026-07-24 01:00:00,-0.829,600.196,0.0,949444.69
2026-07-24 02:00:00,-10.297,494.305,0.0,949038.4
2026-07-24 03:00:00,-10.7,357.406,0.0,948781.09
2026-07-24 04:00:00,-10.634,190.992,0.0,948683.7
2026-07-24 05:00:00,-29.296,13.609,0.0,948532.63
2026-07-24 06:00:00,-28.89,8.124,0.0,948681.98
2026-07-24 07:00:00,-48.336,12.446,0.0,948720.65
2026-07-24 08:00:00,-58.917,2.237,0.0882,948427.07
2026-07-24 09:00:00,-69.947,0.0,0.3494,948382.03
2026-07-24 10:00:00,-81.623,0.0,0.9279,947396.58
2026-07-24 11:00:00,-91.437,2.546,0.9024,947349.26
2026-07-24 12:00:00,-94.577,6.706,1.0432,947855.81
2026-07-24 13:00:00,-99.179,0.0,1.3921,947717.07
2026-07-24 14:00:00,-103.705,0.0,1.3035,946979.03
2026-07-24 15:00:00,-102.904,0.98,1.5391,947326.82
2026-07-24 16:00:00,-94.276,4.323,1.3646,948254.38
2026-07-24 17:00:00,-90.808,0.0,1.1422,948357.81
2026-07-24 18:00:00,-84.748,89.58,1.0328,948967.22
2026-07-24 19:00:00,-68.445,269.87,0.6012,949009.63
2026-07-24 20:00:00,-60.46,424.522,0.2941,950072.48
2026-07-24 21:00:00,-40.718,543.566,0.0,949734.39
2026-07-24 22:00:00,-28.966,635.957,0.0,949695.3
2026-07-24 23:00:00,-19.63,680.574,0.0,949156.83
2026-07-25 00:00:00,-10.58,683.635,0.0,948786.0
2026-07-25 01:00:00,-6.258,653.498,0.0,948525.1
2026-07-25 02:00:00,-8.319,568.943,0.0,948835.2
2026-07-25 03:00:00,-0.971,451.488,0.0,949373.84
2026-07-25 04:00:00,-8.489,309.588,0.0,948745.35
2026-07-25 05:00:00,-21.523,130.344,0.0,949153.9
2026-07-25 06:00:00,-35.908,0.0,0.0,949313.39
2026-07-25 07:00:00,-46.446,0.79,0.0,949565.65
2026-07-25 08:00:00,-43.424,0.0,0.0,950198.78
2026-07-25 09:00:00,-60.83,3.916,0.2034,949871.61
2026-07-25 10:00:00,-68.356,0.0,0.5184,949852.94
2026-07-25 11:00:00,-83.451,0.0,0.9229,950018.7
2026-07-25 12:00:00,-90.149,0.329,1.0794,950355.13
2026-07-25 13:00:00,-96.68,0.852,1.3475,950180.73
2026-07-25 14:00:00,-99.159,4.673,1.3666,950055.16
2026-07-25 15:00:00,-101.351,1.966,1.3798,949558.61
2026-07-25 16:00:00,-103.658,2.306,1.5884,949855.33
2026-07-25 17:00:00,-100.322,1.601,1.5105,950673.05
2026-07-25 18:00:00,-91.826,0.0,1.2076,950740.63
2026-07-25 19:00:00,-84.845,152.655,0.9641,950808.18
2026-07-25 20:00:00,-68.241,322.295,0.5159,951006.7
2026-07-25 21:00:00,-52.288,463.076,0.2808,951035.88
2026-07-25 22:00:00,-36.832,587.069,0.0,951033.21
2026-07-25 23:00:00,-21.447,661.844,0.0,951413.55
2026-07-26 00:00:00,-17.814,692.506,0.0,950832.52
2026-07-26 01:00:00,-8.811,680.932,0.0,950041.47
2026-07-26 02:00:00,-10.932,624.452,0.0,949524.1
2026-07-26 03:00:00,-4.139,524.092,0.0,950248.7
2026-07-26 04:00:00,-11.724,400.579,0.0,950086.74
2026-07-26 05:00:00,-16.543,247.498,0.0,950115.91
2026-07-26 06:00:00,-24.054,77.528,0.0,950383.8
2026-07-26 07:00:00,-33.545,2.348,0.0,950093.24
2026-07-26 08:00:00,-47.634,4.607,0.0,949777.61
2026-07-26 09:00:00,-51.089,0.0,0.0,949410.53
2026-07-26 10:00:00,-63.818,0.0,0.3441,949013.0
2026-07-26 11:00:00,-69.814,7.254,0.5627,949072.35
2026-07-26 12:00:00,-78.45,3.855,0.8462,949154.61
2026-07-26 13:00:00,-86.133,0.0,0.9733,948556.93
2026-07-26 14:00:00,-100.563,0.0,1.5023,948644.66
2026-07-26 15:00:00,-98.267,0.0,1.4216,947436.95
2026-07-26 16:00:00,-105.017,0.158,1.7057,947138.53
2026-07-26 17:00:00,-94.353,2.363,1.327,947580.58
2026-07-26 18:00:00,-89.251,12.675,1.0841,947232.68
2026-07-26 19:00:00,-83.123,42.349,0.9351,947320.0
2026-07-26 20:00:00,-74.349,217.157,0.7306,947515.33
2026-07-26 21:00:00,-57.704,364.042,0.3312,947289.79
2026-07-26 22:00:00,-46.276,504.624,0.0,947619.01
2026-07-26 23:00:00,-31.675,615.021,0.0,947880.39
2026-07-27 00:00:00,-20.266,673.399,0.0,947388.36
2026-07-27 01:00:00,-17.712,668.6,0.0,946946.26
2026-07-27 02:00:00,-7.072,668.484,0.0,947199.92
2026-07-27 03:00:00,4.803,606.328,0.0,947305.58
2026-07-27 04:00:00,-3.579,479.853,0.0,947781.75
2026-07-27 05:00:00,-6.922,358.901,0.0,947918.7
2026-07-27 06:00:00,-16.251,176.237,0.0,947984.05
2026-07-27 07:00:00,-26.773,21.312,0.0,946962.2
2026-07-27 08:00:00,-34.378,0.0,0.0,947037.81
2026-07-27 09:00:00,-45.255,0.0,0.0,946758.58
2026-07-27 10:00:00,-61.654,2.231,0.0936,946297.96
2026-07-27 11:00:00,-63.487,5.754,0.2265,946784.36
2026-07-27 12:00:00,-71.35,1.819,0.4446,947196.47
2026-07-27 13:00:00,-88.895,2.924,0.9052,947635.01
2026-07-27 14:00:00,-94.431,0.0,0.9856,947993.98
2026-07-27 15:00:00,-93.813,0.0,0.9784,947898.1
2026-07-27 16:00:00,-103.642,3.459,1.2239,947647.54
2026-07-27 17:00:00,-99.871,8.749,1.2185,947468.02
2026-07-27 18:00:00,-85.372,5.648,0.9304,947412.64
2026-07-27 19:00:00,-92.154,0.0,1.1877,946939.91
2026-07-27 20:00:00,-84.204,93.332,1.1093,947742.48
2026-07-27 21:00:00,-68.12,265.56,0.5136,947779.92
2026-07-27 22:00:00,-54.846,413.283,0.185,947673.86
2026-07-27 23:00:00,-44.966,545.721,0.0,947335.24
2026-07-28 00:00:00,-35.32,636.492,0.0,947445.13
2026-07-28 01:00:00,-18.194,675.425,0.0,947809.57
2026-07-28 02:00:00,-9.391,690.437,0.0,948232.83
2026-07-28 03:00:00,-7.327,649.203,0.0,947450.65
2026-07-28 04:00:00,-0.51,561.379,0.0,947322.55
2026-07-28 05:00:00,-3.26,444.758,0.0,948227.08
2026-07-28 06:00:00,-10.64,288.604,0.0,948523.95
2026-07-28 07:00:00,-22.521,130.165,0.0,949297.89
2026-07-28 08:00:00,-37.802,0.037,0.0,949329.13
2026-07-28 09:00:00,-41.02,0.844,0.0,948880.35
2026-07-28 10:00:00,-55.94,1.894,0.2271,949083.92
2026-07-28 11:00:00,-67.924,1.221,0.337,948773.11
2026-07-28 12:00:00,-70.319,0.0,0.3583,949563.49
2026-07-28 13:00:00,-78.708,1.431,0.7337,950321.57
2026-07-28 14:00:00,-96.302,5.01,1.2567,949666.89
2026-07-28 15:00:00,-97.836,0.0,1.4375,949547.58
2026-07-28 16:00:00,-101.51,1.588,1.4535,950225.53
2026-07-28 17:00:00,-104.406,0.0,1.4818,950444.61
2026-07-28 18:00:00,-106.373,0.0,1.6646,949891.57
2026-07-28 19:00:00,-94.579,2.614,1.1985,949707.82
2026-07-28 20:00:00,-96.378,0.0,1.2712,950757.9
2026-07-28 21:00:00,-85.868,161.527,0.9611,950883.52
2026-07-28 22:00:00,-70.618,323.794,0.5631,951557.12
2026-07-28 23:00:00,-50.636,465.286,0.1327,951479.69
2026-07-29 00:00:00,-39.571,578.171,0.0,952194.01
2026-07-29 01:00:00,-28.586,652.834,0.0,952483.7
2026-07-29 02:00:00,-14.482,680.389,0.0,952540.95
2026-07-29 03:00:00,-7.402,679.311,0.0,952327.71
2026-07-29 04:00:00,-11.657,623.595,0.0,952579.25
2026-07-29 05:00:00,-2.0,531.538,0.0,952904.67
2026-07-29 06:00:00,-3.472,395.441,0.0,952557.29
2026-07-29 07:00:00,-13.671,252.685,0.0,953695.41
2026-07-29 08:00:00,-23.87,70.721,0.0,953261.1
2026-07-29 09:00:00,-27.115,0.0,0.0,952527.82
2026-07-29 10:00:00,-43.614,0.0,0.0,952593.46
2026-07-29 11:00:00,-52.417,0.0,0.0,952359.09
2026-07-29 12:00:00,-61.072,7.663,0.1241,950981.84
2026-07-29 13:00:00,-71.936,6.855,0.7402,951432.94
2026-07-29 14:00:00,-82.256,3.004,0.9021,951773.93
2026-07-29 15:00:00,-89.419,0.0,1.1512,950909.63
2026-07-29 16:00:00,-90.742,9.056,1.2081,951555.21
2026-07-29 17:00:00,-97.62,0.0,1.461,951715.35
2026-07-29 18:00:00,-101.066,0.0,1.4529,951339.99
2026-07-29 19:00:00,-101.024,7.186,1.4359,951469.98
2026-07-29 20:00:00,-96.277,3.295,1.3684,952221.03
2026-07-29 21:00:00,-83.989,28.472,1.0424,952901.36
2026-07-29 22:00:00,-81.624,85.469,0.8913,952782.12
2026-07-29 23:00:00,-57.788,143.557,0.1739,952063.54
2026-07-30 00:00:00,-53.228,194.401,0.1751,951613.69
2026-07-30 01:00:00,-45.216,227.391,0.0471,951442.05
2026-07-30 02:00:00,-30.09,259.118,0.0,951092.64
2026-07-30 03:00:00,-24.108,273.297,0.0,951655.13
2026-07-30 04:00:00,-16.841,260.355,0.0,952256.11
2026-07-30 05:00:00,-15.861,230.631,0.0,952226.36
2026-07-30 06:00:00,-11.494,183.84,0.0,951808.27
2026-07-30 07:00:00,-18.65,136.044,0.0,951772.77
2026-07-30 08:00:00,-19.405,77.36,0.0,951589.05
2026-07-30 09:00:00,-27.418,7.17,0.0,950346.71
2026-07-30 10:00:00,-34.69,0.834,0.0,950883.94
2026-07-30 11:00:00,-44.821,0.0,0.0,950670.86
2026-07-30 12:00:00,-53.235,4.336,0.0102,950680.98
2026-07-30 13:00:00,-61.336,0.0,0.3662,950897.57
2026-07-30 14:00:00,-73.427,1.914,0.6415,950954.31
2026-07-30 15:00:00,-79.273,12.852,0.8811,950950.04
2026-07-30 16:00:00,-92.812,0.0,1.1959,951536.74
2026-07-30 17:00:00,-95.458,0.0,1.2796,951852.78
2026-07-30 18:00:00,-97.507,0.0,1.2408,951086.01
2026-07-30 19:00:00,-94.815,0.0,1.196,951559.33
2026-07-30 20:00:00,-97.943,5.182,1.3194,951263.95
2026-07-30 21:00:00,-88.792,2.362,1.0727,950702.69
2026-07-30 22:00:00,-83.491,105.149,1.0022,951702.48
2026-07-30 23:00:00,-68.619,276.754,0.6872,951760.4
2026-07-31 00:00:00,-54.412,423.613,0.1326,951903.64
2026-07-31 01:00:00,-37.098,562.836,0.0,951619.93
2026-07-31 02:00:00,-29.514,635.781,0.0,951674.64
2026-07-31 03:00:00,-19.156,683.082,0.0,952195.34
2026-07-31 04:00:00,-11.056,676.589,0.0,953046.48
2026-07-31 05:00:00,-3.742,641.221,0.0,952395.01
2026-07-31 06:00:00,-5.105,566.896,0.0,951987.92
2026-07-31 07:00:00,-3.527,435.472,0.0,951897.0
2026-07-31 08:00:00,-11.575,283.807,0.0,951270.91
2026-07-31 09:00:00,-16.922,128.187,0.0,950557.02
2026-07-31 10:00:00,-28.571,6.854,0.0,950258.28
2026-07-31 11:00:00,-32.399,0.212,0.0,949790.37
2026-07-31 12:00:00,-47.396,0.0,0.0,949730.49
2026-07-31 13:00:00,-62.147,0.0,0.2992,949795.86
2026-07-31 14:00:00,-69.574,2.261,0.7177,949767.68
2026-07-31 15:00:00,-78.578,3.306,0.821,949576.4
2026-07-31 16:00:00,-89.841,0.0,1.0904,949683.38
2026-07-31 17:00:00,-88.574,5.673,1.0454,948949.07
2026-07-31 18:00:00,-98.77,3.828,1.2265,948255.5
2026-07-31 19:00:00,-102.0,5.662,1.236,948663.13
2026-07-31 20:00:00,-98.15,2.918,1.409,948876.93
2026-07-31 21:00:00,-98.014,3.268,1.3454,949529.77
2026-07-31 22:00:00,-86.42,2.604,1.0707,948961.08
2026-07-31 23:00:00,-74.985,167.264,0.7073,948695.32
2026-08-01 00:00:00,-63.74,317.305,0.4767,949533.95
2026-08-01 01:00:00,-48.783,461.289,0.0,949229.06
2026-08-01 02:00:00,-38.679,577.233,0.0,948643.32
2026-08-01 03:00:00,-29.342,654.87,0.0,950009.64
2026-08-01 04:00:00,-15.923,689.735,0.0,948815.27
2026-08-01 05:00:00,-9.307,677.283,0.0,948740.57
2026-08-01 06:00:00,-10.313,625.483,0.0,948234.03
2026-08-01 07:00:00,-6.914,529.854,0.0,948480.68
2026-08-01 08:00:00,-11.265,390.127,0.0,948370.82
2026-08-01 09:00:00,-18.056,240.593,0.0,948294.96
2026-08-01 10:00:00,-20.515,64.621,0.0,948037.73
2026-08-01 11:00:00,-31.813,0.0,0.0,948769.63
2026-08-01 12:00:00,-39.767,1.609,0.0,948483.9
2026-08-01 13:00:00,-50.984,0.0,0.1856,948431.96
2026-08-01 14:00:00,-59.909,12.056,0.3917,948678.94
2026-08-01 15:00:00,-73.441,2.832,0.6759,948727.51
2026-08-01 16:00:00,-77.859,0.0,0.9186,949010.43
2026-08-01 17:00:00,-93.722,9.637,1.1501,949225.69
2026-08-01 18:00:00,-96.36,0.0,1.3549,949078.48
2026-08-01 19:00:00,-102.617,0.663,1.5144,949849.27
2026-08-01 20:00:00,-95.967,0.0,1.3492,949825.03
2026-08-01 21:00:00,-96.091,8.26,1.3873,949900.53
2026-08-01 22:00:00,-88.676,0.0,1.2223,950106.08
2026-08-01 23:00:00,-88.272,49.343,1.2475,949444.23
2026-08-02 00:00:00,-72.993,226.187,0.7685,950086.51
2026-08-02 01:00:00,-62.919,380.443,0.5348,950594.14
2026-08-02 02:00:00,-42.613,510.212,0.0,950958.61
2026-08-02 03:00:00,-32.494,616.035,0.0,951395.92
2026-08-02 04:00:00,-17.581,683.752,0.0,952089.63
2026-08-02 05:00:00,-11.286,689.891,0.0,951253.71
2026-08-02 06:00:00,-11.83,661.688,0.0,951976.38
2026-08-02 07:00:00,-7.256,592.072,0.0,952195.1
2026-08-02 08:00:00,-2.959,489.714,0.0,951677.08
2026-08-02 09:00:00,-7.306,340.917,0.0,952064.37
2026-08-02 10:00:00,-23.401,181.072,0.0,951899.91
2026-08-02 11:00:00,-27.526,1.553,0.0,951686.52
2026-08-02 12:00:00,-38.464,0.0,0.0,951449.76
2026-08-02 13:00:00,-47.78,0.0,0.0,951984.38
2026-08-02 14:00:00,-56.548,0.0,0.1565,951619.06
2026-08-02 15:00:00,-64.319,8.845,0.6684,952255.08
2026-08-02 16:00:00,-77.188,2.68,0.8082,951916.72
2026-08-02 17:00:00,-89.692,0.0,1.174,951444.92
2026-08-02 18:00:00,-90.945,0.0,1.1672,951639.75
2026-08-02 19:00:00,-96.862,6.874,1.3342,952027.4
2026-08-02 20:00:00,-101.252,5.633,1.4307,952382.88
2026-08-02 21:00:00,-99.805,0.141,1.5315,951913.83
2026-08-02 22:00:00,-96.83,0.0,1.4811,952198.15
2026-08-02 23:00:00,-89.641,5.625,1.3168,953122.47
2026-08-03 00:00:00,-80.704,102.877,1.0005,953020.81
2026-08-03 01:00:00,-65.359,277.657,0.5862,952826.74
2026-08-03 02:00:00,-52.346,437.104,0.2477,953438.54
2026-08-03 03:00:00,-36.692,549.315,0.0,953696.76
2026-08-03 04:00:00,-22.007,631.55,0.0,953623.78
2026-08-03 05:00:00,-16.205,683.587,0.0,953377.87
2026-08-03 06:00:00,-10.446,681.284,0.0,952200.44
2026-08-03 07:00:00,-8.209,634.621,0.0,950882.79
2026-08-03 08:00:00,-0.615,561.629,0.0,950992.19
2026-08-03 09:00:00,-7.626,444.212,0.0,951383.88
2026-08-03 10:00:00,-3.662,289.251,0.0,950387.79
2026-08-03 11:00:00,-11.361,122.331,0.0,950467.33
2026-08-03 12:00:00,-30.296,0.0,0.0,950359.52
2026-08-03 13:00:00,-43.576,0.0,0.0,950224.43
2026-08-03 14:00:00,-47.009,0.0,0.0,950480.11
2026-08-03 15:00:00,-52.998,0.0,0.0534,949861.16
2026-08-03 16:00:00,-72.935,9.461,0.6232,950550.13
2026-08-03 17:00:00,-72.919,2.332,0.5846,950602.88
2026-08-03 18:00:00,-92.474,2.862,1.2376,950105.26
2026-08-03 19:00:00,-98.002,4.417,1.3282,950005.41
2026-08-03 20:00:00,-97.012,3.855,1.5566,950329.34
2026-08-03 21:00:00,-96.19,0.0,1.5133,949703.48
2026-08-03 22:00:00,-99.072,1.363,1.5822,951207.78
2026-08-03 23:00:00,-93.903,0.0,1.3822,951766.3
2026-08-04 00:00:00,-85.448,2.192,1.176,951953.86
2026-08-04 01:00:00,-73.184,167.922,0.8732,952076.32
2026-08-04 02:00:00,-64.935,327.175,0.6918,952252.57
2026-08-04 03:00:00,-51.612,464.06,0.3683,952556.35
2026-08-04 04:00:00,-32.743,582.657,0.0,953356.75
2026-08-04 05:00:00,-22.561,654.544,0.0,953290.44
2026-08-04 06:00:00,-12.82,677.42,0.0,952978.27
2026-08-04 07:00:00,-9.215,676.365,0.0,952323.59
2026-08-04 08:00:00,-1.423,622.101,0.0,951735.67
2026-08-04 09:00:00,-6.22,533.509,0.0,951989.64
2026-08-04 10:00:00,-6.009,388.877,0.0,952002.4
2026-08-04 11:00:00,-13.121,232.876,0.0,951732.92
2026-08-04 12:00:00,-23.246,59.555,0.0,950867.55
2026-08-04 13:00:00,-30.27,1.043,0.0,951606.91
2026-08-04 14:00:00,-45.149,1.012,0.0255,951958.62
2026-08-04 15:00:00,-49.973,0.0,0.0,951982.63
2026-08-04 16:00:00,-62.358,0.0,0.3563,951583.64
2026-08-04 17:00:00,-74.924,0.0,0.7559,952172.79
2026-08-04 18:00:00,-85.21,4.632,1.0368,952435.11
2026-08-04 19:00:00,-83.659,0.0,1.0043,952308.75
2026-08-04 20:00:00,-95.497,0.0,1.5081,952072.22
2026-08-04 21:00:00,-99.797,0.0,1.7071,952311.9
2026-08-04 22:00:00,-103.379,0.0,1.6028,952499.7
2026-08-04 23:00:00,-95.155,0.0,1.5952,952739.93
2026-08-05 00:00:00,-90.528,0.0,1.2418,952373.66
2026-08-05 01:00:00,-83.316,54.565,1.1395,952800.18
2026-08-05 02:00:00,-73.181,230.463,0.7247,951968.8
2026-08-05 03:00:00,-56.927,383.608,0.3253,951625.83
2026-08-05 04:00:00,-47.819,516.892,0.0658,951142.1
2026-08-05 05:00:00,-31.264,618.378,0.0,950897.75
2026-08-05 06:00:00,-20.844,673.596,0.0,951436.7
2026-08-05 07:00:00,-11.373,686.853,0.0,951989.74
2026-08-05 08:00:00,-11.309,664.008,0.0,952560.86
2026-08-05 09:00:00,2.425,593.707,0.0,952334.18
2026-08-05 10:00:00,-0.017,482.978,0.0,952878.94
2026-08-05 11:00:00,-13.119,332.886,0.0,953361.35
2026-08-05 12:00:00,-15.918,174.417,0.0,952524.4
2026-08-05 13:00:00,-32.785,4.19,0.0,951565.95
2026-08-05 14:00:00,-35.571,3.898,0.0,951389.19
2026-08-05 15:00:00,-52.084,0.0,0.0,951937.58
2026-08-05 16:00:00,-56.77,5.684,0.2403,952750.59
2026-08-05 17:00:00,-67.93,6.576,0.5149,952762.8
2026-08-05 18:00:00,-72.807,5.996,0.5668,952462.33
2026-08-05 19:00:00,-80.447,6.028,0.858,952310.08
2026-08-05 20:00:00,-87.887,0.0,1.1022,950804.87
2026-08-05 21:00:00,-94.145,2.413,1.4271,951896.58
2026-08-05 22:00:00,-100.376,0.0,1.4255,951734.15
2026-08-05 23:00:00,-98.818,0.0,1.4829,950943.67
2026-08-06 00:00:00,-96.426,0.0,1.3901,950819.77
2026-08-06 01:00:00,-95.572,6.624,1.3514,951104.79
2026-08-06 02:00:00,-78.872,113.576,0.9924,950639.76
2026-08-06 03:00:00,-66.967,288.664,0.6131,951086.56
2026-08-06 04:00:00,-52.546,428.768,0.3202,951016.2
2026-08-06 05:00:00,-47.201,561.794,0.0246,951266.37
2026-08-06 06:00:00,-26.321,636.625,0.0,951167.36
2026-08-06 07:00:00,-14.631,680.979,0.0,952027.01
2026-08-06 08:00:00,-10.334,675.634,0.0,951380.79
2026-08-06 09:00:00,-6.66,644.711,0.0,951485.99
2026-08-06 10:00:00,-7.968,552.506,0.0,950964.79
2026-08-06 11:00:00,-10.819,431.808,0.0,950293.43
2026-08-06 12:00:00,-11.757,293.391,0.0,950995.65
2026-08-06 13:00:00,-22.109,126.195,0.0,950475.84
2026-08-06 14:00:00,-31.459,5.66,0.0,951099.25
2026-08-06 15:00:00,-35.143,0.0,0.0,950086.35
2026-08-06 16:00:00,-53.455,0.0,0.209,949846.91
2026-08-06 17:00:00,-61.278,0.0,0.379,949906.56
2026-08-06 18:00:00,-65.187,3.913,0.5724,950400.15
2026-08-06 19:00:00,-81.21,7.768,0.8507,949652.53
2026-08-06 20:00:00,-88.192,1.841,1.1047,949596.84
2026-08-06 21:00:00,-95.62,9.874,1.433,950156.79
2026-08-06 22:00:00,-96.809,4.486,1.4706,949947.67
2026-08-06 23:00:00,-107.302,0.0,1.6492,949249.55
2026-08-07 00:00:00,-100.457,4.144,1.7641,949739.81
2026-08-07 01:00:00,-95.148,8.53,1.5858,949620.41
2026-08-07 02:00:00,-91.789,9.991,1.3309,948880.4
2026-08-07 03:00:00,-75.261,175.405,0.7903,947999.01
2026-08-07 04:00:00,-60.714,331.849,0.3738,948103.92
2026-08-07 05:00:00,-47.97,471.461,0.0819,948580.95
2026-08-07 06:00:00,-29.986,585.73,0.0,948493.78
2026-08-07 07:00:00,-24.368,663.885,0.0,947754.96
2026-08-07 08:00:00,-11.708,688.021,0.0,947921.06
2026-08-07 09:00:00,-4.911,674.175,0.0,947802.03
2026-08-07 10:00:00,-3.668,614.826,0.0,947340.48
2026-08-07 11:00:00,0.653,515.918,0.0,946999.27
2026-08-07 12:00:00,-5.315,386.321,0.0,946890.73
2026-08-07 13:00:00,-16.656,232.394,0.0,946735.29
2026-08-07 14:00:00,-20.809,69.937,0.0,947189.07
2026-08-07 15:00:00,-33.553,0.0,0.0,947526.6
2026-08-07 16:00:00,-42.091,0.263,0.0,947935.52
2026-08-07 17:00:00,-52.366,0.0,0.0,948327.95
2026-08-07 18:00:00,-59.572,3.583,0.3004,949007.25
2026-08-07 19:00:00,-68.734,6.833,0.4723,949156.68
2026-08-07 20:00:00,-81.712,8.122,0.8351,948957.56
2026-08-07 21:00:00,-89.559,1.017,0.9706,948671.21
2026-08-07 22:00:00,-100.495,2.872,1.4377,948154.68
2026-08-07 23:00:00,-99.727,0.0,1.4009,948208.91
2026-08-08 00:00:00,-101.047,2.64,1.6165,947817.3
2026-08-08 01:00:00,-94.509,1.57,1.2389,947388.76
2026-08-08 02:00:00,-91.396,0.291,1.2638,947588.77
2026-08-08 03:00:00,-85.21,56.406,0.9424,947903.03
2026-08-08 04:00:00,-69.006,228.582,0.5061,947952.21
2026-08-08 05:00:00,-55.703,380.835,0.1178,947966.93
2026-08-08 06:00:00,-48.796,512.385,0.165,947903.76
2026-08-08 07:00:00,-24.743,620.256,0.0,948132.91
2026-08-08 08:00:00,-13.47,683.891,0.0,948554.1
2026-08-08 09:00:00,-8.86,679.65,0.0,948694.15
2026-08-08 10:00:00,-1.607,650.434,0.0,949176.13
2026-08-08 11:00:00,-0.856,580.602,0.0,949366.56
2026-08-08 12:00:00,-5.598,475.734,0.0,949611.72
2026-08-08 13:00:00,0.936,340.846,0.0,949840.17
2026-08-08 14:00:00,-10.874,177.729,0.0,950332.92
2026-08-08 15:00:00,-21.233,2.761,0.0,950106.5
2026-08-08 16:00:00,-33.165,2.645,0.0,950100.95
2026-08-08 17:00:00,-38.845,0.0,0.0,950244.01
2026-08-08 18:00:00,-56.589,0.0,0.3203,950353.69
2026-08-08 19:00:00,-64.055,0.0,0.4084,949878.23
2026-08-08 20:00:00,-70.966,0.0,0.5641,949828.05
2026-08-08 21:00:00,-83.802,0.0,1.1737,950139.24
2026-08-08 22:00:00,-86.502,0.0,1.1216,949703.44
2026-08-08 23:00:00,-92.538,3.821,1.3809,949855.57
2026-08-09 00:00:00,-95.561,1.227,1.3625,948528.16
2026-08-09 01:00:00,-98.508,3.055,1.5662,947774.05
2026-08-09 02:00:00,-91.936,0.0,1.3557,947925.15
2026-08-09 03:00:00,-82.648,0.0,1.0602,947833.64
2026-08-09 04:00:00,-76.849,117.988,1.0782,947563.37
2026-08-09 05:00:00,-62.704,267.508,0.5942,947964.61
2026-08-09 06:00:00,-48.276,436.076,0.1423,948138.27
2026-08-09 07:00:00,-40.858,541.619,0.0994,949027.43
2026-08-09 08:00:00,-25.583,640.168,0.0,949415.44
2026-08-09 09:00:00,-15.278,675.658,0.0,949392.53
2026-08-09 10:00:00,-13.594,685.579,0.0,949817.19
2026-08-09 11:00:00,0.204,652.68,0.0,950333.51
2026-08-09 12:00:00,-4.628,540.474,0.0,949971.29
2026-08-09 13:00:00,-2.024,434.89,0.0,950605.55
2026-08-09 14:00:00,-12.304,274.096,0.0,951367.88
2026-08-09 15:00:00,-12.265,118.72,0.0,951015.08
2026-08-09 16:00:00,-28.757,0.0,0.0,950801.06
2026-08-09 17:00:00,-31.146,0.649,0.0,951223.84
2026-08-09 18:00:00,-47.481,0.0,0.0266,950867.32
2026-08-09 19:00:00,-57.875,3.903,0.3396,950333.82
2026-08-09 20:00:00,-63.594,0.0,0.3133,951018.78
2026-08-09 21:00:00,-80.937,6.208,0.9324,951150.23
2026-08-09 22:00:00,-86.71,0.0,0.8948,951070.87
2026-08-09 23:00:00,-91.82,0.0,1.2123,950945.37
2026-08-10 00:00:00,-96.002,7.975,1.2897,950568.31
2026-08-10 01:00:00,-98.744,0.0,1.4749,949973.84
2026-08-10 02:00:00,-97.489,9.538,1.5103,950209.3
2026-08-10 03:00:00,-90.911,6.107,1.2613,950838.31
2026-08-10 04:00:00,-87.014,0.0,1.0885,950630.13
2026-08-10 05:00:00,-72.031,172.265,0.6516,950812.67
2026-08-10 06:00:00,-60.324,334.899,0.4351,950462.66
2026-08-10 07:00:00,-45.163,481.937,0.0144,950879.72
2026-08-10 08:00:00,-30.564,585.872,0.0,950383.23
2026-08-10 09:00:00,-22.957,656.251,0.0,950573.45
2026-08-10 10:00:00,-9.034,683.735,0.0,950438.02
2026-08-10 11:00:00,-5.48,669.633,0.0,950743.21
2026-08-10 12:00:00,-5.465,618.307,0.0,951381.06
2026-08-10 13:00:00,-2.481,514.202,0.0,950350.36
2026-08-10 14:00:00,-7.578,381.412,0.0,950601.89
2026-08-10 15:00:00,-10.941,225.021,0.0,951241.89
2026-08-10 16:00:00,-22.787,54.828,0.0,950348.21
2026-08-10 17:00:00,-31.089,0.0,0.0,949806.3
2026-08-10 18:00:00,-37.761,0.0,0.0,949739.13
2026-08-10 19:00:00,-46.388,7.492,0.0,949270.47
2026-08-10 20:00:00,-61.107,0.0,0.2997,949329.16
2026-08-10 21:00:00,-69.024,3.522,0.5889,949145.52
2026-08-10 22:00:00,-82.279,0.0,0.9238,949050.59
2026-08-10 23:00:00,-94.146,2.842,1.3679,948508.15
2026-08-11 00:00:00,-98.299,0.0,1.4621,947892.92
2026-08-11 01:00:00,-99.018,0.0,1.4868,948043.05
2026-08-11 02:00:00,-95.844,0.905,1.4715,948190.99
2026-08-11 03:00:00,-96.686,0.0,1.4303,948316.36
2026-08-11 04:00:00,-87.623,0.0,1.3343,948667.32
2026-08-11 05:00:00,-77.064,63.857,0.9014,948552.09
2026-08-11 06:00:00,-72.872,230.548,0.6546,949099.1
2026-08-11 07:00:00,-50.352,383.034,0.0843,949373.31
2026-08-11 08:00:00,-47.997,510.202,0.0,949484.94
2026-08-11 09:00:00,-24.284,604.85,0.0,948947.86
2026-08-11 10:00:00,-18.993,670.952,0.0,948912.79
2026-08-11 11:00:00,-10.984,692.279,0.0,948290.67
2026-08-11 12:00:00,-4.737,655.428,0.0,948070.63
2026-08-11 13:00:00,-4.869,575.446,0.0,948829.99
2026-08-11 14:00:00,1.106,473.834,0.0,949443.25
2026-08-11 15:00:00,-10.617,332.274,0.0,949714.02
2026-08-11 16:00:00,-18.603,175.229,0.0,950030.76
2026-08-11 17:00:00,-31.416,3.034,0.0,950105.27
2026-08-11 18:00:00,-37.272,0.0,0.0,949313.84
2026-08-11 19:00:00,-46.909,2.726,0.0,949219.42
2026-08-11 20:00:00,-58.066,0.0,0.2289,949219.0
2026-08-11 21:00:00,-67.058,0.0,0.6225,949437.05
2026-08-11 22:00:00,-79.8,0.0,0.976,949498.84
2026-08-11 23:00:00,-80.564,2.055,0.9,950076.41
2026-08-12 00:00:00,-92.448,0.0,1.3387,949468.1
2026-08-12 01:00:00,-95.311,3.523,1.3593,949433.33
2026-08-12 02:00:00,-96.086,3.817,1.4785,949170.84
2026-08-12 03:00:00,-92.981,0.235,1.3731,948857.65
2026-08-12 04:00:00,-93.498,0.0,1.5799,948441.98
2026-08-12 05:00:00,-91.605,0.0,1.4087,948624.19
2026-08-12 06:00:00,-83.579,123.172,1.1721,949429.92
2026-08-12 07:00:00,-66.131,276.621,0.7081,949564.59
2026-08-12 08:00:00,-49.529,437.276,0.1457,950819.88
2026-08-12 09:00:00,-39.333,551.006,0.0,950187.6
2026-08-12 10:00:00,-26.785,635.593,0.0,951432.74
2026-08-12 11:00:00,-16.075,670.697,0.0,951431.6
2026-08-12 12:00:00,-14.24,677.81,0.0,950671.0
2026-08-12 13:00:00,-3.267,637.105,0.0,950718.45
2026-08-12 14:00:00,-0.945,541.911,0.0,951561.76
2026-08-12 15:00:00,-5.085,430.226,0.0,951918.73
2026-08-12 16:00:00,-7.554,279.706,0.0,951750.34
2026-08-12 17:00:00,-15.905,109.546,0.0,952217.1
2026-08-12 18:00:00,-30.822,4.273,0.0,951667.24
2026-08-12 19:00:00,-36.378,0.0,0.0,951558.52
2026-08-12 20:00:00,-47.88,1.733,0.0228,952476.33
2026-08-12 21:00:00,-63.657,8.097,0.357,952541.29
2026-08-12 22:00:00,-69.016,7.2,0.7107,951635.36
2026-08-12 23:00:00,-81.051,1.949,1.0064,951338.19
2026-08-13 00:00:00,-86.071,0.0,1.3199,950974.84
2026-08-13 01:00:00,-90.563,0.0,1.1782,951710.95
2026-08-13 02:00:00,-97.311,0.0,1.5171,951530.21
2026-08-13 03:00:00,-101.084,2.719,1.4966,951898.92
2026-08-13 04:00:00,-97.422,0.0,1.6756,951492.83
2026-08-13 05:00:00,-85.872,3.787,1.2084,951413.41
2026-08-13 06:00:00,-93.123,14.235,1.3695,951413.1
2026-08-13 07:00:00,-74.628,175.562,1.0033,951123.61
2026-08-13 08:00:00,-63.264,330.087,0.6873,951174.54
2026-08-13 09:00:00,-48.66,469.267,0.1018,950901.82
2026-08-13 10:00:00,-34.315,588.313,0.0,951797.12
2026-08-13 11:00:00,-23.52,654.829,0.0,951665.18
2026-08-13 12:00:00,-10.97,687.905,0.0,952313.61
2026-08-13 13:00:00,-6.539,665.111,0.0,952049.48
2026-08-13 14:00:00,-8.702,613.073,0.0,952179.63
2026-08-13 15:00:00,1.866,509.955,0.0,951805.92
2026-08-13 16:00:00,-1.939,375.939,0.0,951986.44
2026-08-13 17:00:00,-14.157,221.947,0.0,951503.37
2026-08-13 18:00:00,-22.644,47.867,0.0,951533.62
2026-08-13 19:00:00,-27.832,9.947,0.0,952204.59
2026-08-13 20:00:00,-37.733,0.0,0.0,952838.35
2026-08-13 21:00:00,-46.967,3.223,0.0235,952677.79
2026-08-13 22:00:00,-60.437,0.0,0.3391,951843.42
2026-08-13 23:00:00,-69.283,0.0,0.5507,951811.17
2026-08-14 00:00:00,-76.514,0.0,0.7099,952111.16
2026-08-14 01:00:00,-89.463,5.506,1.1758,951380.02
2026-08-14 02:00:00,-92.695,0.0,1.3335,951762.66
2026-08-14 03:00:00,-102.837,0.0,1.6095,952520.05
2026-08-14 04:00:00,-102.143,0.777,1.5077,952104.86
2026-08-14 05:00:00,-93.482,2.495,1.1937,952420.78
2026-08-14 06:00:00,-87.475,8.214,1.2071,952462.91
2026-08-14 07:00:00,-82.591,64.522,0.9629,952564.28
2026-08-14 08:00:00,-69.811,235.519,0.7401,952621.36
2026-08-14 09:00:00,-54.753,390.432,0.4566,952136.34
2026-08-14 10:00:00,-40.014,510.622,0.1437,952065.71
2026-08-14 11:00:00,-34.342,607.772,0.0,952127.24
2026-08-14 12:00:00,-14.978,663.811,0.0,952814.07
2026-08-14 13:00:00,-7.687,675.997,0.0,953069.19
2026-08-14 14:00:00,-1.302,655.984,0.0,952843.21
2026-08-14 15:00:00,0.155,580.708,0.0,952104.3
2026-08-14 16:00:00,-5.079,469.509,0.0,951585.98
2026-08-14 17:00:00,-9.58,315.717,0.0,951445.26
2026-08-14 18:00:00,-9.302,177.314,0.0,950744.97
2026-08-14 19:00:00,-26.692,0.0,0.0,950885.04
2026-08-14 20:00:00,-30.761,10.259,0.0,950841.1
2026-08-14 21:00:00,-46.574,0.0,0.0327,950623.9
2026-08-14 22:00:00,-53.848,0.0,0.3478,950312.55
2026-08-14 23:00:00,-65.623,0.0,0.5956,949110.72
2026-08-15 00:00:00,-74.772,1.811,0.6987,949499.56
2026-08-15 01:00:00,-83.755,0.0,0.9547,949898.17
2026-08-15 02:00:00,-85.647,0.0,0.8916,949618.34
2026-08-15 03:00:00,-89.382,0.0,1.0958,950356.89
2026-08-15 04:00:00,-96.521,3.887,1.3144,949326.68
2026-08-15 05:00:00,-98.091,3.557,1.4498,949211.63
2026-08-15 06:00:00,-97.628,9.06,1.2968,948795.31
2026-08-15 07:00:00,-92.391,0.0,1.2811,949571.37
2026-08-15 08:00:00,-72.916,122.476,0.7996,949976.2
2026-08-15 09:00:00,-68.323,280.453,0.6347,950060.51
2026-08-15 10:00:00,-51.189,432.208,0.2583,949954.28
2026-08-15 11:00:00,-36.067,550.248,0.0,949699.69
2026-08-15 12:00:00,-32.02,638.421,0.0,949684.96
2026-08-15 13:00:00,-17.224,683.364,0.0,949023.49
2026-08-15 14:00:00,-9.972,681.616,0.0,949694.3
2026-08-15 15:00:00,-4.185,627.138,0.0,949262.84
2026-08-15 16:00:00,0.211,550.273,0.0,949981.81
2026-08-15 17:00:00,-0.514,423.785,0.0,949134.2
2026-08-15 18:00:00,-11.564,273.737,0.0,948348.3
2026-08-15 19:00:00,-19.79,105.401,0.0,948493.05
2026-08-15 20:00:00,-28.443,0.0,0.0,948951.67
2026-08-15 21:00:00,-39.989,8.712,0.0,948132.42
2026-08-15 22:00:00,-46.409,1.537,0.1593,948242.88
2026-08-15 23:00:00,-56.49,0.873,0.4511,948387.44
2026-08-16 00:00:00,-76.262,0.0,0.7746,948781.13
2026-08-16 01:00:00,-76.342,12.23,0.9139,948478.52
2026-08-16 02:00:00,-85.569,6.525,1.1116,947956.31
2026-08-16 03:00:00,-92.147,0.0,1.2813,947765.05
2026-08-16 04:00:00,-93.733,0.0,1.509,947502.32
2026-08-16 05:00:00,-103.698,0.0,1.7496,947545.12
2026-08-16 06:00:00,-100.562,0.729,1.7117,948556.97
2026-08-16 07:00:00,-93.008,0.0,1.393,949352.75
2026-08-16 08:00:00,-93.371,9.391,1.4555,950265.36
2026-08-16 09:00:00,-73.838,186.276,0.9486,950436.18
2026-08-16 10:00:00,-57.289,332.697,0.6636,951517.59
2026-08-16 11:00:00,-45.181,471.959,0.346,951220.36
2026-08-16 12:00:00,-32.291,582.672,0.0508,951025.87
2026-08-16 13:00:00,-21.336,652.608,0.0,951241.08
2026-08-16 14:00:00,-11.7,692.206,0.0,950313.1
2026-08-16 15:00:00,-5.171,670.592,0.0,951115.52
2026-08-16 16:00:00,1.102,610.7,0.0,951632.45
2026-08-16 17:00:00,-4.745,505.928,0.0,951211.8
2026-08-16 18:00:00,0.533,374.344,0.0,951301.12
2026-08-16 19:00:00,-13.008,212.786,0.0,950394.1
2026-08-16 20:00:00,-18.823,54.024,0.0,951129.3
2026-08-16 21:00:00,-28.995,2.455,0.0,950920.33
2026-08-16 22:00:00,-42.975,6.43,0.0929,951916.1
2026-08-16 23:00:00,-46.159,0.0,0.1522,951942.31
2026-08-17 00:00:00,-57.506,0.0,0.555,952276.56
2026-08-17 01:00:00,-75.818,0.85,1.0036,951493.1
2026-08-17 02:00:00,-80.856,4.459,1.0774,952273.75
2026-08-17 03:00:00,-87.498,0.0,1.2719,953003.18
2026-08-17 04:00:00,-100.002,3.68,1.7401,953322.76
2026-08-17 05:00:00,-103.278,0.0,1.9245,954367.24
2026-08-17 06:00:00,-99.865,0.0,1.8745,953995.9
2026-08-17 07:00:00,-98.86,0.0,1.6369,953588.44
2026-08-17 08:00:00,-92.73,0.0,1.6706,953802.69
2026-08-17 09:00:00,-84.576,73.475,1.478,953589.16
2026-08-17 10:00:00,-67.614,243.592,1.1076,953395.08
2026-08-17 11:00:00,-56.138,390.779,0.7411,953639.23
2026-08-17 12:00:00,-36.259,527.47,0.1157,953966.4
2026-08-17 13:00:00,-26.479,612.671,0.0,954270.08
2026-08-17 14:00:00,-13.519,673.3,0.0,954074.06
2026-08-17 15:00:00,-12.355,678.755,0.0,954608.99
2026-08-17 16:00:00,-3.623,646.943,0.0,954526.92
2026-08-17 17:00:00,0.475,572.697,0.0,954213.17
2026-08-17 18:00:00,-0.274,455.158,0.0,954404.15
2026-08-17 19:00:00,-8.602,331.224,0.0,954010.96
2026-08-17 20:00:00,-16.516,159.947,0.0,953212.81
2026-08-17 21:00:00,-26.556,0.0,0.0,954170.49
2026-08-17 22:00:00,-33.965,0.0,0.0,953919.31
2026-08-17 23:00:00,-35.853,0.0,0.0,953544.81
2026-08-18 00:00:00,-52.087,8.817,0.2449,953833.7
2026-08-18 01:00:00,-63.436,10.469,0.6334,954634.55
2026-08-18 02:00:00,-77.578,0.0,0.9138,954337.34
2026-08-18 03:00:00,-86.421,0.0,1.3019,954032.48
2026-08-18 04:00:00,-90.445,0.0,1.4789,953794.53
2026-08-18 05:00:00,-91.194,4.942,1.5264,954285.61
2026-08-18 06:00:00,-96.832,1.433,1.5561,954246.03
2026-08-18 07:00:00,-96.409,0.0,1.6591,954867.13
2026-08-18 08:00:00,-94.894,0.363,1.7499,954928.15
2026-08-18 09:00:00,-93.165,0.0,1.4083,955490.04
2026-08-18 10:00:00,-75.29,132.762,1.0911,955288.98
2026-08-18 11:00:00,-63.628,292.304,0.6956,955871.37
2026-08-18 12:00:00,-47.898,439.09,0.3602,955334.13
2026-08-18 13:00:00,-35.752,540.434,0.0,954698.05
2026-08-18 14:00:00,-26.255,635.7,0.0,953857.53
2026-08-18 15:00:00,-12.091,687.642,0.0,952965.89
2026-08-18 16:00:00,-8.968,681.319,0.0,953026.64
2026-08-18 17:00:00,-0.544,619.351,0.0,953401.62
2026-08-18 18:00:00,0.365,540.335,0.0,953630.38
2026-08-18 19:00:00,2.177,414.224,0.0,953529.82
2026-08-18 20:00:00,-9.768,279.991,0.0,952871.59
2026-08-18 21:00:00,-19.93,106.344,0.0,952088.93
2026-08-18 22:00:00,-26.677,0.0,0.0,951802.97
2026-08-18 23:00:00,-32.877,0.171,0.0,952132.94
2026-08-19 00:00:00,-52.893,0.0,0.2921,951417.31
2026-08-19 01:00:00,-52.334,0.0,0.3109,951270.81
2026-08-19 02:00:00,-66.869,0.182,0.5428,951277.4
2026-08-19 03:00:00,-79.787,4.228,1.094,950968.7
2026-08-19 04:00:00,-85.73,0.0,1.2665,951054.04
2026-08-19 05:00:00,-93.216,0.0,1.5082,951017.66
2026-08-19 06:00:00,-98.666,5.048,1.6292,951495.3
2026-08-19 07:00:00,-101.867,0.0,1.6941,951038.18
2026-08-19 08:00:00,-92.746,1.146,1.5064,950466.14
2026-08-19 09:00:00,-92.776,0.33,1.5361,950883.29
2026-08-19 10:00:00,-85.64,19.38,1.4112,950921.65
2026-08-19 11:00:00,-69.379,180.968,0.8428,950441.33
2026-08-19 12:00:00,-58.612,340.803,0.5998,950379.42
2026-08-19 13:00:00,-49.539,483.407,0.3241,950812.4
2026-08-19 14:00:00,-30.425,579.026,0.0,951379.66
2026-08-19 15:00:00,-16.194,653.258,0.0,950971.6
2026-08-19 16:00:00,-9.434,678.533,0.0,951675.54
2026-08-19 17:00:00,-6.667,662.606,0.0,951089.92
2026-08-19 18:00:00,-5.38,607.204,0.0,951593.77
2026-08-19 19:00:00,-3.807,506.466,0.0,951682.59
2026-08-19 20:00:00,-4.832,368.168,0.0,951865.14
2026-08-19 21:00:00,-7.355,216.805,0.0,952459.63
2026-08-19 22:00:00,-23.687,53.839,0.0,951973.99
2026-08-19 23:00:00,-33.496,0.0,0.0,951275.8
2026-08-20 00:00:00,-37.49,0.726,0.0,951813.23
2026-08-20 01:00:00,-52.371,0.0,0.0,950928.87
2026-08-20 02:00:00,-56.682,0.0,0.3185,951146.95
2026-08-20 03:00:00,-72.446,0.0,0.6494,951488.83
2026-08-20 04:00:00,-78.089,7.054,0.8761,951397.34
2026-08-20 05:00:00,-88.228,0.0,1.0948,951448.48
2026-08-20 06:00:00,-92.452,5.13,1.2312,951740.54
2026-08-20 07:00:00,-98.141,0.0,1.3883,951804.66
2026-08-20 08:00:00,-98.517,0.0,1.4202,951774.29
2026-08-20 09:00:00,-94.085,6.066,1.2854,951225.74
2026-08-20 10:00:00,-88.437,4.969,1.1484,950545.4
2026-08-20 11:00:00,-80.701,70.738,0.7494,950529.92
2026-08-20 12:00:00,-74.444,241.896,0.663,949716.13
2026-08-20 13:00:00,-54.461,389.66,0.1637,950231.33
2026-08-20 14:00:00,-43.429,518.811,0.0,949918.29
2026-08-20 15:00:00,-29.868,609.786,0.0,949901.85
2026-08-20 16:00:00,-15.489,672.262,0.0,950119.81
2026-08-20 17:00:00,-3.39,675.805,0.0,949335.53
2026-08-20 18:00:00,-3.336,654.367,0.0,949617.39
2026-08-20 19:00:00,5.367,571.262,0.0,949990.79
2026-08-20 20:00:00,-5.218,461.861,0.0,950649.97
2026-08-20 21:00:00,-3.732,324.661,0.0,950568.32
2026-08-20 22:00:00,-13.933,159.386,0.0,949709.22
2026-08-20 23:00:00,-24.951,0.0,0.0,949447.94
2026-08-21 00:00:00,-29.54,0.0,0.0,950573.34
2026-08-21 01:00:00,-45.387,4.469,0.0,951292.89
2026-08-21 02:00:00,-50.924,0.0,0.2664,951912.61
2026-08-21 03:00:00,-66.79,0.0,0.5526,950800.08
2026-08-21 04:00:00,-78.425,0.051,0.8872,951378.34
2026-08-21 05:00:00,-88.948,4.323,1.1683,951125.23
2026-08-21 06:00:00,-86.817,0.0,1.1986,952009.94
2026-08-21 07:00:00,-92.516,9.041,1.3004,951398.38
2026-08-21 08:00:00,-100.104,0.0,1.4842,951605.96
2026-08-21 09:00:00,-96.733,0.0,1.444,951784.15
2026-08-21 10:00:00,-94.267,0.0,1.3056,952041.65
2026-08-21 11:00:00,-90.464,0.0,1.1396,951340.12
2026-08-21 12:00:00,-77.122,34.095,0.8114,951989.54
2026-08-21 13:00:00,-70.53,87.032,0.8527,951644.09
2026-08-21 14:00:00,-62.799,139.977,0.4664,950802.42
2026-08-21 15:00:00,-43.891,170.071,0.0401,951425.41
2026-08-21 16:00:00,-33.727,192.757,0.0,951377.96
2026-08-21 17:00:00,-25.798,213.654,0.0,950844.84
2026-08-21 18:00:00,-18.736,214.217,0.0,952077.34
2026-08-21 19:00:00,-15.865,198.347,0.0,951772.38
2026-08-21 20:00:00,-10.576,161.013,0.0,951984.69
2026-08-21 21:00:00,-12.759,125.341,0.0,952599.26
2026-08-21 22:00:00,-10.716,91.174,0.0,952133.68
2026-08-21 23:00:00,-17.993,32.3,0.0,952246.82
2026-08-22 00:00:00,-29.153,0.0,0.0,952008.97
2026-08-22 01:00:00,-34.91,3.592,0.0,951933.95
2026-08-22 02:00:00,-46.518,5.036,0.0,952835.57
2026-08-22 03:00:00,-57.329,0.0,0.2393,952717.35
2026-08-22 04:00:00,-67.095,1.097,0.4256,952175.96
2026-08-22 05:00:00,-71.084,4.633,0.5055,952570.22
2026-08-22 06:00:00,-83.183,0.0,0.9603,952935.92
2026-08-22 07:00:00,-91.914,0.062,1.1228,953329.92
2026-08-22 08:00:00,-91.782,0.0,1.015,952674.29
2026-08-22 09:00:00,-93.806,0.0,1.2732,952568.82
2026-08-22 10:00:00,-93.523,0.0,1.1994,953120.82
2026-08-22 11:00:00,-91.404,2.386,1.0927,953057.3
2026-08-22 12:00:00,-84.708,12.791,0.9221,952461.43
2026-08-22 13:00:00,-74.134,181.941,0.8008,952594.49
2026-08-22 14:00:00,-56.574,344.254,0.3403,952462.27
2026-08-22 15:00:00,-45.231,474.853,0.0,952371.77
2026-08-22 16:00:00,-31.615,588.285,0.0,952101.65
2026-08-22 17:00:00,-16.456,659.497,0.0,952220.04
2026-08-22 18:00:00,-4.12,678.922,0.0,951865.31
2026-08-22 19:00:00,-2.044,659.919,0.0,951879.97
2026-08-22 20:00:00,-0.608,601.739,0.0,951352.52
2026-08-22 21:00:00,-1.466,489.94,0.0,952099.88
2026-08-22 22:00:00,-1.729,370.695,0.0,950812.95
2026-08-22 23:00:00,-10.618,227.694,0.0,950895.15
2026-08-23 00:00:00,-21.784,42.056,0.0,952008.38
2026-08-23 01:00:00,-30.061,0.0,0.0,952662.09
2026-08-23 02:00:00,-44.46,3.718,0.0,953302.28
2026-08-23 03:00:00,-49.343,8.227,0.0,953019.2
2026-08-23 04:00:00,-63.88,4.875,0.1938,952639.44
2026-08-23 05:00:00,-69.99,0.0,0.3757,951733.9
2026-08-23 06:00:00,-83.039,2.817,0.7697,952379.91
2026-08-23 07:00:00,-85.833,12.86,0.7854,952912.43
2026-08-23 08:00:00,-93.455,3.112,1.1303,953508.7
2026-08-23 09:00:00,-99.52,0.0,1.3044,952939.41
2026-08-23 10:00:00,-96.83,1.409,1.1871,952629.91
2026-08-23 11:00:00,-87.118,0.0,1.1061,952077.98
2026-08-23 12:00:00,-95.384,6.164,1.2998,951344.61
2026-08-23 13:00:00,-79.557,68.348,0.9281,950388.02
2026-08-23 14:00:00,-69.515,241.287,0.5608,950263.43
2026-08-23 15:00:00,-48.814,388.849,0.1555,949984.76
2026-08-23 16:00:00,-36.667,517.233,0.0,949970.97
2026-08-23 17:00:00,-25.248,620.643,0.0,950100.84
2026-08-23 18:00:00,-11.862,667.375,0.0,949728.77
2026-08-23 19:00:00,-5.787,674.647,0.0,950628.52
2026-08-23 20:00:00,-0.921,638.56,0.0,949946.76
2026-08-23 21:00:00,-1.207,560.172,0.0,950781.34
2026-08-23 22:00:00,-2.752,451.75,0.0,950282.24
2026-08-23 23:00:00,-8.176,317.477,0.0,949551.87
2026-08-24 00:00:00,-14.498,160.275,0.0,949298.73
2026-08-24 01:00:00,-30.677,0.0,0.0,948536.98
2026-08-24 02:00:00,-30.296,7.853,0.0,948593.35
2026-08-24 03:00:00,-37.501,0.0,0.0,947783.12
2026-08-24 04:00:00,-55.169,0.0,0.2935,947983.37
2026-08-24 05:00:00,-60.746,0.0,0.4463,947425.59
2026-08-24 06:00:00,-75.125,4.954,0.8778,947135.61
2026-08-24 07:00:00,-85.175,10.488,1.063,946573.52
2026-08-24 08:00:00,-91.659,0.0,1.2572,945899.09
2026-08-24 09:00:00,-95.394,0.0,1.3471,945666.66
2026-08-24 10:00:00,-100.222,6.324,1.4074,945341.79
2026-08-24 11:00:00,-95.896,0.0,1.458,945698.49
2026-08-24 12:00:00,-95.902,2.833,1.6254,945174.43
2026-08-24 13:00:00,-91.726,6.107,1.3208,945167.68
2026-08-24 14:00:00,-77.787,131.598,0.8334,945336.71
2026-08-24 15:00:00,-66.452,297.497,0.6909,944986.81
2026-08-24 16:00:00,-51.33,448.047,0.1631,945838.9
2026-08-24 17:00:00,-36.777,565.111,0.0,946329.69
2026-08-24 18:00:00,-28.126,635.318,0.0,946849.55
2026-08-24 19:00:00,-10.325,672.178,0.0,947303.69
2026-08-24 20:00:00,-4.575,665.877,0.0,948137.51
2026-08-24 21:00:00,-4.408,627.707,0.0,948164.12
2026-08-24 22:00:00,-1.881,528.097,0.0,948169.75
2026-08-24 23:00:00,-2.103,411.292,0.0,947625.34
2026-08-25 00:00:00,-9.717,264.037,0.0,947222.91
2026-08-25 01:00:00,-13.526,94.972,0.0,947307.41
2026-08-25 02:00:00,-29.814,1.399,0.0,947594.85
2026-08-25 03:00:00,-34.109,12.823,0.0,947660.18
2026-08-25 04:00:00,-52.178,0.0,0.1313,947265.89
2026-08-25 05:00:00,-62.321,0.0,0.2597,947212.59
2026-08-25 06:00:00,-64.409,5.077,0.4386,947283.77
2026-08-25 07:00:00,-80.327,1.198,0.9485,948186.41
2026-08-25 08:00:00,-89.997,7.197,1.1835,947887.5
2026-08-25 09:00:00,-93.328,0.823,1.25,947843.21
2026-08-25 10:00:00,-93.144,0.0,1.3734,949565.76
2026-08-25 11:00:00,-100.089,0.0,1.5253,949182.96
2026-08-25 12:00:00,-96.484,0.0,1.3724,949229.68
2026-08-25 13:00:00,-97.288,0.0,1.3788,949032.27
2026-08-25 14:00:00,-86.288,19.872,1.1374,948846.34
2026-08-25 15:00:00,-69.467,181.394,0.5755,948205.75
2026-08-25 16:00:00,-61.07,352.549,0.5669,948593.55
2026-08-25 17:00:00,-48.682,482.119,0.0747,948869.91
2026-08-25 18:00:00,-33.978,585.315,0.0,949200.79
2026-08-25 19:00:00,-21.644,649.007,0.0,948432.18
2026-08-25 20:00:00,-8.192,680.845,0.0,948691.73
2026-08-25 21:00:00,-3.312,654.457,0.0,948989.39
2026-08-25 22:00:00,0.527,591.783,0.0,950129.31
2026-08-25 23:00:00,-0.763,502.357,0.0,950237.8
2026-08-26 00:00:00,-6.524,365.849,0.0,950656.0
2026-08-26 01:00:00,-13.608,207.062,0.0,951434.75
2026-08-26 02:00:00,-19.663,42.17,0.0,952379.07
2026-08-26 03:00:00,-24.9,0.045,0.0,952268.73
2026-08-26 04:00:00,-41.618,1.915,0.0,951936.0
2026-08-26 05:00:00,-51.761,0.0,0.0549,952158.18
2026-08-26 06:00:00,-62.112,10.352,0.3849,952002.64
2026-08-26 07:00:00,-67.153,0.0,0.6382,950939.44
2026-08-26 08:00:00,-78.542,7.78,1.0476,950898.34
2026-08-26 09:00:00,-84.447,0.0,1.1308,951096.18
2026-08-26 10:00:00,-93.061,4.035,1.3412,951637.86
2026-08-26 11:00:00,-93.277,3.671,1.3861,951387.85
2026-08-26 12:00:00,-96.757,5.734,1.4768,950519.46
2026-08-26 13:00:00,-98.368,0.0,1.6474,950985.63
2026-08-26 14:00:00,-86.369,5.378,1.4075,950558.89
2026-08-26 15:00:00,-80.156,85.765,1.1465,950950.97
2026-08-26 16:00:00,-67.856,242.399,0.7874,951781.68
2026-08-26 17:00:00,-52.332,395.279,0.5345,951140.18
2026-08-26 18:00:00,-43.746,518.38,0.1103,950669.28
2026-08-26 19:00:00,-25.677,611.509,0.0,949996.33
2026-08-26 20:00:00,-17.424,674.44,0.0,950174.71
2026-08-26 21:00:00,-7.838,670.504,0.0,950128.14
2026-08-26 22:00:00,0.902,636.84,0.0,949313.05
2026-08-26 23:00:00,1.391,574.208,0.0,949746.78
2026-08-27 00:00:00,-3.254,457.329,0.0,948906.15
2026-08-27 01:00:00,-7.724,323.542,0.0,949653.32
2026-08-27 02:00:00,-23.546,149.225,0.0,949492.03
2026-08-27 03:00:00,-28.549,0.631,0.0,949196.55
2026-08-27 04:00:00,-34.051,0.0,0.0,949689.74
2026-08-27 05:00:00,-46.5,0.717,0.0,951048.62
2026-08-27 06:00:00,-58.617,0.0,0.2361,952041.57
2026-08-27 07:00:00,-63.882,3.425,0.5351,952361.64
2026-08-27 08:00:00,-71.643,1.617,0.826,952620.96
2026-08-27 09:00:00,-86.489,0.0,1.2122,952337.16
2026-08-27 10:00:00,-88.637,0.0,1.4042,951630.2
2026-08-27 11:00:00,-92.96,0.0,1.3111,951644.12
2026-08-27 12:00:00,-100.139,3.639,1.5021,951219.85
2026-08-27 13:00:00,-98.704,0.0,1.5237,951672.29
2026-08-27 14:00:00,-87.545,2.559,1.2232,951879.93
2026-08-27 15:00:00,-89.835,10.372,1.3052,951922.78
2026-08-27 16:00:00,-77.455,141.842,1.044,952006.67
2026-08-27 17:00:00,-56.138,289.727,0.4222,951774.79
2026-08-27 18:00:00,-49.701,438.202,0.3141,951485.43
2026-08-27 19:00:00,-29.39,558.15,0.0,951296.92
2026-08-27 20:00:00,-24.208,634.937,0.0,951827.97
2026-08-27 21:00:00,-11.172,666.513,0.0,951455.52
2026-08-27 22:00:00,-0.76,670.168,0.0,950801.65
2026-08-27 23:00:00,-0.809,619.775,0.0,950908.97
2026-08-28 00:00:00,1.854,540.964,0.0,950433.89
2026-08-28 01:00:00,0.649,407.388,0.0,950449.97
2026-08-28 02:00:00,-10.064,265.379,0.0,950564.28
2026-08-28 03:00:00,-10.225,87.34,0.0,949943.63
2026-08-28 04:00:00,-23.32,0.0,0.0,949417.31
2026-08-28 05:00:00,-36.722,3.608,0.0,949200.58
2026-08-28 06:00:00,-45.847,5.419,0.0,949826.48
2026-08-28 07:00:00,-50.637,0.0,0.2263,949845.55
2026-08-28 08:00:00,-67.862,0.12,0.7767,949541.24
2026-08-28 09:00:00,-77.689,0.0,0.8523,949553.31
2026-08-28 10:00:00,-81.011,0.0,0.985,949616.71
2026-08-28 11:00:00,-95.159,4.185,1.4561,949262.04
2026-08-28 12:00:00,-95.419,0.0,1.5479,949425.65
2026-08-28 13:00:00,-95.877,0.0,1.4689,948677.68
2026-08-28 14:00:00,-96.933,0.0,1.2721,949688.11
2026-08-28 15:00:00,-96.05,0.0,1.4358,949501.3
2026-08-28 16:00:00,-83.71,30.32,0.9973,949974.36
2026-08-28 17:00:00,-69.669,191.55,0.7933,950532.37
2026-08-28 18:00:00,-59.919,343.473,0.4615,950179.83
2026-08-28 19:00:00,-47.468,481.698,0.0,949631.98
2026-08-28 20:00:00,-27.195,578.859,0.0,950605.74
2026-08-28 21:00:00,-17.649,647.45,0.0,950064.39
2026-08-28 22:00:00,-11.111,682.861,0.0,950408.66
2026-08-28 23:00:00,-1.351,655.232,0.0,950313.81
2026-08-29 00:00:00,-0.171,602.931,0.0,949797.16
2026-08-29 01:00:00,3.343,492.218,0.0,950386.37
2026-08-29 02:00:00,-3.75,359.928,0.0,949835.08
2026-08-29 03:00:00,-17.158,207.483,0.0,949187.01
2026-08-29 04:00:00,-25.883,21.907,0.0,949826.33
2026-08-29 05:00:00,-34.292,1.025,0.0,949795.47
2026-08-29 06:00:00,-40.916,0.0,0.0,949820.38
2026-08-29 07:00:00,-53.076,7.43,0.0914,950752.05
2026-08-29 08:00:00,-66.104,4.823,0.4555,950809.64
2026-08-29 09:00:00,-71.103,0.0,0.6368,951102.96
2026-08-29 10:00:00,-78.038,6.211,0.8218,949730.09
2026-08-29 11:00:00,-88.614,0.0,1.1116,949146.83
2026-08-29 12:00:00,-93.622,0.0,1.1696,948787.56
2026-08-29 13:00:00,-100.122,0.986,1.3215,947308.02
2026-08-29 14:00:00,-99.087,0.0,1.2704,947124.79
2026-08-29 15:00:00,-96.057,7.692,1.2869,946864.0
2026-08-29 16:00:00,-88.366,1.703,1.1316,947223.06
2026-08-29 17:00:00,-80.217,80.938,0.9709,946723.27
2026-08-29 18:00:00,-69.152,250.923,0.4153,947408.66
2026-08-29 19:00:00,-55.515,402.471,0.3048,947946.35
2026-08-29 20:00:00,-46.734,525.868,0.0,947790.86
2026-08-29 21:00:00,-23.25,620.279,0.0,946944.28
2026-08-29 22:00:00,-23.892,667.86,0.0,946593.34
2026-08-29 23:00:00,-7.677,674.359,0.0,947016.44
2026-08-30 00:00:00,-3.22,644.932,0.0,946631.49
2026-08-30 01:00:00,-2.927,562.258,0.0,946930.42
2026-08-30 02:00:00,-3.794,450.527,0.0,947162.71
2026-08-30 03:00:00,-11.198,317.546,0.0,947251.78
2026-08-30 04:00:00,-14.993,155.688,0.0,947333.4
2026-08-30 05:00:00,-30.729,0.0,0.0,946511.74
2026-08-30 06:00:00,-34.255,0.0,0.0,946739.04
2026-08-30 07:00:00,-47.182,7.316,0.0,947750.76
2026-08-30 08:00:00,-57.267,4.002,0.2208,947473.38
2026-08-30 09:00:00,-67.973,1.578,0.4689,948225.46
2026-08-30 10:00:00,-77.275,0.0,0.7941,948253.78
2026-08-30 11:00:00,-83.4,1.658,0.7123,947464.56
2026-08-30 12:00:00,-91.536,0.0,1.0777,948093.94
2026-08-30 13:00:00,-92.827,0.0,1.1366,948528.15
2026-08-30 14:00:00,-94.378,0.645,1.275,949306.07
2026-08-30 15:00:00,-96.231,1.327,1.2385,950041.18
2026-08-30 16:00:00,-92.003,0.0,1.147,950011.79
2026-08-30 17:00:00,-81.987,4.519,0.9263,950272.24
2026-08-30 18:00:00,-81.314,144.03,0.7779,950024.69
2026-08-30 19:00:00,-60.242,304.553,0.2436,950153.91
2026-08-30 20:00:00,-44.713,441.077,0.0,950604.42
2026-08-30 21:00:00,-34.172,560.413,0.0,949830.38
2026-08-30 22:00:00,-17.429,635.251,0.0,949906.35
2026-08-30 23:00:00,-8.501,665.911,0.0,949718.3
2026-08-31 00:00:00,-6.735,669.285,0.0,950359.77
2026-08-31 01:00:00,-2.962,617.486,0.0,950711.69
2026-08-31 02:00:00,0.335,540.739,0.0,951064.11
2026-08-31 03:00:00,-5.92,412.002,0.0,951356.22
2026-08-31 04:00:00,-2.098,259.093,0.0,952308.91
2026-08-31 05:00:00,-17.534,91.116,0.0,952074.89
2026-08-31 06:00:00,-29.625,0.819,0.0,952086.22
2026-08-31 07:00:00,-42.87,0.0,0.0,951578.04
2026-08-31 08:00:00,-47.818,0.0,0.0785,951064.72
2026-08-31 09:00:00,-63.137,0.0,0.3562,951443.44
2026-08-31 10:00:00,-67.59,0.0,0.3884,951238.96
2026-08-31 11:00:00,-87.474,0.0,1.019,951184.98
2026-08-31 12:00:00,-83.675,0.0,0.9864,951444.4
2026-08-31 13:00:00,-95.483,0.0,1.3741,951197.13
2026-08-31 14:00:00,-102.925,0.0,1.5053,951364.93
2026-08-31 15:00:00,-98.957,0.0,1.4736,951216.34
2026-08-31 16:00:00,-96.768,0.0,1.488,951140.43
2026-08-31 17:00:00,-92.429,8.619,1.4147,950729.49
2026-08-31 18:00:00,-81.202,28.373,1.1824,949731.63
2026-08-31 19:00:00,-71.478,191.322,1.0033,949813.86
2026-08-31 20:00:00,-55.632,350.296,0.5536,949469.71
2026-08-31 21:00:00,-44.567,484.359,0.0432,949509.27
2026-08-31 22:00:00,-29.462,583.23,0.0,949893.61
2026-08-31 23:00:00,-23.362,647.881,0.0,949834.7
2026-09-01 00:00:00,-9.391,679.35,0.0,949821.84
2026-09-01 01:00:00,-6.049,651.23,0.0,949140.25
2026-09-01 02:00:00,2.776,584.704,0.0,949127.46
2026-09-01 03:00:00,-1.367,488.708,0.0,948452.14
2026-09-01 04:00:00,-3.122,356.699,0.0,947647.17
2026-09-01 05:00:00,-11.815,190.447,0.0,948433.37
2026-09-01 06:00:00,-17.364,31.387,0.0,948519.12
2026-09-01 07:00:00,-35.262,4.34,0.0,947937.63
2026-09-01 08:00:00,-39.804,2.256,0.0,948046.72
2026-09-01 09:00:00,-52.341,11.149,0.1618,948252.03
2026-09-01 10:00:00,-65.954,6.256,0.4492,948197.37
2026-09-01 11:00:00,-73.203,7.245,0.6361,948043.47
2026-09-01 12:00:00,-75.36,14.0,0.7462,948188.92
2026-09-01 13:00:00,-86.872,3.791,1.1406,947654.75
2026-09-01 14:00:00,-93.331,0.815,1.3829,947889.7
2026-09-01 15:00:00,-92.174,4.869,1.2964,947949.54
2026-09-01 16:00:00,-94.923,0.0,1.2615,948205.87
2026-09-01 17:00:00,-90.77,0.538,1.3631,948357.63
2026-09-01 18:00:00,-86.485,0.0,1.1823,948925.77
2026-09-01 19:00:00,-76.243,85.248,0.8868,949333.69
2026-09-01 20:00:00,-66.235,245.839,0.6615,948951.53
2026-09-01 21:00:00,-47.881,395.407,0.2526,949253.54
2026-09-01 22:00:00,-40.726,524.89,0.0,949221.4
2026-09-01 23:00:00,-24.54,612.348,0.0,949064.93
2026-09-02 00:00:00,-10.368,654.023,0.0,950140.55
2026-09-02 01:00:00,-5.799,664.152,0.0,950221.86
2026-09-02 02:00:00,-1.86,630.11,0.0,949960.29
2026-09-02 03:00:00,8.804,554.794,0.0,950360.71
2026-09-02 04:00:00,4.755,448.543,0.0,950491.7
2026-09-02 05:00:00,-4.249,306.009,0.0,950570.41
2026-09-02 06:00:00,-16.016,149.006,0.0,950746.11
2026-09-02 07:00:00,-29.803,3.764,0.0,950620.44
2026-09-02 08:00:00,-29.738,5.36,0.0,951704.21
2026-09-02 09:00:00,-38.044,3.042,0.0,950789.43
2026-09-02 10:00:00,-51.066,1.048,0.0,950481.74
2026-09-02 11:00:00,-68.364,5.497,0.4779,950146.57
2026-09-02 12:00:00,-72.19,4.597,0.4507,949779.42
2026-09-02 13:00:00,-82.558,1.88,0.8567,949762.85
2026-09-02 14:00:00,-87.355,6.355,1.0051,950596.07
2026-09-02 15:00:00,-86.538,0.0,1.2214,950797.86
2026-09-02 16:00:00,-91.693,0.0,1.126,951057.77
2026-09-02 17:00:00,-92.049,0.0,1.0987,951368.42
2026-09-02 18:00:00,-89.765,5.763,1.2729,951758.99
2026-09-02 19:00:00,-82.319,7.857,1.0048,951432.86
2026-09-02 20:00:00,-76.64,65.378,0.8263,950963.41
2026-09-02 21:00:00,-61.301,162.975,0.3887,951582.56
2026-09-02 22:00:00,-51.304,223.279,0.0254,951667.48
2026-09-02 23:00:00,-41.007,281.846,0.0,951834.39
2026-09-03 00:00:00,-24.598,326.226,0.0,951943.88
2026-09-03 01:00:00,-24.144,344.51,0.0,952491.15
2026-09-03 02:00:00,-12.232,334.663,0.0,952751.52
2026-09-03 03:00:00,-3.656,319.948,0.0,952443.87
2026-09-03 04:00:00,-0.257,273.892,0.0,952983.71
2026-09-03 05:00:00,-3.968,212.1,0.0,953138.44
2026-09-03 06:00:00,-11.271,127.647,0.0,952885.15
2026-09-03 07:00:00,-16.321,44.226,0.0,952571.35
2026-09-03 08:00:00,-23.41,0.0,0.0,951884.27
2026-09-03 09:00:00,-27.504,8.44,0.0,951503.84
2026-09-03 10:00:00,-39.724,0.0,0.0,951541.37
2026-09-03 11:00:00,-50.371,0.0,0.0,951752.38
2026-09-03 12:00:00,-63.706,0.028,0.3471,951378.0
2026-09-03 13:00:00,-76.905,0.0,0.3928,951541.94
2026-09-03 14:00:00,-86.759,0.0,1.0462,951460.29
2026-09-03 15:00:00,-89.272,0.0,1.0454,952423.76
2026-09-03 16:00:00,-90.412,0.0,1.1258,952740.29
2026-09-03 17:00:00,-94.739,0.322,1.0326,952848.02
2026-09-03 18:00:00,-89.801,3.141,1.0055,952575.12
2026-09-03 19:00:00,-89.674,0.0,1.0001,952425.42
2026-09-03 20:00:00,-81.983,26.307,0.7441,952040.67
2026-09-03 21:00:00,-62.624,196.189,0.3158,951703.9
2026-09-03 22:00:00,-50.389,352.691,0.0,951414.22
2026-09-03 23:00:00,-39.987,476.951,0.0,950678.16
2026-09-04 00:00:00,-28.506,589.517,0.0,950070.99
2026-09-04 01:00:00,-11.466,648.588,0.0,949683.15
2026-09-04 02:00:00,-2.672,678.757,0.0,950385.14
2026-09-04 03:00:00,2.19,653.589,0.0,951230.81
2026-09-04 04:00:00,2.85,592.661,0.0,951076.91
2026-09-04 05:00:00,-0.417,480.048,0.0,950578.47
2026-09-04 06:00:00,-1.406,350.225,0.0,950537.73
2026-09-04 07:00:00,-4.495,190.124,0.0,951394.25
2026-09-04 08:00:00,-21.664,24.4,0.0,951317.8
2026-09-04 09:00:00,-26.974,6.261,0.0,951643.0
2026-09-04 10:00:00,-31.318,7.437,0.0,951524.38
2026-09-04 11:00:00,-47.87,0.0,0.0,951777.49
2026-09-04 12:00:00,-58.405,0.0,0.0072,952482.09
2026-09-04 13:00:00,-72.85,0.0,0.4751,951340.85
2026-09-04 14:00:00,-75.694,2.928,0.5038,951276.79
2026-09-04 15:00:00,-87.739,0.0,0.978,950871.26
2026-09-04 16:00:00,-95.36,0.0,1.253,950980.42
2026-09-04 17:00:00,-96.027,2.448,1.1981,951233.15
2026-09-04 18:00:00,-92.898,0.0,1.3065,950880.05
2026-09-04 19:00:00,-95.746,0.0,1.2221,951085.87
2026-09-04 20:00:00,-89.691,0.81,1.0872,952001.12
2026-09-04 21:00:00,-74.652,88.655,0.8086,952011.06
2026-09-04 22:00:00,-63.789,251.018,0.5178,951387.17
2026-09-04 23:00:00,-52.542,398.782,0.1985,951357.47
2026-09-05 00:00:00,-36.449,527.839,0.0,951850.31
2026-09-05 01:00:00,-17.119,614.23,0.0,951108.63
2026-09-05 02:00:00,-7.863,659.182,0.0,951505.46
2026-09-05 03:00:00,-3.987,669.444,0.0,951296.27
2026-09-05 04:00:00,4.31,634.797,0.0,950471.58
2026-09-05 05:00:00,3.479,564.237,0.0,950808.39
2026-09-05 06:00:00,-4.099,446.471,0.0,950926.3
2026-09-05 07:00:00,-9.886,306.941,0.0,949904.75
2026-09-05 08:00:00,-14.901,136.728,0.0,949473.93
2026-09-05 09:00:00,-26.501,0.0,0.0,950278.85
2026-09-05 10:00:00,-29.858,0.0,0.0,950471.85
2026-09-05 11:00:00,-42.167,0.0,0.0,950860.62
2026-09-05 12:00:00,-50.047,0.0,0.0865,950637.39
2026-09-05 13:00:00,-60.568,6.33,0.3319,950551.3
2026-09-05 14:00:00,-69.608,4.417,0.5154,950305.35
2026-09-05 15:00:00,-83.351,0.0,0.9847,950331.46
2026-09-05 16:00:00,-85.652,3.209,0.9889,950027.71
2026-09-05 17:00:00,-94.272,1.114,1.2327,950149.35
2026-09-05 18:00:00,-90.586,3.599,1.1651,950288.64
2026-09-05 19:00:00,-88.246,0.0,1.0594,950592.24
2026-09-05 20:00:00,-86.255,0.0,1.0643,951244.72
2026-09-05 21:00:00,-83.465,0.0,0.7434,951880.58
2026-09-05 22:00:00,-69.072,146.936,0.5442,951661.57
2026-09-05 23:00:00,-61.882,301.296,0.2737,951801.7
2026-09-06 00:00:00,-48.845,432.888,0.1058,951423.8
2026-09-06 01:00:00,-28.533,552.161,0.0,951122.66
2026-09-06 02:00:00,-13.67,633.436,0.0,951448.67
2026-09-06 03:00:00,-11.041,669.307,0.0,951654.66
2026-09-06 04:00:00,0.401,669.455,0.0,951351.46
2026-09-06 05:00:00,6.044,613.318,0.0,951495.13
2026-09-06 06:00:00,3.348,520.77,0.0,951993.93
2026-09-06 07:00:00,1.688,396.568,0.0,952343.3
2026-09-06 08:00:00,-1.368,253.012,0.0,952253.13
2026-09-06 09:00:00,-12.469,79.333,0.0,951518.86
2026-09-06 10:00:00,-22.433,0.0,0.0,950618.07
2026-09-06 11:00:00,-34.803,0.0,0.0,951063.67
2026-09-06 12:00:00,-41.473,7.095,0.0,950972.93
2026-09-06 13:00:00,-53.7,1.962,0.1717,951093.85
2026-09-06 14:00:00,-64.066,0.0,0.2361,950096.09
2026-09-06 15:00:00,-74.215,0.0,0.7338,949750.06
2026-09-06 16:00:00,-80.389,2.548,0.8983,949853.91
2026-09-06 17:00:00,-89.199,0.0,0.979,949707.28
2026-09-06 18:00:00,-90.531,0.0,1.291,949670.35
2026-09-06 19:00:00,-92.478,0.0,1.3349,949505.65
2026-09-06 20:00:00,-92.704,1.695,1.2456,949058.39
2026-09-06 21:00:00,-92.143,0.0,1.2356,949019.93
2026-09-06 22:00:00,-75.445,29.79,0.8587,949133.86
2026-09-06 23:00:00,-63.14,193.187,0.5287,950405.72
2026-09-07 00:00:00,-53.258,355.146,0.157,950017.64
2026-09-07 01:00:00,-34.71,485.824,0.0,949830.47
2026-09-07 02:00:00,-26.572,585.657,0.0,949763.67
2026-09-07 03:00:00,-12.809,650.867,0.0,948818.91
2026-09-07 04:00:00,-4.422,674.256,0.0,948772.8
2026-09-07 05:00:00,2.614,651.371,0.0,948961.04
2026-09-07 06:00:00,7.928,586.144,0.0,949122.85
2026-09-07 07:00:00,3.538,480.032,0.0,948595.56
2026-09-07 08:00:00,-0.685,345.192,0.0,948859.02
2026-09-07 09:00:00,-4.507,187.137,0.0,948627.89
2026-09-07 10:00:00,-17.133,21.313,0.0,948648.64
2026-09-07 11:00:00,-28.09,0.098,0.0,947844.16
2026-09-07 12:00:00,-34.948,0.0,0.0,948341.46
2026-09-07 13:00:00,-43.3,0.48,0.0,948995.54
2026-09-07 14:00:00,-53.665,0.0,0.0,948693.94
2026-09-07 15:00:00,-70.726,0.0,0.5271,949179.58
2026-09-07 16:00:00,-79.474,4.097,0.7258,949706.73
2026-09-07 17:00:00,-80.444,0.0,0.8779,949187.51
2026-09-07 18:00:00,-89.143,0.0,1.1468,948083.89
2026-09-07 19:00:00,-97.402,0.0,1.264,948108.91
2026-09-07 20:00:00,-93.025,2.115,1.2636,947739.47
2026-09-07 21:00:00,-89.444,6.875,1.0012,947014.24
2026-09-07 22:00:00,-83.989,0.0,0.9605,946815.16
2026-09-07 23:00:00,-71.344,88.786,0.6502,947205.22
2026-09-08 00:00:00,-63.711,259.663,0.4448,947254.85
2026-09-08 01:00:00,-44.366,393.26,0.0,947802.27
2026-09-08 02:00:00,-31.942,534.166,0.0,947449.57
2026-09-08 03:00:00,-24.813,624.707,0.0,946646.25
2026-09-08 04:00:00,-11.66,647.555,0.0,945730.6
2026-09-08 05:00:00,-0.141,666.512,0.0,945049.02
2026-09-08 06:00:00,3.04,626.249,0.0,944835.21
2026-09-08 07:00:00,5.68,550.7,0.0,944888.23
2026-09-08 08:00:00,0.75,436.476,0.0,945561.37
2026-09-08 09:00:00,-0.454,300.862,0.0,945825.24
2026-09-08 10:00:00,-11.483,135.322,0.0,946736.79
2026-09-08 11:00:00,-13.08,0.0,0.0,945562.79
2026-09-08 12:00:00,-33.174,0.0,0.0,945841.89
2026-09-08 13:00:00,-30.196,2.574,0.0,945679.77
2026-09-08 14:00:00,-52.071,0.0,0.0,946937.31
2026-09-08 15:00:00,-56.053,0.0,0.1608,946998.82
2026-09-08 16:00:00,-66.922,9.964,0.4344,947332.81
2026-09-08 17:00:00,-81.245,0.0,0.7116,947426.02
2026-09-08 18:00:00,-82.874,0.0,0.9805,946976.65
2026-09-08 19:00:00,-90.799,0.0,1.163,947003.01
2026-09-08 20:00:00,-90.783,2.74,0.9048,947001.54
2026-09-08 21:00:00,-90.356,8.864,1.0873,946983.07
2026-09-08 22:00:00,-88.273,2.9,1.2024,947663.58
2026-09-08 23:00:00,-82.959,0.0,0.9142,947731.42
2026-09-09 00:00:00,-69.077,139.957,0.7242,949003.56
2026-09-09 01:00:00,-59.016,304.726,0.208,948689.45
2026-09-09 02:00:00,-45.426,445.405,0.0,948761.56
2026-09-09 03:00:00,-26.94,549.306,0.0,949378.47
2026-09-09 04:00:00,-16.03,637.149,0.0,950318.98
2026-09-09 05:00:00,-11.316,661.877,0.0,951402.65
2026-09-09 06:00:00,-3.143,665.941,0.0,950883.34
2026-09-09 07:00:00,-2.558,616.229,0.0,951496.2
2026-09-09 08:00:00,6.617,515.339,0.0,951209.72
2026-09-09 09:00:00,3.168,394.882,0.0,951359.18
2026-09-09 10:00:00,-8.644,237.29,0.0,950834.36
2026-09-09 11:00:00,-12.693,81.623,0.0,950342.08
2026-09-09 12:00:00,-17.978,0.0,0.0,950523.52
2026-09-09 13:00:00,-37.823,0.0,0.0,950145.5
2026-09-09 14:00:00,-45.132,0.0,0.0,949738.78
2026-09-09 15:00:00,-58.507,0.0,0.0776,949805.9
2026-09-09 16:00:00,-60.622,0.0,0.2498,949872.93
2026-09-09 17:00:00,-73.337,4.748,0.5807,950164.51
2026-09-09 18:00:00,-82.473,0.0,0.8857,950115.8
2026-09-09 19:00:00,-86.63,8.675,0.9811,950023.37
2026-09-09 20:00:00,-93.16,0.0,1.2797,948886.41
2026-09-09 21:00:00,-93.592,8.077,1.2822,949196.44
2026-09-09 22:00:00,-89.76,0.0,1.0934,948379.31
2026-09-09 23:00:00,-87.795,0.0,1.0123,948777.27
2026-09-10 00:00:00,-79.774,33.07,0.8729,949422.21
2026-09-10 01:00:00,-66.201,200.955,0.5402,949740.98
2026-09-10 02:00:00,-51.77,360.733,0.2323,949899.73
2026-09-10 03:00:00,-36.647,495.232,0.0,950120.95
2026-09-10 04:00:00,-23.895,593.19,0.0,949660.52
2026-09-10 05:00:00,-19.385,646.793,0.0,949726.49
2026-09-10 06:00:00,-1.067,669.421,0.0,950576.71
2026-09-10 07:00:00,1.491,641.106,0.0,950777.98
2026-09-10 08:00:00,2.337,574.93,0.0,950903.05
2026-09-10 09:00:00,-0.095,471.592,0.0,951173.24
2026-09-10 10:00:00,4.488,341.759,0.0,951717.72
2026-09-10 11:00:00,-1.726,189.621,0.0,952805.28
2026-09-10 12:00:00,-13.894,11.091,0.0,952434.45
2026-09-10 13:00:00,-27.094,0.0,0.0,952261.48
2026-09-10 14:00:00,-35.659,7.58,0.0,951893.13
2026-09-10 15:00:00,-42.373,5.61,0.0,952528.82
2026-09-10 16:00:00,-58.665,0.0,0.1976,951913.9
2026-09-10 17:00:00,-67.034,0.0,0.457,951481.47
2026-09-10 18:00:00,-76.869,2.299,0.66,951482.08
2026-09-10 19:00:00,-79.585,0.0,0.8739,950967.01
2026-09-10 20:00:00,-85.732,5.551,1.1041,951149.78
2026-09-10 21:00:00,-94.032,0.0,1.3352,950858.22
2026-09-10 22:00:00,-88.97,9.157,1.1638,950962.12
2026-09-10 23:00:00,-91.301,0.0,0.985,950671.34
2026-09-11 00:00:00,-87.711,4.591,0.9741,951128.87
2026-09-11 01:00:00,-77.241,92.617,0.7942,952094.22
2026-09-11 02:00:00,-62.646,255.176,0.4693,952949.08
2026-09-11 03:00:00,-51.468,397.098,0.0,951315.0
2026-09-11 04:00:00,-36.478,527.948,0.0,951682.22
2026-09-11 05:00:00,-26.716,615.465,0.0,951347.58
2026-09-11 06:00:00,-13.284,668.598,0.0,951604.18
2026-09-11 07:00:00,-1.633,669.703,0.0,951555.94
2026-09-11 08:00:00,5.452,623.767,0.0,951264.63
2026-09-11 09:00:00,6.506,543.327,0.0,951560.44
2026-09-11 10:00:00,2.892,427.715,0.0,952758.81
2026-09-11 11:00:00,-7.911,300.086,0.0,952215.48
2026-09-11 12:00:00,-14.999,128.103,0.0,952129.07
2026-09-11 13:00:00,-23.056,7.401,0.0,951823.85
2026-09-11 14:00:00,-29.071,2.625,0.0,951632.9
2026-09-11 15:00:00,-43.716,1.65,0.0,952213.02
2026-09-11 16:00:00,-55.968,0.0,0.2534,951407.5
2026-09-11 17:00:00,-58.525,3.303,0.2701,952261.22
2026-09-11 18:00:00,-75.088,0.0,0.6963,952704.17
2026-09-11 19:00:00,-84.736,0.0,0.9465,952394.36
2026-09-11 20:00:00,-87.617,3.48,1.0598,952069.53
2026-09-11 21:00:00,-92.891,0.0,1.3998,952612.11
2026-09-11 22:00:00,-95.697,0.0,1.2393,952903.92
2026-09-11 23:00:00,-93.075,2.999,1.2941,953134.35
2026-09-12 00:00:00,-92.001,0.0,1.2079,953622.48
2026-09-12 01:00:00,-84.257,2.445,0.9176,952683.55
2026-09-12 02:00:00,-70.95,147.63,0.7381,951759.24
2026-09-12 03:00:00,-63.791,302.902,0.4827,951511.1
2026-09-12 04:00:00,-40.671,456.71,0.0,951070.96
2026-09-12 05:00:00,-33.606,565.915,0.0,951229.46
2026-09-12 06:00:00,-20.26,636.698,0.0,951178.14
2026-09-12 07:00:00,-4.673,663.606,0.0,951497.7
2026-09-12 08:00:00,0.823,654.334,0.0,951219.18
2026-09-12 09:00:00,3.392,610.694,0.0,951657.45
2026-09-12 10:00:00,-1.618,510.978,0.0,951793.84
2026-09-12 11:00:00,-1.52,385.451,0.0,951175.15
2026-09-12 12:00:00,-6.715,248.759,0.0,952121.73
2026-09-12 13:00:00,-16.228,74.499,0.0,952585.88
2026-09-12 14:00:00,-21.041,8.842,0.0,952172.86
2026-09-12 15:00:00,-27.612,0.0,0.0,951888.69
2026-09-12 16:00:00,-41.749,2.591,0.0,951801.75
2026-09-12 17:00:00,-55.545,10.355,0.1979,951532.19
2026-09-12 18:00:00,-61.423,0.149,0.199,950870.18
2026-09-12 19:00:00,-76.275,0.0,0.5876,950657.46
2026-09-12 20:00:00,-90.005,0.0,1.1691,950206.17
2026-09-12 21:00:00,-91.8,5.412,1.161,950643.53
2026-09-12 22:00:00,-98.492,0.0,1.4269,950529.66
2026-09-12 23:00:00,-93.218,0.0,1.2069,950642.69
2026-09-13 00:00:00,-90.487,0.0,1.0883,950607.47
2026-09-13 01:00:00,-90.108,7.784,1.2568,949945.08
2026-09-13 02:00:00,-79.947,44.731,0.7336,950261.39
2026-09-13 03:00:00,-69.591,205.276,0.6734,949373.95
2026-09-13 04:00:00,-52.102,352.861,0.0,949275.88
2026-09-13 05:00:00,-39.888,496.341,0.0,949285.16
2026-09-13 06:00:00,-21.432,585.299,0.0,948723.2
2026-09-13 07:00:00,-12.31,642.151,0.0,948905.72
2026-09-13 08:00:00,0.822,657.591,0.0,948860.26
2026-09-13 09:00:00,0.592,638.867,0.0,948742.64
2026-09-13 10:00:00,10.364,569.063,0.0,949051.53
2026-09-13 11:00:00,3.077,470.253,0.0,949194.15
2026-09-13 12:00:00,-2.506,343.565,0.0,948441.32
2026-09-13 13:00:00,-1.107,182.51,0.0,948647.44
2026-09-13 14:00:00,-24.471,18.818,0.0,948061.78
2026-09-13 15:00:00,-28.788,0.0,0.0,948249.97
2026-09-13 16:00:00,-42.053,0.326,0.0,947697.98
2026-09-13 17:00:00,-52.858,9.605,0.096,948182.86
2026-09-13 18:00:00,-64.67,0.0,0.3032,948569.97
2026-09-13 19:00:00,-66.629,1.922,0.2876,948772.33
2026-09-13 20:00:00,-81.554,0.0,0.9135,948020.73
2026-09-13 21:00:00,-85.257,7.601,0.8245,947073.01
2026-09-13 22:00:00,-86.527,0.0,1.0048,947120.61
2026-09-13 23:00:00,-90.192,5.253,1.087,947078.73
2026-09-14 00:00:00,-90.633,0.0,1.1692,947112.43
2026-09-14 01:00:00,-85.264,3.058,0.9122,947348.33
2026-09-14 02:00:00,-78.151,3.355,0.9362,946928.11
2026-09-14 03:00:00,-76.839,94.08,0.9527,947295.07
2026-09-14 04:00:00,-57.954,264.767,0.396,947715.03
2026-09-14 05:00:00,-47.179,401.721,0.0,947317.64
2026-09-14 06:00:00,-32.852,529.419,0.0,946124.2
2026-09-14 07:00:00,-24.664,609.649,0.0,946366.27
2026-09-14 08:00:00,-11.258,659.922,0.0,947191.5
2026-09-14 09:00:00,-3.022,659.937,0.0,948067.93
2026-09-14 10:00:00,7.539,623.81,0.0,948238.52
2026-09-14 11:00:00,0.885,539.241,0.0,947860.41
2026-09-14 12:00:00,-4.643,431.749,0.0,948050.46
2026-09-14 13:00:00,-3.064,288.842,0.0,948392.17
2026-09-14 14:00:00,-15.166,125.406,0.0,948186.01
2026-09-14 15:00:00,-21.68,0.0,0.0,948285.67
2026-09-14 16:00:00,-27.802,0.67,0.0,948583.08
2026-09-14 17:00:00,-39.732,0.0,0.0,948196.19
2026-09-14 18:00:00,-51.172,0.0,0.0,947990.09
2026-09-14 19:00:00,-60.968,0.0,0.0881,947572.1
2026-09-14 20:00:00,-68.305,11.729,0.2989,948161.95
2026-09-14 21:00:00,-82.848,5.296,0.7787,948257.32
2026-09-14 22:00:00,-84.28,1.365,0.8685,947579.37
2026-09-14 23:00:00,-93.734,5.861,1.1242,947819.81
2026-09-15 00:00:00,-90.667,0.0,0.8274,948058.75
2026-09-15 01:00:00,-95.663,0.0,1.1531,948231.05
2026-09-15 02:00:00,-85.149,0.0,0.9803,948575.78
2026-09-15 03:00:00,-81.391,0.0,0.8096,948814.35
2026-09-15 04:00:00,-69.426,151.697,0.5084,948660.77
2026-09-15 05:00:00,-53.17,312.145,0.1596,949111.12
2026-09-15 06:00:00,-44.462,453.854,0.0,948569.24
2026-09-15 07:00:00,-29.4,552.677,0.0,948713.49
2026-09-15 08:00:00,-16.255,633.42,0.0,948617.16
2026-09-15 09:00:00,-8.087,663.772,0.0,949429.99
2026-09-15 10:00:00,1.587,654.86,0.0,949243.74
2026-09-15 11:00:00,3.741,597.776,0.0,949088.28
2026-09-15 12:00:00,1.306,515.783,0.0,949796.92
2026-09-15 13:00:00,3.339,383.993,0.0,950840.83
2026-09-15 14:00:00,-4.814,244.209,0.0,950939.11
2026-09-15 15:00:00,-18.885,67.031,0.0,950847.2
2026-09-15 16:00:00,-27.955,3.714,0.0,950265.54
2026-09-15 17:00:00,-34.52,0.0,0.0,949677.37
2026-09-15 18:00:00,-43.115,0.0,0.0,950110.9
2026-09-15 19:00:00,-61.933,3.162,0.1415,949914.29
2026-09-15 20:00:00,-67.96,0.0,0.4664,949924.07
2026-09-15 21:00:00,-76.442,0.0,0.7995,949320.23
2026-09-15 22:00:00,-86.836,0.0,1.1088,949373.43
2026-09-15 23:00:00,-90.702,6.362,1.0763,949095.26
2026-09-16 00:00:00,-90.599,6.151,1.1449,949150.0
2026-09-16 01:00:00,-93.912,9.437,1.3176,949794.14
2026-09-16 02:00:00,-91.983,0.0,1.279,949188.91
2026-09-16 03:00:00,-90.609,0.0,1.0535,949392.55
2026-09-16 04:00:00,-78.847,40.268,0.8898,949753.27
2026-09-16 05:00:00,-69.56,208.206,0.7458,949820.43
2026-09-16 06:00:00,-47.631,355.441,0.2658,949968.52
2026-09-16 07:00:00,-32.17,497.759,0.0,949217.22
2026-09-16 08:00:00,-25.442,598.136,0.0,948676.88
2026-09-16 09:00:00,-16.413,648.846,0.0,948897.19
2026-09-16 10:00:00,-1.652,664.171,0.0,950458.4
2026-09-16 11:00:00,3.836,632.632,0.0,949864.76
2026-09-16 12:00:00,9.933,580.458,0.0,950015.01
2026-09-16 13:00:00,9.773,469.752,0.0,949372.87
2026-09-16 14:00:00,-6.795,334.272,0.0,948690.9
2026-09-16 15:00:00,-4.765,182.807,0.0,948721.98
2026-09-16 16:00:00,-19.104,10.521,0.0,948562.61
2026-09-16 17:00:00,-25.13,0.734,0.0,948677.28
2026-09-16 18:00:00,-34.36,0.0,0.0,948217.34
2026-09-16 19:00:00,-45.124,5.435,0.0,947967.85
2026-09-16 20:00:00,-54.9,0.0,0.0974,947822.98
2026-09-16 21:00:00,-69.855,5.794,0.5312,948363.49
2026-09-16 22:00:00,-80.755,0.0,0.7846,949210.86
2026-09-16 23:00:00,-81.598,0.0,0.7692,948246.62
2026-09-17 00:00:00,-93.059,0.0,1.1736,948731.99
2026-09-17 01:00:00,-87.758,3.799,1.2614,948935.74
2026-09-17 02:00:00,-95.578,0.0,1.2854,949423.15
2026-09-17 03:00:00,-91.346,0.0,1.3425,950035.24
2026-09-17 04:00:00,-85.456,0.005,1.1798,950534.33
2026-09-17 05:00:00,-79.906,100.137,0.9006,950728.92
2026-09-17 06:00:00,-66.748,253.201,0.5172,951003.99
2026-09-17 07:00:00,-44.983,405.865,0.0227,950104.19
2026-09-17 08:00:00,-38.347,529.99,0.0,950034.98
2026-09-17 09:00:00,-12.768,609.142,0.0,950166.38
2026-09-17 10:00:00,-10.37,655.47,0.0,949621.37
2026-09-17 11:00:00,-4.858,660.567,0.0,949940.43
2026-09-17 12:00:00,4.385,619.688,0.0,949658.97
2026-09-17 13:00:00,-3.377,535.678,0.0,950599.49
2026-09-17 14:00:00,1.108,426.25,0.0,951337.08
2026-09-17 15:00:00,-3.228,289.478,0.0,952500.65
2026-09-17 16:00:00,-14.819,118.971,0.0,952462.13
2026-09-17 17:00:00,-23.104,0.0,0.0,952257.97
2026-09-17 18:00:00,-25.329,0.0,0.0,953029.09
2026-09-17 19:00:00,-39.06,4.707,0.0,952097.75
2026-09-17 20:00:00,-49.775,0.0,0.0144,952790.89
2026-09-17 21:00:00,-64.52,0.0,0.3277,952417.24
2026-09-17 22:00:00,-75.927,0.461,0.6477,952203.89
2026-09-17 23:00:00,-81.141,0.0,0.8716,952023.0
2026-09-18 00:00:00,-95.038,0.0,1.13,951972.33
2026-09-18 01:00:00,-95.085,0.0,1.2046,951022.11
2026-09-18 02:00:00,-96.834,0.0,1.1542,950611.43
2026-09-18 03:00:00,-98.056,6.787,1.3288,950659.68
2026-09-18 04:00:00,-86.454,0.0,1.0157,951454.12
2026-09-18 05:00:00,-82.444,2.331,1.093,951302.61
2026-09-18 06:00:00,-71.928,151.64,0.549,951140.72
2026-09-18 07:00:00,-54.925,317.028,0.3162,950932.57
2026-09-18 08:00:00,-48.526,445.269,0.0,950674.24
2026-09-18 09:00:00,-34.278,558.672,0.0,950455.61
2026-09-18 10:00:00,-15.241,630.748,0.0,950165.45
2026-09-18 11:00:00,-1.165,673.415,0.0,949827.94
2026-09-18 12:00:00,1.029,653.488,0.0,949765.16
2026-09-18 13:00:00,3.567,593.942,0.0,948509.89
2026-09-18 14:00:00,0.72,508.366,0.0,948936.17
2026-09-18 15:00:00,-1.914,391.072,0.0,948862.45
2026-09-18 16:00:00,-6.836,223.124,0.0,948931.16
2026-09-18 17:00:00,-12.457,63.031,0.0,949489.11
2026-09-18 18:00:00,-23.9,0.0,0.0,950233.42
2026-09-18 19:00:00,-31.07,0.0,0.0,950353.19
2026-09-18 20:00:00,-46.904,0.0,0.0,950169.74
2026-09-18 21:00:00,-52.557,0.0,0.0,949619.2
2026-09-18 22:00:00,-66.854,7.02,0.4479,948669.28
2026-09-18 23:00:00,-73.202,0.0,0.8153,948796.03
2026-09-19 00:00:00,-79.626,0.0,0.8699,948940.53
2026-09-19 01:00:00,-88.407,5.229,0.9808,949530.27
2026-09-19 02:00:00,-93.559,0.0,1.3694,948870.89
2026-09-19 03:00:00,-90.019,0.0,1.141,947894.67
2026-09-19 04:00:00,-89.389,0.0,1.1537,947621.94
2026-09-19 05:00:00,-84.392,0.0,0.9483,948415.32
2026-09-19 06:00:00,-75.315,41.963,0.762,948478.12
2026-09-19 07:00:00,-60.539,211.843,0.2431,948703.17
2026-09-19 08:00:00,-48.564,355.252,0.0155,948363.19
2026-09-19 09:00:00,-35.552,494.364,0.0,947618.48
2026-09-19 10:00:00,-25.919,587.246,0.0,947348.98
2026-09-19 11:00:00,-13.719,646.099,0.0,947106.44
2026-09-19 12:00:00,-2.728,669.176,0.0,947356.76
2026-09-19 13:00:00,0.913,633.859,0.0,948567.89
2026-09-19 14:00:00,5.447,565.431,0.0,947761.07
2026-09-19 15:00:00,0.357,462.596,0.0,948004.47
2026-09-19 16:00:00,4.134,330.611,0.0,948724.66
2026-09-19 17:00:00,-8.029,175.96,0.0,947923.43
2026-09-19 18:00:00,-18.862,5.727,0.0,948193.71
2026-09-19 19:00:00,-29.6,0.0,0.0,948446.33
2026-09-19 20:00:00,-32.53,0.0,0.0,949399.47
2026-09-19 21:00:00,-52.135,1.799,0.066,948873.36
2026-09-19 22:00:00,-61.651,0.681,0.3718,949519.24
2026-09-19 23:00:00,-66.584,5.998,0.4106,949038.39
2026-09-20 00:00:00,-77.304,9.777,0.634,949209.98
2026-09-20 01:00:00,-87.171,3.797,1.0702,949144.24
2026-09-20 02:00:00,-91.95,6.913,1.2221,948591.88
2026-09-20 03:00:00,-94.05,3.834,1.1594,948422.09
2026-09-20 04:00:00,-92.519,8.549,1.305,948096.61
2026-09-20 05:00:00,-85.696,9.254,1.1486,948838.34
2026-09-20 06:00:00,-82.809,4.756,1.0909,949400.71
2026-09-20 07:00:00,-71.862,106.217,0.6501,949471.68
2026-09-20 08:00:00,-62.973,263.078,0.5487,949545.15
2026-09-20 09:00:00,-46.6,408.25,0.1232,949672.16
2026-09-20 10:00:00,-39.415,524.733,0.0,949626.94
2026-09-20 11:00:00,-21.723,613.494,0.0,949655.14
2026-09-20 12:00:00,-10.481,651.332,0.0,948605.28
2026-09-20 13:00:00,2.615,656.234,0.0,948448.82
2026-09-20 14:00:00,6.061,605.235,0.0,948963.46
2026-09-20 15:00:00,2.328,545.613,0.0,949154.61
2026-09-20 16:00:00,-2.283,421.217,0.0,949070.04
2026-09-20 17:00:00,-7.719,282.66,0.0,948291.51
2026-09-20 18:00:00,-14.035,127.644,0.0,947689.54
2026-09-20 19:00:00,-19.148,1.501,0.0,948292.76
2026-09-20 20:00:00,-30.055,7.222,0.0,948577.27
2026-09-20 21:00:00,-40.232,0.0,0.0,949505.32
2026-09-20 22:00:00,-49.739,11.987,0.0,949872.4
2026-09-20 23:00:00,-65.809,5.436,0.3177,949447.47
2026-09-21 00:00:00,-75.145,1.046,0.6552,949976.01
2026-09-21 01:00:00,-79.621,7.125,0.8739,949708.32
2026-09-21 02:00:00,-90.024,0.0,1.0939,949472.9
2026-09-21 03:00:00,-96.286,0.0,1.2349,949346.3
2026-09-21 04:00:00,-96.431,7.221,1.1855,949410.71
2026-09-21 05:00:00,-88.711,0.0,1.0823,949192.72
2026-09-21 06:00:00,-89.274,2.802,1.2434,948772.46
2026-09-21 07:00:00,-81.46,2.661,0.9362,948934.69
2026-09-21 08:00:00,-72.441,168.569,0.6757,948515.73
2026-09-21 09:00:00,-55.515,307.372,0.3064,949216.71
2026-09-21 10:00:00,-43.788,459.526,0.0,949625.98
2026-09-21 11:00:00,-28.89,555.71,0.0,949737.63
2026-09-21 12:00:00,-19.596,627.229,0.0,949471.35
2026-09-21 13:00:00,-6.567,653.663,0.0,950596.74
2026-09-21 14:00:00,-2.962,642.039,0.0,950560.56
2026-09-21 15:00:00,2.857,595.396,0.0,950131.42
2026-09-21 16:00:00,2.257,495.41,0.0,950232.33
2026-09-21 17:00:00,-0.008,379.927,0.0,950304.76
2026-09-21 18:00:00,-6.362,223.885,0.0,950525.69
2026-09-21 19:00:00,-17.565,57.453,0.0,950554.71
2026-09-21 20:00:00,-25.488,0.0,0.0,950234.53
2026-09-21 21:00:00,-34.212,1.684,0.0,950780.45
2026-09-21 22:00:00,-42.706,0.0,0.0,951053.21
2026-09-21 23:00:00,-55.006,0.171,0.0,950956.78
2026-09-22 00:00:00,-67.481,3.481,0.2529,950385.62
2026-09-22 01:00:00,-73.375,5.412,0.3967,950914.36
2026-09-22 02:00:00,-79.437,0.0,0.5689,950599.97
2026-09-22 03:00:00,-90.929,0.0,1.0193,950319.76
2026-09-22 04:00:00,-94.245,0.38,1.1608,949689.03
2026-09-22 05:00:00,-92.678,2.353,1.0461,950392.95
2026-09-22 06:00:00,-89.353,0.0,0.9346,949984.32
2026-09-22 07:00:00,-90.811,0.0,1.0641,950062.62
2026-09-22 08:00:00,-74.477,45.505,0.5059,949256.99
2026-09-22 09:00:00,-64.038,212.4,0.4216,948531.67
2026-09-22 10:00:00,-56.725,360.176,0.2532,948414.54
2026-09-22 11:00:00,-38.904,494.543,0.0,947856.13
2026-09-22 12:00:00,-23.576,578.294,0.0,947987.51
2026-09-22 13:00:00,-16.564,635.868,0.0,947696.18
2026-09-22 14:00:00,1.306,657.971,0.0,947862.0
2026-09-22 15:00:00,5.134,632.044,0.0,948152.57
2026-09-22 16:00:00,8.8,558.067,0.0,948396.89
2026-09-22 17:00:00,2.847,458.228,0.0,948492.09
2026-09-22 18:00:00,3.134,325.405,0.0,948629.11
2026-09-22 19:00:00,-8.139,170.465,0.0,948250.83
2026-09-22 20:00:00,-16.352,7.093,0.0,948332.61
2026-09-22 21:00:00,-23.407,0.0,0.0,948769.32
2026-09-22 22:00:00,-33.881,7.389,0.0,949620.23
2026-09-22 23:00:00,-41.92,2.441,0.0,949779.18
2026-09-23 00:00:00,-54.727,0.0,0.0635,950115.9
2026-09-23 01:00:00,-67.177,0.473,0.3586,949511.37
2026-09-23 02:00:00,-71.955,0.62,0.5285,949666.9
2026-09-23 03:00:00,-78.907,6.074,0.8667,949416.28
2026-09-23 04:00:00,-87.507,0.0,1.1192,949611.22
2026-09-23 05:00:00,-85.756,3.837,0.9242,949941.52
2026-09-23 06:00:00,-89.74,0.209,1.0745,950445.73
2026-09-23 07:00:00,-86.602,7.458,1.0958,951494.58
2026-09-23 08:00:00,-80.514,6.454,0.9058,951773.1
2026-09-23 09:00:00,-70.628,106.79,0.597,951524.32
2026-09-23 10:00:00,-58.092,265.114,0.1809,951756.49
2026-09-23 11:00:00,-44.944,412.361,0.0,952658.76
2026-09-23 12:00:00,-32.401,525.854,0.0,951870.45
2026-09-23 13:00:00,-16.292,618.063,0.0,951753.43
2026-09-23 14:00:00,-3.238,653.588,0.0,951687.1
2026-09-23 15:00:00,2.937,652.522,0.0,951102.06
2026-09-23 16:00:00,6.746,611.344,0.0,951441.76
2026-09-23 17:00:00,10.666,527.051,0.0,951532.85
2026-09-23 18:00:00,4.86,420.959,0.0,950904.17
2026-09-23 19:00:00,-3.335,272.147,0.0,950263.2
2026-09-23 20:00:00,-9.208,121.984,0.0,950168.55
2026-09-23 21:00:00,-18.221,0.0,0.0,950542.01
2026-09-23 22:00:00,-28.883,0.636,0.0,950793.86
2026-09-23 23:00:00,-35.494,5.751,0.0,950085.06
2026-09-24 00:00:00,-45.638,0.0,0.0,949559.75
2026-09-24 01:00:00,-63.97,10.091,0.2618,949546.36
2026-09-24 02:00:00,-69.653,0.0,0.3788,950212.33
2026-09-24 03:00:00,-86.804,0.705,1.0388,950061.26
2026-09-24 04:00:00,-85.653,2.857,0.7718,950006.75
2026-09-24 05:00:00,-89.797,3.631,1.1721,950517.33
2026-09-24 06:00:00,-86.598,1.369,1.1139,950820.59
2026-09-24 07:00:00,-86.371,4.987,1.1666,950906.13
2026-09-24 08:00:00,-84.034,2.595,1.0776,950850.82
2026-09-24 09:00:00,-83.635,8.804,0.8479,951652.4
2026-09-24 10:00:00,-72.137,164.194,0.5902,951501.24
2026-09-24 11:00:00,-58.69,327.109,0.2918,951152.26
2026-09-24 12:00:00,-37.392,456.993,0.0,950712.96
2026-09-24 13:00:00,-31.69,549.433,0.0,951271.39
2026-09-24 14:00:00,-18.066,641.422,0.0,951488.98
2026-09-24 15:00:00,-10.375,654.822,0.0,951607.31
2026-09-24 16:00:00,-4.462,652.029,0.0,951632.0
2026-09-24 17:00:00,3.714,589.928,0.0,951344.03
2026-09-24 18:00:00,3.975,502.266,0.0,951861.95
2026-09-24 19:00:00,-6.719,368.606,0.0,951087.28
2026-09-24 20:00:00,-10.303,226.254,0.0,951130.32
2026-09-24 21:00:00,-15.504,58.544,0.0,949955.37
2026-09-24 22:00:00,-25.269,7.895,0.0,949696.2
2026-09-24 23:00:00,-35.737,2.193,0.0,949014.98
2026-09-25 00:00:00,-42.938,4.68,0.0,948781.91
2026-09-25 01:00:00,-59.655,0.0,0.336,949607.82
2026-09-25 02:00:00,-67.668,0.0,0.5592,950384.48
2026-09-25 03:00:00,-73.826,2.053,0.8443,950803.22
2026-09-25 04:00:00,-85.35,1.118,1.0055,951603.94
2026-09-25 05:00:00,-88.292,4.806,1.0446,951609.28
2026-09-25 06:00:00,-96.015,0.0,1.2833,951553.49
2026-09-25 07:00:00,-95.791,0.244,1.3908,952093.43
2026-09-25 08:00:00,-95.915,5.906,1.4667,952048.16
2026-09-25 09:00:00,-91.302,0.0,1.2963,952940.05
2026-09-25 10:00:00,-78.468,55.371,0.8511,952131.71
2026-09-25 11:00:00,-62.883,214.345,0.6422,952037.07
2026-09-25 12:00:00,-50.558,361.08,0.0838,951738.18
2026-09-25 13:00:00,-32.926,493.329,0.0,952187.19
2026-09-25 14:00:00,-24.945,592.032,0.0,951904.17
2026-09-25 15:00:00,-18.36,647.5,0.0,952348.45
2026-09-25 16:00:00,-2.125,656.561,0.0,952734.46
2026-09-25 17:00:00,-0.4,634.11,0.0,952620.4
2026-09-25 18:00:00,6.11,565.91,0.0,952867.68
2026-09-25 19:00:00,-2.111,456.717,0.0,952707.28
2026-09-25 20:00:00,-0.763,319.766,0.0,952604.9
2026-09-25 21:00:00,-5.909,165.276,0.0,952072.03
2026-09-25 22:00:00,-16.662,7.0,0.0,952120.67
2026-09-25 23:00:00,-27.147,0.0,0.0,952091.54
2026-09-26 00:00:00,-36.008,0.0,0.0,951093.28
2026-09-26 01:00:00,-47.944,0.0,0.022,950347.05
2026-09-26 02:00:00,-57.31,4.159,0.2337,950206.42
2026-09-26 03:00:00,-64.854,0.0,0.409,950339.17
2026-09-26 04:00:00,-77.568,1.652,0.785,950713.0
2026-09-26 05:00:00,-84.296,6.199,1.0713,950394.99
2026-09-26 06:00:00,-91.546,0.0,1.0872,950129.09
2026-09-26 07:00:00,-87.056,0.0,1.1988,950990.02
2026-09-26 08:00:00,-89.697,0.0,1.2474,949862.07
2026-09-26 09:00:00,-89.619,1.899,1.2215,950611.27
2026-09-26 10:00:00,-77.85,6.196,0.9651,950516.44
2026-09-26 11:00:00,-70.928,102.242,0.7423,951075.96
2026-09-26 12:00:00,-60.07,271.543,0.3589,950939.14
2026-09-26 13:00:00,-41.194,416.293,0.0,951045.38
2026-09-26 14:00:00,-31.714,526.085,0.0,951079.18
2026-09-26 15:00:00,-23.214,608.172,0.0,951156.0
2026-09-26 16:00:00,-5.184,653.473,0.0,951383.75
2026-09-26 17:00:00,-2.797,653.565,0.0,951213.68
2026-09-26 18:00:00,13.45,613.125,0.0,951088.97
2026-09-26 19:00:00,4.852,531.996,0.0,950842.51
2026-09-26 20:00:00,-2.155,409.096,0.0,950978.41
2026-09-26 21:00:00,4.428,277.053,0.0,950972.27
2026-09-26 22:00:00,-9.865,118.476,0.0,950863.82
2026-09-26 23:00:00,-18.598,0.93,0.0,951033.67
2026-09-27 00:00:00,-27.203,0.0,0.0,951163.33
2026-09-27 01:00:00,-42.701,0.0,0.0,951881.95
2026-09-27 02:00:00,-55.019,0.972,0.1588,951847.38
2026-09-27 03:00:00,-53.554,0.0,0.1698,951392.79
2026-09-27 04:00:00,-74.724,0.0,0.6911,951118.33
2026-09-27 05:00:00,-73.798,0.0,0.6331,950676.59
2026-09-27 06:00:00,-84.251,3.036,1.1554,950508.7
2026-09-27 07:00:00,-89.822,0.83,1.0641,950382.35
2026-09-27 08:00:00,-93.581,0.0,1.1119,950239.66
2026-09-27 09:00:00,-83.985,1.757,0.9282,949909.49
2026-09-27 10:00:00,-89.909,0.0,1.2233,951094.53
2026-09-27 11:00:00,-83.106,2.582,1.0283,951476.33
2026-09-27 12:00:00,-67.543,162.443,0.7212,952738.64
2026-09-27 13:00:00,-58.137,315.221,0.1942,952994.21
2026-09-27 14:00:00,-45.413,449.575,0.0,953465.61
2026-09-27 15:00:00,-28.968,555.65,0.0,953986.59
2026-09-27 16:00:00,-14.719,627.286,0.0,954706.19
2026-09-27 17:00:00,-1.101,656.279,0.0,954155.73
2026-09-27 18:00:00,6.12,640.605,0.0,954626.25
2026-09-27 19:00:00,-2.179,584.038,0.0,955203.75
2026-09-27 20:00:00,6.5,491.154,0.0,954447.3
2026-09-27 21:00:00,-2.333,380.388,0.0,954706.39
2026-09-27 22:00:00,-9.053,215.195,0.0,954604.67
2026-09-27 23:00:00,-17.318,53.33,0.0,954099.86
2026-09-28 00:00:00,-25.995,16.469,0.0,954707.7
2026-09-28 01:00:00,-37.049,2.105,0.0,953587.93
2026-09-28 02:00:00,-51.045,0.0,0.0,953479.99
2026-09-28 03:00:00,-49.605,4.213,0.0,953003.52
2026-09-28 04:00:00,-61.829,0.0,0.0,951476.37
2026-09-28 05:00:00,-73.99,4.545,0.475,951300.64
2026-09-28 06:00:00,-84.923,0.0,0.7657,950990.28
2026-09-28 07:00:00,-83.895,0.0,0.8263,950510.23
2026-09-28 08:00:00,-91.591,8.046,1.0471,949358.62
2026-09-28 09:00:00,-93.882,2.832,1.1814,949060.84
2026-09-28 10:00:00,-94.604,4.865,1.2128,948279.41
2026-09-28 11:00:00,-83.619,2.175,0.7599,949026.45
2026-09-28 12:00:00,-77.935,53.496,0.584,948910.92
2026-09-28 13:00:00,-62.443,221.6,0.4393,948131.4
2026-09-28 14:00:00,-48.813,373.288,0.0,948659.15
2026-09-28 15:00:00,-34.611,492.888,0.0,949122.3
2026-09-28 16:00:00,-23.302,594.401,0.0,948330.4
2026-09-28 17:00:00,-13.933,645.019,0.0,948996.61
2026-09-28 18:00:00,-3.006,655.821,0.0,949061.81
2026-09-28 19:00:00,3.941,627.736,0.0,948656.91
2026-09-28 20:00:00,7.961,558.435,0.0,948236.1
2026-09-28 21:00:00,-0.971,446.758,0.0,948480.45
2026-09-28 22:00:00,0.876,318.588,0.0,948824.78
2026-09-28 23:00:00,-15.012,165.583,0.0,948644.28
2026-09-29 00:00:00,-17.537,0.0,0.0,948532.56
2026-09-29 01:00:00,-30.435,1.688,0.0,948804.01
2026-09-29 02:00:00,-35.816,0.107,0.0,948906.15
2026-09-29 03:00:00,-45.119,3.868,0.0,949002.24
2026-09-29 04:00:00,-59.528,3.316,0.1871,948974.76
2026-09-29 05:00:00,-70.409,0.836,0.5252,949052.29
2026-09-29 06:00:00,-79.166,0.0,0.7596,949386.68
2026-09-29 07:00:00,-86.923,8.954,1.0832,948554.14
2026-09-29 08:00:00,-87.164,0.0,0.9352,949176.52
2026-09-29 09:00:00,-93.09,0.0,1.3085,948730.5
2026-09-29 10:00:00,-98.459,0.0,1.3034,949134.86
2026-09-29 11:00:00,-85.849,0.0,1.1488,949144.18
2026-09-29 12:00:00,-80.213,7.72,0.7987,949125.51
2026-09-29 13:00:00,-71.422,118.867,0.7074,948799.27
2026-09-29 14:00:00,-61.032,273.133,0.5402,949136.1
2026-09-29 15:00:00,-48.814,411.84,0.0809,948959.98
2026-09-29 16:00:00,-34.077,530.3,0.0,949882.75
2026-09-29 17:00:00,-18.972,608.349,0.0,950446.18
2026-09-29 18:00:00,-15.614,648.54,0.0,949526.85
2026-09-29 19:00:00,-1.222,650.754,0.0,950031.53
2026-09-29 20:00:00,2.354,604.521,0.0,950562.76
2026-09-29 21:00:00,7.23,526.481,0.0,949438.86
2026-09-29 22:00:00,2.844,410.83,0.0,949888.49
2026-09-29 23:00:00,-7.077,270.964,0.0,949027.15
2026-09-30 00:00:00,-18.798,105.707,0.0,947964.05
2026-09-30 01:00:00,-25.481,3.551,0.0,947746.81
2026-09-30 02:00:00,-27.985,0.0,0.0,948411.6
2026-09-30 03:00:00,-40.973,0.0,0.0,947538.05
2026-09-30 04:00:00,-51.075,0.0,0.1176,948278.22
2026-09-30 05:00:00,-65.457,0.0,0.5879,947356.03
2026-09-30 06:00:00,-71.142,5.078,0.6788,947286.68
2026-09-30 07:00:00,-85.994,0.0,1.1537,947100.33
2026-09-30 08:00:00,-85.26,0.0,1.0532,946349.82
2026-09-30 09:00:00,-95.853,6.277,1.4539,946248.98
2026-09-30 10:00:00,-100.17,0.0,1.6165,946255.56
2026-09-30 11:00:00,-86.108,0.0,1.0531,946231.77
2026-09-30 12:00:00,-88.312,0.0,1.2817,946054.25
2026-09-30 13:00:00,-81.934,6.593,1.1614,945941.69
2026-09-30 14:00:00,-75.585,171.411,0.8823,946837.03
2026-09-30 15:00:00,-54.997,324.809,0.329,947300.57
2026-09-30 16:00:00,-40.628,456.992,0.0,947251.15
2026-09-30 17:00:00,-31.223,558.515,0.0,946489.06
2026-09-30 18:00:00,-15.961,623.319,0.0,946079.48
2026-09-30 19:00:00,-5.282,649.239,0.0,946364.35
2026-09-30 20:00:00,-0.216,644.951,0.0,946218.57
2026-09-30 21:00:00,-4.719,586.287,0.0,947103.98
2026-09-30 22:00:00,-1.562,485.357,0.0,947005.76
2026-09-30 23:00:00,3.576,363.83,0.0,947749.07
2026-10-01 00:00:00,-7.561,213.471,0.0,948984.67
2026-10-01 01:00:00,-17.609,46.807,0.0,948277.83
2026-10-01 02:00:00,-29.286,0.888,0.0,946839.16
2026-10-01 03:00:00,-38.163,0.0,0.0,945965.32
2026-10-01 04:00:00,-42.743,0.0,0.0,946366.42
2026-10-01 05:00:00,-52.986,0.0,0.0,946092.45
2026-10-01 06:00:00,-64.905,0.0,0.4498,944947.41
2026-10-01 07:00:00,-74.777,0.0,1.0399,945169.12
2026-10-01 08:00:00,-81.672,0.0,1.0443,946024.18
2026-10-01 09:00:00,-89.419,0.0,1.5027,945908.43
2026-10-01 10:00:00,-96.105,3.254,1.5536,945739.49
2026-10-01 11:00:00,-97.107,0.0,1.6525,946220.86
2026-10-01 12:00:00,-86.273,2.884,1.2655,947218.95
2026-10-01 13:00:00,-85.884,0.0,1.2403,947194.43
2026-10-01 14:00:00,-76.665,55.045,0.9082,947518.75
2026-10-01 15:00:00,-65.116,221.595,0.7346,947851.41
2026-10-01 16:00:00,-51.285,362.467,0.2492,947699.09
2026-10-01 17:00:00,-36.525,495.409,0.0,948126.69
2026-10-01 18:00:00,-23.269,580.132,0.0,948894.33
2026-10-01 19:00:00,-16.41,643.745,0.0,948356.09
2026-10-01 20:00:00,-2.163,650.524,0.0,948734.65
2026-10-01 21:00:00,-1.402,628.479,0.0,947929.6
2026-10-01 22:00:00,4.343,548.269,0.0,947979.87
2026-10-01 23:00:00,-0.951,445.454,0.0,948709.1
2026-10-02 00:00:00,-2.125,316.738,0.0,948291.65
2026-10-02 01:00:00,-11.01,166.362,0.0,947901.33
2026-10-02 02:00:00,-19.685,8.333,0.0,947583.55
2026-10-02 03:00:00,-25.796,0.207,0.0,947305.1
2026-10-02 04:00:00,-37.626,9.189,0.0,946850.42
2026-10-02 05:00:00,-42.78,0.0,0.0,947423.26
2026-10-02 06:00:00,-56.38,5.494,0.1545,947255.09
2026-10-02 07:00:00,-69.648,0.0,0.644,947633.03
2026-10-02 08:00:00,-77.656,2.101,0.8055,947527.97
2026-10-02 09:00:00,-82.957,0.0,1.1388,947131.39
2026-10-02 10:00:00,-87.451,0.0,1.2127,946675.44
2026-10-02 11:00:00,-96.265,2.333,1.3915,946416.88
2026-10-02 12:00:00,-89.887,0.0,1.4326,945654.36
2026-10-02 13:00:00,-91.86,2.135,1.4547,945499.91
2026-10-02 14:00:00,-80.912,4.532,1.3413,945899.44
2026-10-02 15:00:00,-68.728,112.441,0.9545,945700.5
2026-10-02 16:00:00,-57.636,268.231,0.4661,945945.64
2026-10-02 17:00:00,-51.333,411.186,0.4681,945942.67
2026-10-02 18:00:00,-36.379,522.492,0.0,945088.64
2026-10-02 19:00:00,-16.597,606.52,0.0,944508.22
2026-10-02 20:00:00,-15.427,648.04,0.0,944471.23
2026-10-02 21:00:00,1.463,644.69,0.0,944726.27
2026-10-02 22:00:00,7.421,611.557,0.0,945687.52
2026-10-02 23:00:00,8.345,517.612,0.0,945462.8
2026-10-03 00:00:00,1.783,412.546,0.0,946140.66
2026-10-03 01:00:00,-1.488,258.586,0.0,946409.94
2026-10-03 02:00:00,-11.133,105.341,0.0,946528.55
2026-10-03 03:00:00,-25.593,5.916,0.0,947321.7
2026-10-03 04:00:00,-27.599,5.657,0.0,947849.8
2026-10-03 05:00:00,-35.908,0.0,0.0,947139.02
2026-10-03 06:00:00,-48.366,2.775,0.1641,947675.08
2026-10-03 07:00:00,-62.397,2.106,0.3882,947128.84
2026-10-03 08:00:00,-68.79,0.0,0.6721,947518.27
2026-10-03 09:00:00,-75.193,3.08,0.8233,947295.55
2026-10-03 10:00:00,-82.011,9.312,1.0809,948128.97
2026-10-03 11:00:00,-86.013,2.359,1.026,947583.98
2026-10-03 12:00:00,-95.112,2.832,1.3147,947933.48
2026-10-03 13:00:00,-88.068,3.361,1.1907,948645.21
2026-10-03 14:00:00,-83.355,0.0,1.1269,949930.3
2026-10-03 15:00:00,-75.992,8.191,1.0516,950172.75
2026-10-03 16:00:00,-65.286,164.827,0.6627,950407.56
2026-10-03 17:00:00,-48.685,319.995,0.3178,949760.81
2026-10-03 18:00:00,-44.975,465.921,0.1125,950411.28
2026-10-03 19:00:00,-25.231,556.613,0.0,950842.85
2026-10-03 20:00:00,-12.96,620.916,0.0,950871.58
2026-10-03 21:00:00,-1.943,656.78,0.0,950152.64
2026-10-03 22:00:00,6.197,630.643,0.0,950025.35
2026-10-03 23:00:00,2.124,576.485,0.0,949819.43
2026-10-04 00:00:00,9.571,490.947,0.0,950034.22
2026-10-04 01:00:00,3.51,359.609,0.0,950586.47
2026-10-04 02:00:00,-6.935,203.088,0.0,950338.23
2026-10-04 03:00:00,-18.509,51.516,0.0,950075.3
2026-10-04 04:00:00,-24.214,0.0,0.0,950596.34
2026-10-04 05:00:00,-33.23,7.699,0.0,950560.08
2026-10-04 06:00:00,-43.908,0.0,0.0,949897.95
2026-10-04 07:00:00,-57.497,5.256,0.4351,948562.85
2026-10-04 08:00:00,-64.195,8.878,0.3607,949609.03
2026-10-04 09:00:00,-76.994,0.0,0.8793,950099.96
2026-10-04 10:00:00,-79.733,0.0,0.9239,950431.43
2026-10-04 11:00:00,-83.019,1.943,1.0788,950100.16
2026-10-04 12:00:00,-93.304,0.0,1.2368,949671.25
2026-10-04 13:00:00,-90.44,1.351,1.4135,948946.44
2026-10-04 14:00:00,-85.711,0.0,1.0672,948921.82
2026-10-04 15:00:00,-82.429,0.0,1.189,949567.14
2026-10-04 16:00:00,-79.664,21.942,0.9899,950220.14
2026-10-04 17:00:00,-62.446,78.291,0.4403,950300.78
2026-10-04 18:00:00,-55.38,129.954,0.2497,950583.28
2026-10-04 19:00:00,-41.511,168.997,0.0,950507.74
2026-10-04 20:00:00,-33.564,200.963,0.0,950536.54
2026-10-04 21:00:00,-17.83,221.735,0.0,950159.57
2026-10-04 22:00:00,-13.728,226.336,0.0,950849.37
2026-10-04 23:00:00,-3.812,213.97,0.0,950474.26
2026-10-05 00:00:00,-3.431,193.431,0.0,950458.35
2026-10-05 01:00:00,-4.013,146.003,0.0,949684.56
2026-10-05 02:00:00,-3.608,104.681,0.0,949796.08
2026-10-05 03:00:00,-13.65,53.2,0.0,949735.89
2026-10-05 04:00:00,-12.665,0.0,0.0,949916.96
2026-10-05 05:00:00,-25.682,8.146,0.0,949608.8
2026-10-05 06:00:00,-37.977,0.094,0.0,949216.11
2026-10-05 07:00:00,-48.248,0.884,0.0131,949607.13
2026-10-05 08:00:00,-57.36,0.0,0.0915,949343.36
2026-10-05 09:00:00,-64.393,0.0,0.416,948330.18
2026-10-05 10:00:00,-78.843,0.0,0.8532,947789.57
2026-10-05 11:00:00,-83.618,0.0,1.0424,947665.7
2026-10-05 12:00:00,-87.325,0.0,1.1737,947941.81
2026-10-05 13:00:00,-84.401,0.0,1.0778,947878.48
2026-10-05 14:00:00,-85.512,0.0,1.1711,947135.34
2026-10-05 15:00:00,-80.766,0.0,0.8986,947044.83
2026-10-05 16:00:00,-80.065,7.32,0.8794,947605.25
2026-10-05 17:00:00,-65.227,122.073,0.7371,948776.53
2026-10-05 18:00:00,-53.377,281.784,0.3598,948746.91
2026-10-05 19:00:00,-41.192,421.611,0.0059,947800.68
2026-10-05 20:00:00,-27.471,530.732,0.0,947857.81
2026-10-05 21:00:00,-19.548,603.735,0.0,947885.16
2026-10-05 22:00:00,-2.124,640.311,0.0,948027.69
2026-10-05 23:00:00,-0.909,649.046,0.0,948058.03
2026-10-06 00:00:00,6.309,599.913,0.0,949135.63
2026-10-06 01:00:00,7.851,529.63,0.0,948924.91
2026-10-06 02:00:00,-1.492,399.521,0.0,949736.06
2026-10-06 03:00:00,-2.894,269.495,0.0,949542.63
2026-10-06 04:00:00,-11.178,100.382,0.0,949494.98
2026-10-06 05:00:00,-21.697,6.68,0.0,950569.47
2026-10-06 06:00:00,-30.476,8.483,0.0,950323.48
2026-10-06 07:00:00,-36.188,0.0,0.0,949906.31
2026-10-06 08:00:00,-53.331,0.0,0.0333,949191.88
2026-10-06 09:00:00,-65.029,0.0,0.4279,948381.58
2026-10-06 10:00:00,-72.731,0.0,0.8111,947931.84
2026-10-06 11:00:00,-76.662,3.335,1.0081,947260.45
2026-10-06 12:00:00,-82.788,0.0,1.0892,947722.65
2026-10-06 13:00:00,-87.319,0.262,1.2694,947905.33
2026-10-06 14:00:00,-87.631,2.781,1.298,947307.85
2026-10-06 15:00:00,-88.096,0.0,1.2906,946931.89
2026-10-06 16:00:00,-86.427,6.434,1.1506,947246.22
2026-10-06 17:00:00,-81.729,7.578,1.1627,947677.12
2026-10-06 18:00:00,-69.864,175.264,0.8323,948158.55
2026-10-06 19:00:00,-52.704,327.822,0.3809,948714.08
2026-10-06 20:00:00,-36.177,462.707,0.0,949544.48
2026-10-06 21:00:00,-24.812,557.017,0.0,949152.55
2026-10-06 22:00:00,-14.205,612.602,0.0,949688.22
2026-10-06 23:00:00,-7.436,648.939,0.0,949856.46
2026-10-07 00:00:00,10.143,633.205,0.0,950541.37
2026-10-07 01:00:00,4.234,569.761,0.0,950922.97
2026-10-07 02:00:00,6.903,481.284,0.0,949962.68
2026-10-07 03:00:00,6.337,353.339,0.0,950694.09
2026-10-07 04:00:00,-3.034,200.11,0.0,949592.44
2026-10-07 05:00:00,-14.888,48.522,0.0,949982.4
2026-10-07 06:00:00,-19.048,0.0,0.0,949892.07
2026-10-07 07:00:00,-34.867,0.0,0.0,949904.5
2026-10-07 08:00:00,-36.024,0.0,0.0,950387.31
2026-10-07 09:00:00,-50.587,6.177,0.2231,949746.4
2026-10-07 10:00:00,-63.034,0.0,0.5212,949324.83
2026-10-07 11:00:00,-75.92,0.395,0.7937,949350.33
2026-10-07 12:00:00,-82.959,0.0,1.0839,948961.89
2026-10-07 13:00:00,-85.808,2.314,1.1896,949047.39
2026-10-07 14:00:00,-82.677,6.747,1.0162,948970.8
2026-10-07 15:00:00,-87.815,3.239,1.1183,949897.98
2026-10-07 16:00:00,-85.437,3.434,1.0096,948963.02
2026-10-07 17:00:00,-80.16,3.031,1.0162,949089.04
2026-10-07 18:00:00,-66.351,58.508,0.5504,948576.62
2026-10-07 19:00:00,-61.854,221.463,0.5025,948821.92
2026-10-07 20:00:00,-42.11,370.655,0.0,948871.25
2026-10-07 21:00:00,-34.397,489.873,0.0,949971.91
2026-10-07 22:00:00,-22.614,578.126,0.0,949874.37
2026-10-07 23:00:00,-9.91,626.352,0.0,949222.28
2026-10-08 00:00:00,-1.497,640.194,0.0,948980.64
2026-10-08 01:00:00,6.027,615.086,0.0,948849.07
2026-10-08 02:00:00,-0.014,545.67,0.0,948439.93
2026-10-08 03:00:00,5.709,436.452,0.0,948401.36
2026-10-08 04:00:00,-0.451,306.788,0.0,947846.76
2026-10-08 05:00:00,-9.057,150.431,0.0,947791.23
2026-10-08 06:00:00,-20.767,5.453,0.0,948141.56
2026-10-08 07:00:00,-26.309,0.0,0.0,947746.57
2026-10-08 08:00:00,-36.587,3.482,0.0,947634.44
2026-10-08 09:00:00,-46.475,1.016,0.0491,947328.55
2026-10-08 10:00:00,-60.629,0.0,0.3786,946999.56
2026-10-08 11:00:00,-65.585,0.0,0.4506,946744.51
2026-10-08 12:00:00,-76.63,0.0,0.8971,947299.94
2026-10-08 13:00:00,-86.57,0.0,1.0107,947142.08
2026-10-08 14:00:00,-88.297,0.0,1.2098,947839.59
2026-10-08 15:00:00,-90.953,1.91,1.3329,948844.29
2026-10-08 16:00:00,-87.795,0.0,1.3168,948830.52
2026-10-08 17:00:00,-86.344,0.074,1.2403,948896.69
2026-10-08 18:00:00,-83.376,2.862,1.0851,949091.97
2026-10-08 19:00:00,-71.011,125.394,0.7471,948459.83
2026-10-08 20:00:00,-60.126,273.429,0.4799,948359.08
2026-10-08 21:00:00,-37.602,415.814,0.0,948880.97
2026-10-08 22:00:00,-24.001,528.265,0.0,948783.98
2026-10-08 23:00:00,-11.602,612.638,0.0,949035.68
2026-10-09 00:00:00,-7.289,635.989,0.0,949387.13
2026-10-09 01:00:00,5.704,635.787,0.0,949028.52
2026-10-09 02:00:00,7.953,609.967,0.0,948773.36
2026-10-09 03:00:00,5.271,511.708,0.0,948392.02
2026-10-09 04:00:00,3.245,387.629,0.0,948290.1
2026-10-09 05:00:00,-1.424,252.555,0.0,948454.66
2026-10-09 06:00:00,-10.123,83.527,0.0,948442.79
2026-10-09 07:00:00,-17.914,1.205,0.0,949044.13
2026-10-09 08:00:00,-28.253,4.049,0.0,948900.38
2026-10-09 09:00:00,-39.733,0.0,0.0,948620.56
2026-10-09 10:00:00,-45.19,0.0,0.0,948125.78
2026-10-09 11:00:00,-60.1,4.618,0.1434,948355.85
2026-10-09 12:00:00,-69.919,0.0,0.8138,948799.1
2026-10-09 13:00:00,-78.863,0.0,0.8796,949275.06
2026-10-09 14:00:00,-84.933,0.0,1.0947,948573.5
2026-10-09 15:00:00,-92.371,0.0,1.4168,947545.24
2026-10-09 16:00:00,-92.354,0.0,1.3144,947709.6
2026-10-09 17:00:00,-80.798,0.0,1.2345,947644.25
2026-10-09 18:00:00,-89.387,1.072,1.2173,947115.02
2026-10-09 19:00:00,-76.88,11.984,1.039,947038.15
2026-10-09 20:00:00,-64.646,177.996,0.6265,947141.78
2026-10-09 21:00:00,-48.711,327.439,0.2293,946819.32
2026-10-09 22:00:00,-36.839,457.564,0.0,946261.76
2026-10-09 23:00:00,-19.612,549.902,0.0,945570.97
2026-10-10 00:00:00,-13.08,624.217,0.0,946522.78
2026-10-10 01:00:00,-0.71,644.568,0.0,946095.24
2026-10-10 02:00:00,4.359,628.131,0.0,947184.62
2026-10-10 03:00:00,9.44,576.338,0.0,946637.3
2026-10-10 04:00:00,4.147,472.765,0.0,947141.4
2026-10-10 05:00:00,1.956,357.636,0.0,947499.71
2026-10-10 06:00:00,-7.09,209.978,0.0,948350.57
2026-10-10 07:00:00,-14.985,45.32,0.0,948327.38
2026-10-10 08:00:00,-23.665,0.0,0.0,948606.34
2026-10-10 09:00:00,-39.54,0.0,0.0,948451.12
2026-10-10 10:00:00,-43.499,5.394,0.0,948441.07
2026-10-10 11:00:00,-51.135,0.557,0.0515,948817.14
2026-10-10 12:00:00,-68.09,0.0,0.4159,949294.78
2026-10-10 13:00:00,-76.342,5.868,0.8098,949414.94
2026-10-10 14:00:00,-78.065,0.0,0.8797,950164.99
2026-10-10 15:00:00,-82.575,0.0,1.0383,950147.66
2026-10-10 16:00:00,-91.234,2.624,1.321,950688.72
2026-10-10 17:00:00,-89.045,0.0,1.1543,950934.88
2026-10-10 18:00:00,-87.681,0.0,1.2782,950391.03
2026-10-10 19:00:00,-78.334,5.446,0.83,950303.68
2026-10-10 20:00:00,-74.841,69.629,0.8936,949802.28
2026-10-10 21:00:00,-61.668,234.419,0.4205,949439.49
2026-10-10 22:00:00,-43.036,378.708,0.0589,949599.97
2026-10-10 23:00:00,-36.028,493.836,0.0,949933.95
2026-10-11 00:00:00,-22.514,570.974,0.0,949560.22
2026-10-11 01:00:00,-9.809,628.36,0.0,949577.62
2026-10-11 02:00:00,4.066,648.003,0.0,948881.26
2026-10-11 03:00:00,1.374,605.138,0.0,948165.2
2026-10-11 04:00:00,4.762,540.39,0.0,948161.92
2026-10-11 05:00:00,6.916,437.86,0.0,948171.85
2026-10-11 06:00:00,2.067,309.51,0.0,948296.71
2026-10-11 07:00:00,-7.724,145.785,0.0,948578.88
2026-10-11 08:00:00,-18.575,0.0,0.0,948446.95
2026-10-11 09:00:00,-25.72,0.0,0.0,949038.01
2026-10-11 10:00:00,-41.066,1.755,0.0,949841.21
2026-10-11 11:00:00,-47.315,0.0,0.1329,949819.56
2026-10-11 12:00:00,-53.725,5.246,0.1635,949602.11
2026-10-11 13:00:00,-71.324,0.0,0.531,950483.56
2026-10-11 14:00:00,-78.191,0.601,0.8061,950471.2
2026-10-11 15:00:00,-83.844,2.226,1.0922,950295.02
2026-10-11 16:00:00,-88.862,0.0,1.1609,949578.71
2026-10-11 17:00:00,-85.12,4.199,1.2122,949840.93
2026-10-11 18:00:00,-92.942,0.745,1.4367,949907.59
2026-10-11 19:00:00,-90.26,3.944,1.2525,950800.96
2026-10-11 20:00:00,-79.025,0.971,1.0535,950875.32
2026-10-11 21:00:00,-72.512,125.635,0.8553,950822.52
2026-10-11 22:00:00,-55.339,276.097,0.3301,951444.46
2026-10-11 23:00:00,-44.846,413.563,0.01,951831.18
2026-10-12 00:00:00,-28.73,533.376,0.0,952572.73
2026-10-12 01:00:00,-23.004,606.913,0.0,951782.37
2026-10-12 02:00:00,-7.061,636.113,0.0,952349.1
2026-10-12 03:00:00,-0.137,638.218,0.0,952221.38
2026-10-12 04:00:00,2.711,580.382,0.0,952740.76
2026-10-12 05:00:00,0.6,506.084,0.0,952349.81
2026-10-12 06:00:00,2.881,397.608,0.0,952058.1
2026-10-12 07:00:00,-1.875,250.678,0.0,951375.29
2026-10-12 08:00:00,-14.553,94.182,0.0,950336.2
2026-10-12 09:00:00,-23.44,0.0,0.0,949527.47
2026-10-12 10:00:00,-28.803,0.0,0.0,949533.3
2026-10-12 11:00:00,-35.879,1.691,0.0,949754.13
2026-10-12 12:00:00,-48.482,2.326,0.0,949653.04
2026-10-12 13:00:00,-60.951,4.812,0.1522,949583.72
2026-10-12 14:00:00,-72.21,0.0,0.5374,949339.18
2026-10-12 15:00:00,-79.043,0.0,0.8479,949547.7
2026-10-12 16:00:00,-89.192,0.0,0.8703,949341.5
2026-10-12 17:00:00,-89.471,0.0,1.2672,949405.81
2026-10-12 18:00:00,-86.995,0.0,1.0915,949424.64
2026-10-12 19:00:00,-88.699,0.0,1.0231,950088.66
2026-10-12 20:00:00,-86.259,0.0,0.8981,950210.44
2026-10-12 21:00:00,-79.601,23.652,0.747,950422.12
2026-10-12 22:00:00,-66.086,176.502,0.4974,950957.05
2026-10-12 23:00:00,-55.925,329.199,0.0,950447.07
2026-10-13 00:00:00,-41.665,454.576,0.0,950522.0
2026-10-13 01:00:00,-21.148,547.705,0.0,950195.39
2026-10-13 02:00:00,-16.935,624.9,0.0,950498.45
2026-10-13 03:00:00,-6.97,632.867,0.0,950963.16
2026-10-13 04:00:00,2.633,622.897,0.0,950875.99
2026-10-13 05:00:00,3.489,566.946,0.0,950482.43
2026-10-13 06:00:00,4.694,473.301,0.0,950305.19
2026-10-13 07:00:00,2.61,342.971,0.0,950818.71
2026-10-13 08:00:00,-11.355,189.504,0.0,950156.42
2026-10-13 09:00:00,-14.655,33.965,0.0,950085.12
2026-10-13 10:00:00,-26.951,0.0,0.0,949909.34
2026-10-13 11:00:00,-35.318,0.0,0.0,949043.08
2026-10-13 12:00:00,-39.02,4.85,0.0,949515.06
2026-10-13 13:00:00,-59.673,0.0,0.0,950051.64
2026-10-13 14:00:00,-63.837,1.505,0.177,950149.27
2026-10-13 15:00:00,-71.626,0.791,0.5366,949582.22
2026-10-13 16:00:00,-84.448,4.802,0.8894,949695.83
2026-10-13 17:00:00,-89.722,0.0,0.9498,950235.07
2026-10-13 18:00:00,-92.028,3.956,1.1428,950923.14
2026-10-13 19:00:00,-93.255,0.0,1.1103,951302.03
2026-10-13 20:00:00,-89.442,2.172,1.0225,951185.72
2026-10-13 21:00:00,-82.727,0.0,0.8961,951750.84
2026-10-13 22:00:00,-77.636,58.514,0.6994,951536.04
2026-10-13 23:00:00,-60.609,232.361,0.332,951133.94
2026-10-14 00:00:00,-45.753,376.499,0.0981,951315.03
2026-10-14 01:00:00,-35.018,496.404,0.0,951204.47
2026-10-14 02:00:00,-22.299,579.175,0.0,951186.42
2026-10-14 03:00:00,-14.828,639.447,0.0,951260.98
2026-10-14 04:00:00,-13.285,639.086,0.0,951043.74
2026-10-14 05:00:00,1.193,611.463,0.0,950073.79
2026-10-14 06:00:00,4.173,540.965,0.0,949928.93
2026-10-14 07:00:00,1.063,440.489,0.0,950149.38
2026-10-14 08:00:00,-1.698,296.34,0.0,950236.49
2026-10-14 09:00:00,-14.212,141.467,0.0,950901.92
2026-10-14 10:00:00,-20.883,0.0,0.0,950687.94
2026-10-14 11:00:00,-26.258,7.762,0.0,950619.74
2026-10-14 12:00:00,-38.57,2.107,0.0,950688.99
2026-10-14 13:00:00,-47.018,2.265,0.0,950289.85
2026-10-14 14:00:00,-57.406,15.584,0.0993,950596.19
2026-10-14 15:00:00,-75.861,1.625,0.7097,950211.9
2026-10-14 16:00:00,-78.505,0.0,0.9334,951225.83
2026-10-14 17:00:00,-88.872,0.0,1.1302,951076.62
2026-10-14 18:00:00,-94.323,0.0,1.2733,950771.11
2026-10-14 19:00:00,-94.093,0.0,1.2913,951263.87
2026-10-14 20:00:00,-87.563,0.0,1.0908,950528.42
2026-10-14 21:00:00,-91.316,0.0,1.297,951163.61
2026-10-14 22:00:00,-89.233,0.0,1.1913,951330.55
2026-10-14 23:00:00,-77.08,134.574,0.7037,950320.43
2026-10-15 00:00:00,-58.518,282.711,0.4158,950635.89
2026-10-15 01:00:00,-48.994,416.52,0.1064,950714.73
2026-10-15 02:00:00,-39.26,530.885,0.0,950436.42
2026-10-15 03:00:00,-26.418,604.856,0.0,951452.32
2026-10-15 04:00:00,-11.575,640.374,0.0,951733.1
2026-10-15 05:00:00,-2.515,637.653,0.0,951667.62
2026-10-15 06:00:00,-1.646,589.181,0.0,951335.07
2026-10-15 07:00:00,2.966,508.152,0.0,950286.04
2026-10-15 08:00:00,1.54,392.272,0.0,950607.54
2026-10-15 09:00:00,-9.689,247.954,0.0,952222.39
2026-10-15 10:00:00,-17.023,88.731,0.0,952243.02
2026-10-15 11:00:00,-27.927,7.652,0.0,952634.48
2026-10-15 12:00:00,-33.503,0.0,0.0,952859.52
2026-10-15 13:00:00,-47.563,1.957,0.0639,953481.83
2026-10-15 14:00:00,-59.466,2.07,0.4446,952621.9
2026-10-15 15:00:00,-66.267,0.0,0.521,952019.33
2026-10-15 16:00:00,-72.505,0.0,0.7665,950935.27
2026-10-15 17:00:00,-83.049,0.0,1.0169,950809.94
2026-10-15 18:00:00,-88.004,0.0,1.1296,950965.56
2026-10-15 19:00:00,-92.655,0.0,1.3255,951180.45
2026-10-15 20:00:00,-96.003,0.0,1.4127,950925.67
2026-10-15 21:00:00,-96.315,1.331,1.4291,950228.01
2026-10-15 22:00:00,-92.566,6.33,1.3067,949888.99
2026-10-15 23:00:00,-87.72,22.23,1.2679,949630.61
2026-10-16 00:00:00,-67.102,167.418,0.7912,950057.78
2026-10-16 01:00:00,-57.776,332.914,0.356,949867.23
2026-10-16 02:00:00,-48.311,454.904,0.2303,949545.82
2026-10-16 03:00:00,-26.269,558.381,0.0,949542.06
2026-10-16 04:00:00,-17.999,618.548,0.0,950167.4
2026-10-16 05:00:00,-5.915,640.209,0.0,949965.2
2026-10-16 06:00:00,-2.144,621.815,0.0,951295.07
2026-10-16 07:00:00,0.025,563.187,0.0,951436.32
2026-10-16 08:00:00,2.962,474.631,0.0,952150.13
2026-10-16 09:00:00,-0.79,342.22,0.0,951667.99
2026-10-16 10:00:00,-10.215,200.066,0.0,952619.29
2026-10-16 11:00:00,-14.759,39.108,0.0,952549.9
2026-10-16 12:00:00,-24.698,3.335,0.0,953082.31
2026-10-16 13:00:00,-35.156,0.0,0.0,952956.24
2026-10-16 14:00:00,-51.214,5.583,0.0116,952123.35
2026-10-16 15:00:00,-62.937,0.0,0.4479,951361.03
2026-10-16 16:00:00,-64.987,3.579,0.5356,950613.65
2026-10-16 17:00:00,-84.39,0.0,1.033,951232.33
2026-10-16 18:00:00,-85.957,0.0,1.0924,951071.5
2026-10-16 19:00:00,-90.272,9.882,1.1948,951180.87
2026-10-16 20:00:00,-95.663,0.0,1.3492,951071.31
2026-10-16 21:00:00,-94.435,5.731,1.5112,951881.71
2026-10-16 22:00:00,-91.187,0.592,1.4371,952560.69
2026-10-16 23:00:00,-89.438,0.0,1.3823,952451.46
2026-10-17 00:00:00,-76.035,74.578,0.9631,952500.03
2026-10-17 01:00:00,-63.722,226.211,0.5702,951601.21
2026-10-17 02:00:00,-51.927,375.519,0.3164,951537.57
2026-10-17 03:00:00,-40.115,488.778,0.0,951467.71
2026-10-17 04:00:00,-25.146,578.898,0.0,951243.81
2026-10-17 05:00:00,-7.194,634.669,0.0,950723.88
2026-10-17 06:00:00,-7.788,639.797,0.0,950699.11
2026-10-17 07:00:00,3.977,598.369,0.0,950069.89
2026-10-17 08:00:00,-3.444,538.182,0.0,949890.2
2026-10-17 09:00:00,-2.467,427.568,0.0,948968.57
2026-10-17 10:00:00,-6.486,290.974,0.0,948692.23
2026-10-17 11:00:00,-9.891,144.553,0.0,949171.49
2026-10-17 12:00:00,-22.246,0.0,0.0,949416.62
2026-10-17 13:00:00,-26.445,0.0,0.0,949870.87
2026-10-17 14:00:00,-41.158,9.239,0.0,948905.76
2026-10-17 15:00:00,-51.697,0.0,0.1793,948380.36
2026-10-17 16:00:00,-63.342,0.0,0.4876,948247.04
2026-10-17 17:00:00,-66.527,0.0,0.4949,948539.1
2026-10-17 18:00:00,-84.183,5.9,1.1525,948711.37
2026-10-17 19:00:00,-88.994,0.0,1.3214,948852.4
2026-10-17 20:00:00,-95.31,0.0,1.4859,949069.89
2026-10-17 21:00:00,-92.884,0.0,1.5864,948761.96
2026-10-17 22:00:00,-97.631,6.634,1.4599,948338.98
2026-10-17 23:00:00,-85.341,4.161,1.0972,948182.41
2026-10-18 00:00:00,-84.827,0.0,1.0929,948178.39
2026-10-18 01:00:00,-72.221,136.297,0.8374,948214.97
2026-10-18 02:00:00,-58.648,286.863,0.5839,949216.53
2026-10-18 03:00:00,-46.196,417.185,0.1412,949696.37
2026-10-18 04:00:00,-32.882,526.045,0.0,949896.83
2026-10-18 05:00:00,-20.987,602.848,0.0,949733.5
2026-10-18 06:00:00,-9.372,632.542,0.0,949142.14
2026-10-18 07:00:00,-6.055,631.111,0.0,948467.24
2026-10-18 08:00:00,-2.837,586.271,0.0,948654.91
2026-10-18 09:00:00,3.461,492.185,0.0,949134.12
2026-10-18 10:00:00,-1.693,383.25,0.0,948088.46
2026-10-18 11:00:00,-13.332,241.465,0.0,948403.86
2026-10-18 12:00:00,-17.495,91.232,0.0,948656.99
2026-10-18 13:00:00,-21.06,0.0,0.0,948312.51
2026-10-18 14:00:00,-34.598,0.0,0.0,948074.91
2026-10-18 15:00:00,-46.278,0.0,0.0,947821.18
2026-10-18 16:00:00,-59.158,4.8,0.2537,947548.61
2026-10-18 17:00:00,-67.158,0.0,0.6031,947941.28
2026-10-18 18:00:00,-78.24,8.98,0.8135,948435.62
2026-10-18 19:00:00,-81.641,3.311,1.0049,949290.45
2026-10-18 20:00:00,-89.108,0.0,1.214,949489.43
2026-10-18 21:00:00,-94.277,1.198,1.4053,949406.43
2026-10-18 22:00:00,-96.681,0.0,1.4761,949796.87
2026-10-18 23:00:00,-88.399,4.297,1.3008,949935.66
2026-10-19 00:00:00,-90.241,0.0,1.2569,950047.74
2026-10-19 01:00:00,-83.335,18.659,1.1212,950000.2
2026-10-19 02:00:00,-68.881,185.213,0.7506,949976.22
2026-10-19 03:00:00,-54.433,337.39,0.3726,950133.98
2026-10-19 04:00:00,-39.22,447.173,0.0285,950340.35
2026-10-19 05:00:00,-24.413,562.38,0.0,950486.0
2026-10-19 06:00:00,-13.233,616.252,0.0,950825.67
2026-10-19 07:00:00,0.718,629.138,0.0,951176.89
2026-10-19 08:00:00,-5.387,603.921,0.0,950719.93
2026-10-19 09:00:00,3.102,551.695,0.0,950306.66
2026-10-19 10:00:00,0.009,463.548,0.0,950823.29
2026-10-19 11:00:00,4.284,337.695,0.0,949849.89
2026-10-19 12:00:00,-9.105,193.759,0.0,949660.84
2026-10-19 13:00:00,-25.587,28.124,0.0,949614.72
2026-10-19 14:00:00,-26.84,0.0,0.0,949563.76
2026-10-19 15:00:00,-36.699,0.0,0.0,950476.96
2026-10-19 16:00:00,-45.98,0.168,0.062,950973.63
2026-10-19 17:00:00,-60.903,1.154,0.3878,950877.37
2026-10-19 18:00:00,-67.918,0.0,0.6599,950782.06
2026-10-19 19:00:00,-77.77,4.507,0.8857,949585.21
2026-10-19 20:00:00,-86.521,0.0,1.1143,948972.23
2026-10-19 21:00:00,-88.334,0.0,1.1244,949578.2
2026-10-19 22:00:00,-92.262,0.0,1.3552,949195.46
2026-10-19 23:00:00,-89.221,5.374,1.1806,950062.38
2026-10-20 00:00:00,-89.798,0.0,1.2238,950277.01
2026-10-20 01:00:00,-82.895,0.0,1.1518,951288.6
2026-10-20 02:00:00,-78.887,82.495,1.0726,951173.35
2026-10-20 03:00:00,-57.391,245.626,0.4209,951362.92
2026-10-20 04:00:00,-50.353,377.823,0.2736,951521.55
2026-10-20 05:00:00,-31.864,500.463,0.0,951959.54
2026-10-20 06:00:00,-21.412,585.066,0.0,952057.6
2026-10-20 07:00:00,-10.899,624.997,0.0,952159.42
2026-10-20 08:00:00,-0.482,635.743,0.0,952646.23
2026-10-20 09:00:00,-4.611,595.742,0.0,952238.12
2026-10-20 10:00:00,2.308,528.8,0.0,951635.4
2026-10-20 11:00:00,4.24,420.162,0.0,951705.25
2026-10-20 12:00:00,2.965,287.429,0.0,952089.88
2026-10-20 13:00:00,-11.257,133.171,0.0,951552.64
2026-10-20 14:00:00,-28.495,0.0,0.0,951426.63
2026-10-20 15:00:00,-30.731,2.661,0.0,951070.65
2026-10-20 16:00:00,-39.321,0.0,0.0,951453.13
2026-10-20 17:00:00,-46.227,0.0,0.0,950928.72
2026-10-20 18:00:00,-59.564,0.0,0.234,950950.84
2026-10-20 19:00:00,-72.482,0.0,0.7997,951046.75
2026-10-20 20:00:00,-74.396,1.22,0.7577,950343.47
2026-10-20 21:00:00,-81.856,2.517,0.8251,950142.62
2026-10-20 22:00:00,-90.485,1.283,1.2174,950672.25
2026-10-20 23:00:00,-87.785,0.0,1.2862,950070.76
2026-10-21 00:00:00,-91.1,1.234,1.2459,949729.95
2026-10-21 01:00:00,-86.992,0.0,1.1493,949546.62
2026-10-21 02:00:00,-81.661,0.0,1.0658,949926.16
2026-10-21 03:00:00,-69.465,135.92,0.6407,948723.49
2026-10-21 04:00:00,-52.991,289.069,0.2014,948488.58
2026-10-21 05:00:00,-47.612,424.073,0.1117,949506.94
2026-10-21 06:00:00,-25.586,523.548,0.0,950424.41
2026-10-21 07:00:00,-16.213,605.734,0.0,949578.65
2026-10-21 08:00:00,-8.601,631.879,0.0,949360.99
2026-10-21 09:00:00,0.068,631.163,0.0,949863.4
2026-10-21 10:00:00,1.236,578.349,0.0,950005.08
2026-10-21 11:00:00,-0.129,495.29,0.0,949303.24
2026-10-21 12:00:00,-0.748,367.769,0.0,949349.93
2026-10-21 13:00:00,-9.456,237.315,0.0,949387.94
2026-10-21 14:00:00,-17.055,82.827,0.0,950163.34
2026-10-21 15:00:00,-27.373,0.0,0.0,950183.95
2026-10-21 16:00:00,-27.31,8.781,0.0,948975.07
2026-10-21 17:00:00,-45.418,0.0,0.0,948359.57
2026-10-21 18:00:00,-52.489,0.0,0.0158,948392.31
2026-10-21 19:00:00,-60.004,0.0,0.1943,948998.82
2026-10-21 20:00:00,-70.397,0.0,0.3989,949151.9
2026-10-21 21:00:00,-81.674,5.157,0.925,949781.4
2026-10-21 22:00:00,-88.375,7.39,1.0826,949191.82
2026-10-21 23:00:00,-91.185,0.0,1.0498,949552.17
2026-10-22 00:00:00,-86.899,0.0,0.718,949851.48
2026-10-22 01:00:00,-90.015,0.0,1.1275,949955.19
2026-10-22 02:00:00,-85.452,6.531,0.7754,949147.59
2026-10-22 03:00:00,-73.418,31.672,0.6757,949032.16
2026-10-22 04:00:00,-66.765,184.879,0.3836,948545.06
2026-10-22 05:00:00,-50.683,325.78,0.0379,947950.69
2026-10-22 06:00:00,-39.094,452.078,0.0,947702.28
2026-10-22 07:00:00,-25.798,555.689,0.0,947269.0
2026-10-22 08:00:00,-18.184,617.972,0.0,947370.25
2026-10-22 09:00:00,-9.858,625.555,0.0,948298.48
2026-10-22 10:00:00,-2.266,613.879,0.0,949049.74
2026-10-22 11:00:00,5.593,563.44,0.0,948268.56
2026-10-22 12:00:00,4.906,458.274,0.0,948554.66
2026-10-22 13:00:00,2.698,341.174,0.0,949058.93
2026-10-22 14:00:00,-9.236,189.802,0.0,948971.67
2026-10-22 15:00:00,-17.738,21.938,0.0,949790.13
2026-10-22 16:00:00,-26.481,0.0,0.0,948946.45
2026-10-22 17:00:00,-38.295,0.0,0.0,948836.37
2026-10-22 18:00:00,-49.35,0.0,0.0,948690.27
2026-10-22 19:00:00,-63.651,0.0,0.4631,948212.63
2026-10-22 20:00:00,-69.821,7.534,0.6854,947918.88
2026-10-22 21:00:00,-78.702,0.0,1.0643,948543.91
2026-10-22 22:00:00,-82.183,5.392,1.2184,948625.72
2026-10-22 23:00:00,-87.455,0.0,1.1328,948969.99
2026-10-23 00:00:00,-93.685,0.0,1.3816,948132.08
2026-10-23 01:00:00,-88.083,2.809,1.0991,948620.36
2026-10-23 02:00:00,-91.227,0.0,1.5447,948813.29
2026-10-23 03:00:00,-83.262,2.84,1.1595,948140.62
2026-10-23 04:00:00,-77.978,70.66,1.0383,948596.79
2026-10-23 05:00:00,-67.29,239.26,0.6823,948517.58
2026-10-23 06:00:00,-51.569,365.564,0.3044,948739.24
2026-10-23 07:00:00,-32.943,493.201,0.0,948494.38
2026-10-23 08:00:00,-25.375,583.104,0.0,948337.52
2026-10-23 09:00:00,-14.843,629.059,0.0,949022.12
2026-10-23 10:00:00,-5.271,626.149,0.0,949780.54
2026-10-23 11:00:00,-1.309,592.639,0.0,950039.6
2026-10-23 12:00:00,5.352,522.251,0.0,949573.66
2026-10-23 13:00:00,5.977,419.898,0.0,949983.51
2026-10-23 14:00:00,-4.68,275.042,0.0,950162.96
2026-10-23 15:00:00,-11.395,132.971,0.0,949507.22
2026-10-23 16:00:00,-20.184,1.557,0.0,949402.27
2026-10-23 17:00:00,-30.717,0.0,0.0,948888.74
2026-10-23 18:00:00,-43.429,2.627,0.1175,948991.07
2026-10-23 19:00:00,-52.064,1.119,0.2689,948663.61
2026-10-23 20:00:00,-59.153,0.0,0.4418,948466.66
2026-10-23 21:00:00,-69.306,0.0,0.7289,948496.13
2026-10-23 22:00:00,-84.887,0.667,1.333,949029.03
2026-10-23 23:00:00,-87.685,0.0,1.2917,949090.19
2026-10-24 00:00:00,-92.659,0.0,1.4074,949153.02
2026-10-24 01:00:00,-89.184,2.396,1.4868,949216.77
2026-10-24 02:00:00,-92.188,7.087,1.6726,948969.92
2026-10-24 03:00:00,-88.198,0.0,1.3871,948507.58
2026-10-24 04:00:00,-82.162,2.77,1.3306,949603.99
2026-10-24 05:00:00,-67.477,127.729,0.854,949452.28
2026-10-24 06:00:00,-54.326,288.011,0.5168,949228.66
2026-10-24 07:00:00,-42.045,419.783,0.2061,948996.66
2026-10-24 08:00:00,-27.118,532.388,0.0,948910.89
2026-10-24 09:00:00,-14.676,595.709,0.0,948659.37
2026-10-24 10:00:00,-14.452,630.727,0.0,948967.87
2026-10-24 11:00:00,-0.057,629.948,0.0,949347.13
2026-10-24 12:00:00,1.12,576.58,0.0,949694.73
2026-10-24 13:00:00,-0.868,486.631,0.0,948613.5
2026-10-24 14:00:00,-0.429,388.301,0.0,948989.23
2026-10-24 15:00:00,-3.189,229.282,0.0,949149.4
2026-10-24 16:00:00,-9.364,78.349,0.0,949733.44
2026-10-24 17:00:00,-27.245,1.733,0.0,949415.2
2026-10-24 18:00:00,-29.841,1.338,0.0,948991.03
2026-10-24 19:00:00,-35.399,0.0,0.0,948820.83
2026-10-24 20:00:00,-46.516,0.0,0.1641,947669.19
2026-10-24 21:00:00,-72.81,0.0,0.7478,947482.66
2026-10-24 22:00:00,-65.503,0.0,0.617,948710.43
2026-10-24 23:00:00,-77.181,10.751,0.8875,948500.71
2026-10-25 00:00:00,-93.487,0.0,1.3689,948277.1
2026-10-25 01:00:00,-91.95,2.985,1.1656,948404.47
2026-10-25 02:00:00,-86.785,0.0,1.168,948195.93
2026-10-25 03:00:00,-87.948,0.0,1.2614,948328.91
2026-10-25 04:00:00,-86.749,0.0,1.3165,948162.53
2026-10-25 05:00:00,-77.905,21.576,0.9189,948092.65
2026-10-25 06:00:00,-63.846,187.037,0.5806,948212.13
2026-10-25 07:00:00,-53.394,332.173,0.3442,949634.7
2026-10-25 08:00:00,-38.447,464.838,0.0461,950345.9
2026-10-25 09:00:00,-22.381,548.119,0.0,949830.68
2026-10-25 10:00:00,-15.621,610.552,0.0,949982.81
2026-10-25 11:00:00,-8.473,628.666,0.0,949312.31
2026-10-25 12:00:00,0.558,619.209,0.0,948592.44
2026-10-25 13:00:00,2.734,546.974,0.0,948617.5
2026-10-25 14:00:00,2.717,457.868,0.0,947796.92
2026-10-25 15:00:00,-4.972,334.273,0.0,948286.63
2026-10-25 16:00:00,-6.475,181.802,0.0,949256.64
2026-10-25 17:00:00,-14.501,16.99,0.0,949946.84
2026-10-25 18:00:00,-27.461,0.0,0.0,950572.13
2026-10-25 19:00:00,-36.364,4.299,0.0,951223.25
2026-10-25 20:00:00,-44.911,0.0,0.0257,951352.27
2026-10-25 21:00:00,-57.963,1.96,0.3487,950963.33
2026-10-25 22:00:00,-62.735,0.572,0.4725,951206.28
2026-10-25 23:00:00,-77.553,1.886,0.9462,951644.49
2026-10-26 00:00:00,-84.17,2.358,1.1156,952049.57
2026-10-26 01:00:00,-89.79,0.0,1.2579,951941.55
2026-10-26 02:00:00,-88.197,0.0,1.2094,951928.21
2026-10-26 03:00:00,-92.046,3.575,1.4956,952335.32
2026-10-26 04:00:00,-82.413,0.0,1.1529,952706.04
2026-10-26 05:00:00,-82.277,0.0,1.2561,952387.6
2026-10-26 06:00:00,-69.957,87.127,0.9304,952576.89
2026-10-26 07:00:00,-60.905,233.982,0.735,952237.46
2026-10-26 08:00:00,-48.872,381.318,0.3722,952300.63
2026-10-26 09:00:00,-32.089,501.28,0.0,952509.06
2026-10-26 10:00:00,-20.845,577.803,0.0,951996.66
2026-10-26 11:00:00,-13.87,628.79,0.0,951970.71
2026-10-26 12:00:00,3.195,630.39,0.0,951405.36
2026-10-26 13:00:00,5.856,602.715,0.0,951551.73
2026-10-26 14:00:00,5.467,516.225,0.0,951091.65
2026-10-26 15:00:00,7.045,414.587,0.0,950825.45
2026-10-26 16:00:00,0.826,284.328,0.0,950571.66
2026-10-26 17:00:00,-2.786,128.219,0.0,951062.62
2026-10-26 18:00:00,-15.594,5.761,0.0,950860.52
2026-10-26 19:00:00,-25.693,0.0,0.0,951201.91
2026-10-26 20:00:00,-32.731,10.347,0.0,950835.22
2026-10-26 21:00:00,-44.905,10.611,0.0,950804.24
2026-10-26 22:00:00,-55.424,1.41,0.3679,950775.85
2026-10-26 23:00:00,-62.532,2.763,0.5054,950464.17
2026-10-27 00:00:00,-77.989,5.958,0.9153,950664.95
2026-10-27 01:00:00,-84.402,0.0,1.0358,950391.69
2026-10-27 02:00:00,-87.502,0.0,1.2339,949833.6
2026-10-27 03:00:00,-88.246,6.282,1.1749,949543.36
2026-10-27 04:00:00,-83.885,1.37,0.9344,950254.6
2026-10-27 05:00:00,-88.01,0.0,1.19,949711.26
2026-10-27 06:00:00,-77.523,0.056,0.845,949605.62
2026-10-27 07:00:00,-68.013,125.722,0.566,949693.62
2026-10-27 08:00:00,-48.07,287.586,0.0,949877.9
2026-10-27 09:00:00,-36.993,417.013,0.0,948850.05
2026-10-27 10:00:00,-25.765,530.425,0.0,949183.08
2026-10-27 11:00:00,-11.588,601.902,0.0,948973.31
2026-10-27 12:00:00,-8.724,632.352,0.0,948646.86
2026-10-27 13:00:00,8.28,623.341,0.0,948632.41
2026-10-27 14:00:00,3.588,565.654,0.0,948500.58
2026-10-27 15:00:00,11.246,490.872,0.0,948225.88
2026-10-27 16:00:00,6.313,374.349,0.0,948386.43
2026-10-27 17:00:00,-0.229,236.759,0.0,949313.53
2026-10-27 18:00:00,-5.838,85.586,0.0,949941.35
2026-10-27 19:00:00,-16.265,0.0,0.0,950309.93
2026-10-27 20:00:00,-27.966,0.0,0.0,949909.7
2026-10-27 21:00:00,-39.954,0.0,0.0,948758.64
2026-10-27 22:00:00,-49.529,0.863,0.0548,948624.47
2026-10-27 23:00:00,-60.58,0.067,0.3618,948806.07
2026-10-28 00:00:00,-69.159,0.0,0.6012,948640.07
2026-10-28 01:00:00,-74.919,5.138,0.734,948206.11
2026-10-28 02:00:00,-83.275,0.0,1.0125,948475.3
2026-10-28 03:00:00,-87.665,0.0,1.0914,949384.78
2026-10-28 04:00:00,-91.679,0.0,1.1783,949748.36
2026-10-28 05:00:00,-86.737,0.0,1.0621,950318.29
2026-10-28 06:00:00,-88.576,0.0,1.1772,951316.77
2026-10-28 07:00:00,-78.57,32.309,0.9149,950984.82
2026-10-28 08:00:00,-61.482,189.4,0.3878,951961.48
2026-10-28 09:00:00,-47.326,331.669,0.0,952567.15
2026-10-28 10:00:00,-36.142,463.659,0.0,952248.5
2026-10-28 11:00:00,-22.748,553.012,0.0,951578.53
2026-10-28 12:00:00,-10.581,616.906,0.0,951737.4
2026-10-28 13:00:00,-0.409,629.404,0.0,951886.48
2026-10-28 14:00:00,3.389,608.342,0.0,951802.86
2026-10-28 15:00:00,3.651,544.449,0.0,951672.82
2026-10-28 16:00:00,7.619,450.7,0.0,951910.11
2026-10-28 17:00:00,8.024,328.678,0.0,951252.73
2026-10-28 18:00:00,-8.266,176.464,0.0,951033.22
2026-10-28 19:00:00,-15.761,23.009,0.0,951665.44
2026-10-28 20:00:00,-24.783,0.0,0.0,951775.16
2026-10-28 21:00:00,-26.259,3.795,0.0,951545.54
2026-10-28 22:00:00,-46.62,0.0,0.0,951556.52
2026-10-28 23:00:00,-54.822,4.258,0.121,952411.35
2026-10-29 00:00:00,-65.916,0.305,0.3935,952357.05
2026-10-29 01:00:00,-77.129,7.605,0.7578,952146.57
2026-10-29 02:00:00,-85.174,0.0,1.0065,951360.44
2026-10-29 03:00:00,-83.969,0.0,0.8852,951633.26
2026-10-29 04:00:00,-86.33,0.0,1.0502,952008.59
2026-10-29 05:00:00,-90.111,0.0,1.0634,952398.58
2026-10-29 06:00:00,-81.005,0.0,0.997,951949.51
2026-10-29 07:00:00,-86.676,3.108,1.0405,951863.28
2026-10-29 08:00:00,-73.843,86.818,0.5788,951497.28
2026-10-29 09:00:00,-60.381,238.82,0.4143,951409.38
2026-10-29 10:00:00,-44.437,378.069,0.0,952298.67
2026-10-29 11:00:00,-32.165,491.252,0.0,951446.6
2026-10-29 12:00:00,-18.304,584.799,0.0,951800.35
2026-10-29 13:00:00,-5.664,617.943,0.0,950792.78
2026-10-29 14:00:00,5.497,619.942,0.0,950765.24
2026-10-29 15:00:00,9.199,595.01,0.0,950860.15
2026-10-29 16:00:00,8.648,516.272,0.0,951665.32
2026-10-29 17:00:00,5.93,420.47,0.0,952832.7
2026-10-29 18:00:00,4.459,274.094,0.0,951628.99
2026-10-29 19:00:00,-1.559,129.553,0.0,951887.14
2026-10-29 20:00:00,-15.052,5.411,0.0,951179.49
2026-10-29 21:00:00,-27.145,0.0,0.0,951267.63
2026-10-29 22:00:00,-34.835,0.0,0.0,950788.9
2026-10-29 23:00:00,-44.799,3.707,0.0,951064.95
2026-10-30 00:00:00,-59.525,2.874,0.3324,950729.24
2026-10-30 01:00:00,-65.607,0.0,0.4759,951123.46
2026-10-30 02:00:00,-75.712,0.0,0.5965,951080.47
2026-10-30 03:00:00,-80.229,0.0,1.0985,950491.76
2026-10-30 04:00:00,-91.278,2.977,1.2888,950835.07
2026-10-30 05:00:00,-95.293,0.0,1.4382,950580.31
2026-10-30 06:00:00,-90.69,0.0,1.3146,950217.21
2026-10-30 07:00:00,-86.06,0.0,1.0535,949920.76
2026-10-30 08:00:00,-85.513,0.0,1.0798,950395.66
2026-10-30 09:00:00,-70.365,137.923,0.7447,950530.39
2026-10-30 10:00:00,-51.796,286.883,0.2415,950437.83
2026-10-30 11:00:00,-40.182,422.008,0.0,950332.56
2026-10-30 12:00:00,-27.911,528.285,0.0,951219.8
2026-10-30 13:00:00,-19.787,606.731,0.0,952038.09
2026-10-30 14:00:00,-3.216,626.848,0.0,952222.45
2026-10-30 15:00:00,-1.188,623.607,0.0,952843.15
2026-10-30 16:00:00,4.11,565.058,0.0,953127.61
2026-10-30 17:00:00,5.717,475.266,0.0,952641.17
2026-10-30 18:00:00,2.159,365.095,0.0,952542.69
2026-10-30 19:00:00,0.051,218.411,0.0,952998.61
2026-10-30 20:00:00,-11.336,71.415,0.0,954043.77
2026-10-30 21:00:00,-20.933,0.0,0.0,953351.17
2026-10-30 22:00:00,-31.185,0.0,0.0,952475.01
2026-10-30 23:00:00,-39.258,8.68,0.0,952247.71
2026-10-31 00:00:00,-51.95,0.0,0.0549,951826.9
2026-10-31 01:00:00,-61.781,0.0,0.3475,951338.28
2026-10-31 02:00:00,-73.063,4.491,0.6862,951598.56
2026-10-31 03:00:00,-81.714,0.0,0.9518,951655.72
2026-10-31 04:00:00,-88.806,5.451,1.1318,951590.64
2026-10-31 05:00:00,-90.404,0.0,1.1476,952064.01
2026-10-31 06:00:00,-91.752,0.0,1.3164,951897.43
2026-10-31 07:00:00,-82.663,1.724,1.1634,952137.83
2026-10-31 08:00:00,-80.757,2.966,0.9878,951913.84
2026-10-31 09:00:00,-76.495,39.589,0.9055,952035.33
2026-10-31 10:00:00,-65.189,192.123,0.564,951971.59
2026-10-31 11:00:00,-48.827,339.588,0.0192,951353.84
2026-10-31 12:00:00,-31.208,463.273,0.0,951737.06
2026-10-31 13:00:00,-21.804,553.461,0.0,951374.24
2026-10-31 14:00:00,-18.115,608.978,0.0,951711.21
2026-10-31 15:00:00,-0.954,620.324,0.0,951526.88
2026-10-31 16:00:00,5.876,607.886,0.0,951473.27
2026-10-31 17:00:00,12.049,543.387,0.0,951711.37
2026-10-31 18:00:00,4.257,444.331,0.0,953037.99
2026-10-31 19:00:00,1.458,327.199,0.0,952657.28
2026-10-31 20:00:00,-5.032,167.385,0.0,952700.7
2026-10-31 21:00:00,-18.714,25.207,0.0,953103.39
2026-10-31 22:00:00,-28.117,0.0,0.0,952996.31
2026-10-31 23:00:00,-33.829,1.588,0.0,952415.19
2026-11-01 00:00:00,-50.224,0.0,0.1449,952699.97
2026-11-01 01:00:00,-60.489,0.0,0.2015,952801.05
2026-11-01 02:00:00,-64.232,0.0,0.2924,953151.33
2026-11-01 03:00:00,-74.124,1.674,0.8565,952501.84
2026-11-01 04:00:00,-79.413,3.381,0.8712,952220.08
2026-11-01 05:00:00,-87.185,0.0,1.0522,951504.04
2026-11-01 06:00:00,-91.088,0.0,1.1595,951221.1
2026-11-01 07:00:00,-87.54,0.0,1.0911,950699.55
2026-11-01 08:00:00,-89.868,10.26,1.3601,950845.94
2026-11-01 09:00:00,-84.392,0.0,1.119,951391.06
2026-11-01 10:00:00,-73.728,96.894,0.662,950792.74
2026-11-01 11:00:00,-59.674,238.557,0.3636,950239.41
2026-11-01 12:00:00,-47.765,380.06,0.2262,949914.04
2026-11-01 13:00:00,-38.761,497.229,0.0,950469.79
2026-11-01 14:00:00,-22.859,571.216,0.0,950334.32
2026-11-01 15:00:00,-10.519,627.336,0.0,950051.47
2026-11-01 16:00:00,-1.99,623.816,0.0,949948.13
2026-11-01 17:00:00,0.922,589.55,0.0,950379.56
2026-11-01 18:00:00,5.597,511.804,0.0,950595.08
2026-11-01 19:00:00,-2.735,409.209,0.0,949631.55
2026-11-01 20:00:00,-1.736,280.388,0.0,951068.76
2026-11-01 21:00:00,-6.245,120.838,0.0,951239.58
2026-11-01 22:00:00,-22.283,8.649,0.0,951085.14
2026-11-01 23:00:00,-29.519,0.0,0.0,950727.3
2026-11-02 00:00:00,-40.144,3.82,0.0,950514.71
2026-11-02 01:00:00,-50.95,2.446,0.0,950353.09
2026-11-02 02:00:00,-63.706,0.0,0.2662,950720.71
2026-11-02 03:00:00,-64.378,1.069,0.3634,950254.05
2026-11-02 04:00:00,-77.305,0.037,0.6704,949596.21
2026-11-02 05:00:00,-86.863,0.0,0.9532,949083.44
2026-11-02 06:00:00,-91.725,1.79,1.2257,949780.04
2026-11-02 07:00:00,-89.912,0.731,1.1509,950137.68
2026-11-02 08:00:00,-95.448,0.0,1.2937,950047.68
2026-11-02 09:00:00,-82.36,0.0,0.8934,950539.99
2026-11-02 10:00:00,-80.954,0.0,0.9706,951244.74
2026-11-02 11:00:00,-66.443,141.095,0.5521,950572.97
2026-11-02 12:00:00,-52.755,292.601,0.1252,950544.17
2026-11-02 13:00:00,-37.405,418.786,0.0,950924.07
2026-11-02 14:00:00,-24.862,538.129,0.0,951526.71
2026-11-02 15:00:00,-12.438,586.738,0.0,951205.44
2026-11-02 16:00:00,-2.026,621.454,0.0,950279.89
2026-11-02 17:00:00,1.726,612.124,0.0,949721.98
2026-11-02 18:00:00,14.035,575.446,0.0,949787.39
2026-11-02 19:00:00,8.91,472.744,0.0,949393.33
2026-11-02 20:00:00,4.939,364.636,0.0,949211.95
2026-11-02 21:00:00,-3.835,223.518,0.0,949867.62
2026-11-02 22:00:00,-11.232,69.38,0.0,950002.97
2026-11-02 23:00:00,-18.55,6.182,0.0,949741.23
2026-11-03 00:00:00,-29.417,6.079,0.0,950101.85
2026-11-03 01:00:00,-34.1,0.0,0.0,950770.74
2026-11-03 02:00:00,-51.021,0.97,0.0631,951212.97
2026-11-03 03:00:00,-58.88,0.0,0.3744,950658.92
2026-11-03 04:00:00,-73.491,0.495,0.7221,950716.34
2026-11-03 05:00:00,-71.565,0.0,0.8201,949395.21
2026-11-03 06:00:00,-87.697,0.0,1.2272,949484.74
2026-11-03 07:00:00,-81.219,0.0,0.9593,949951.23
2026-11-03 08:00:00,-89.252,2.024,1.2163,950170.72
2026-11-03 09:00:00,-93.728,0.0,1.4793,950831.15
2026-11-03 10:00:00,-78.461,0.741,1.0483,951144.9
2026-11-03 11:00:00,-74.685,32.776,0.9775,950515.84
2026-11-03 12:00:00,-64.211,190.625,0.6213,950585.51
2026-11-03 13:00:00,-47.014,344.01,0.1392,950704.56
2026-11-03 14:00:00,-33.031,462.683,0.0,951015.12
2026-11-03 15:00:00,-20.728,557.297,0.0,951123.83
2026-11-03 16:00:00,-7.358,615.535,0.0,951133.33
2026-11-03 17:00:00,-0.443,620.811,0.0,950926.24
2026-11-03 18:00:00,6.703,608.773,0.0,949773.66
2026-11-03 19:00:00,5.794,531.735,0.0,949141.95
2026-11-03 20:00:00,9.249,445.779,0.0,949375.62
2026-11-03 21:00:00,1.756,314.039,0.0,948380.94
2026-11-03 22:00:00,-7.344,165.891,0.0,948598.93
2026-11-03 23:00:00,-14.229,16.658,0.0,949044.19
2026-11-04 00:00:00,-22.698,4.725,0.0,949495.57
2026-11-04 01:00:00,-29.097,4.576,0.0,950064.09
2026-11-04 02:00:00,-47.137,1.074,0.0,949484.04
2026-11-04 03:00:00,-50.304,0.66,0.2747,949063.54
2026-11-04 04:00:00,-65.281,2.634,0.6138,949631.76
2026-11-04 05:00:00,-79.825,1.519,0.8461,948714.74
2026-11-04 06:00:00,-83.442,2.707,0.9503,948250.76
2026-11-04 07:00:00,-85.45,1.02,1.0381,948038.71
2026-11-04 08:00:00,-86.434,4.214,1.2339,949035.88
2026-11-04 09:00:00,-88.646,0.0,1.238,949276.33
2026-11-04 10:00:00,-89.975,0.0,1.1883,948952.39
2026-11-04 11:00:00,-82.968,0.0,1.0834,948858.38
2026-11-04 12:00:00,-74.447,94.026,0.939,948759.1
2026-11-04 13:00:00,-56.642,253.4,0.4307,948254.63
2026-11-04 14:00:00,-44.363,379.518,0.0,948294.15
2026-11-04 15:00:00,-28.377,494.548,0.0,948728.2
2026-11-04 16:00:00,-23.118,577.815,0.0,948472.85
2026-11-04 17:00:00,-9.101,606.741,0.0,948576.49
2026-11-04 18:00:00,6.847,617.668,0.0,948770.15
2026-11-04 19:00:00,7.828,585.251,0.0,949636.22
2026-11-04 20:00:00,6.735,494.427,0.0,948722.02
2026-11-04 21:00:00,2.383,396.663,0.0,948744.98
2026-11-04 22:00:00,3.606,273.773,0.0,948901.46
2026-11-04 23:00:00,-3.374,122.701,0.0,948842.94
2026-11-05 00:00:00,-21.262,1.872,0.0,948349.72
2026-11-05 01:00:00,-29.745,4.411,0.0,948521.26
2026-11-05 02:00:00,-36.0,1.076,0.0,948370.29
2026-11-05 03:00:00,-45.771,2.777,0.0,948445.12
2026-11-05 04:00:00,-56.137,0.0,0.2274,947564.04
2026-11-05 05:00:00,-61.074,0.579,0.5235,947610.34
2026-11-05 06:00:00,-77.894,0.0,1.0043,948845.41
2026-11-05 07:00:00,-81.45,6.317,1.0603,948199.55
2026-11-05 08:00:00,-83.497,7.608,1.1377,947747.64
2026-11-05 09:00:00,-85.225,6.9,1.3946,947159.58
2026-11-05 10:00:00,-88.007,0.0,1.2312,947681.02
2026-11-05 11:00:00,-84.665,0.0,1.0896,947730.72
2026-11-05 12:00:00,-78.644,6.385,0.9562,948226.29
2026-11-05 13:00:00,-60.417,148.235,0.4199,948686.11
2026-11-05 14:00:00,-54.943,295.154,0.4122,948610.0
2026-11-05 15:00:00,-39.356,419.369,0.045,949053.04
2026-11-05 16:00:00,-22.533,526.395,0.0,948781.07
2026-11-05 17:00:00,-16.319,586.706,0.0,949045.34
2026-11-05 18:00:00,-2.878,624.929,0.0,949835.79
2026-11-05 19:00:00,-2.183,618.131,0.0,950524.99
2026-11-05 20:00:00,8.372,569.406,0.0,950450.68
2026-11-05 21:00:00,8.241,478.575,0.0,950840.02
2026-11-05 22:00:00,4.738,351.244,0.0,951467.01
2026-11-05 23:00:00,-4.651,219.152,0.0,951356.04
2026-11-06 00:00:00,-10.147,74.806,0.0,950426.51
2026-11-06 01:00:00,-19.72,0.0,0.0,950731.19
2026-11-06 02:00:00,-25.605,0.0,0.0,951074.11
2026-11-06 03:00:00,-37.571,7.068,0.0599,951406.15
2026-11-06 04:00:00,-54.964,3.086,0.3706,951032.69
2026-11-06 05:00:00,-63.137,12.401,0.5423,951295.27
2026-11-06 06:00:00,-72.087,0.0,0.672,950035.53
2026-11-06 07:00:00,-77.724,0.0,0.9763,949749.45
2026-11-06 08:00:00,-84.281,6.121,1.3085,949757.32
2026-11-06 09:00:00,-87.494,0.0,1.2841,949437.32
2026-11-06 10:00:00,-79.371,0.0,0.9875,949154.76
2026-11-06 11:00:00,-87.914,0.0,1.3387,948820.51
2026-11-06 12:00:00,-77.069,5.18,1.0081,948403.91
2026-11-06 13:00:00,-73.609,45.109,0.8939,949238.39
2026-11-06 14:00:00,-67.018,199.417,0.5947,949007.13
2026-11-06 15:00:00,-46.785,337.466,0.1227,948417.15
2026-11-06 16:00:00,-29.882,465.963,0.0,947909.24
2026-11-06 17:00:00,-17.489,570.718,0.0,947356.0
2026-11-06 18:00:00,-7.918,609.186,0.0,946943.44
2026-11-06 19:00:00,0.17,622.252,0.0,947434.2
2026-11-06 20:00:00,3.984,591.142,0.0,946914.12
2026-11-06 21:00:00,10.615,531.738,0.0,945847.45
2026-11-06 22:00:00,5.464,436.62,0.0,946298.4
2026-11-06 23:00:00,0.605,309.531,0.0,946151.11
2026-11-07 00:00:00,-3.689,166.497,0.0,945826.45
2026-11-07 01:00:00,-15.527,19.103,0.0,945708.44
2026-11-07 02:00:00,-19.578,6.236,0.0,945285.34
2026-11-07 03:00:00,-31.871,0.0,0.0,945184.99
2026-11-07 04:00:00,-46.439,0.0,0.0,944424.87
2026-11-07 05:00:00,-57.986,6.687,0.0511,944492.02
2026-11-07 06:00:00,-67.19,0.0,0.4766,945783.34
2026-11-07 07:00:00,-67.415,0.0,0.491,946317.0
2026-11-07 08:00:00,-82.426,3.562,0.9419,946559.72
2026-11-07 09:00:00,-84.403,5.128,1.0688,946957.34
2026-11-07 10:00:00,-93.837,0.0,1.4583,947975.47
2026-11-07 11:00:00,-92.771,0.0,1.3211,948106.27
2026-11-07 12:00:00,-87.343,0.0,1.1359,946799.7
2026-11-07 13:00:00,-76.156,3.673,0.8601,946730.38
2026-11-07 14:00:00,-76.052,92.91,0.8716,947397.22
2026-11-07 15:00:00,-61.573,242.947,0.5594,948196.12
2026-11-07 16:00:00,-43.266,386.389,0.0,948229.08
2026-11-07 17:00:00,-27.411,491.326,0.0,948286.82
2026-11-07 18:00:00,-18.196,575.405,0.0,947887.98
2026-11-07 19:00:00,-7.146,609.177,0.0,948061.26
2026-11-07 20:00:00,-4.272,610.317,0.0,948166.71
2026-11-07 21:00:00,-0.786,583.356,0.0,948608.92
2026-11-07 22:00:00,1.296,505.926,0.0,948947.87
2026-11-07 23:00:00,0.482,401.786,0.0,948934.13
2026-11-08 00:00:00,-1.642,261.389,0.0,949672.51
2026-11-08 01:00:00,-13.73,109.923,0.0,949161.21
2026-11-08 02:00:00,-18.993,6.804,0.0,949860.53
2026-11-08 03:00:00,-29.492,0.0,0.0,950521.39
2026-11-08 04:00:00,-40.646,6.257,0.0,950365.65
2026-11-08 05:00:00,-46.824,6.603,0.0,950131.2
2026-11-08 06:00:00,-62.456,4.3,0.3788,950446.27
2026-11-08 07:00:00,-65.578,0.0,0.4454,949200.19
2026-11-08 08:00:00,-75.561,0.0,0.7558,948590.9
2026-11-08 09:00:00,-87.076,0.0,1.1554,949214.16
2026-11-08 10:00:00,-84.969,0.0,1.1112,949238.59
2026-11-08 11:00:00,-93.355,0.0,1.3893,948568.85
2026-11-08 12:00:00,-84.427,3.224,1.0254,948209.47
2026-11-08 13:00:00,-83.503,3.247,1.0579,947695.08
2026-11-08 14:00:00,-82.924,0.0,1.0158,948106.15
2026-11-08 15:00:00,-70.789,151.437,0.7984,948077.11
2026-11-08 16:00:00,-54.656,297.344,0.2298,948937.28
2026-11-08 17:00:00,-36.868,430.567,0.0,948492.05
2026-11-08 18:00:00,-27.415,526.48,0.0,947922.0
2026-11-08 19:00:00,-15.962,595.723,0.0,948160.55
2026-11-08 20:00:00,-5.424,621.48,0.0,948096.35
2026-11-08 21:00:00,-4.626,612.683,0.0,948983.63
2026-11-08 22:00:00,7.694,550.795,0.0,949344.72
2026-11-08 23:00:00,9.811,470.098,0.0,949212.53
2026-11-09 00:00:00,5.049,353.606,0.0,948880.09
2026-11-09 01:00:00,-5.069,212.848,0.0,949216.58
2026-11-09 02:00:00,-15.5,62.748,0.0,948755.22
2026-11-09 03:00:00,-24.846,3.172,0.0,948851.85
2026-11-09 04:00:00,-34.056,1.961,0.0,949227.13
2026-11-09 05:00:00,-34.344,0.0,0.0,949114.43
2026-11-09 06:00:00,-51.628,0.0,0.0,948738.93
2026-11-09 07:00:00,-58.721,5.486,0.0731,948112.73
2026-11-09 08:00:00,-68.304,1.749,0.4235,947942.38
2026-11-09 09:00:00,-78.336,0.0,0.7354,947831.71
2026-11-09 10:00:00,-87.211,0.0,0.8984,947941.27
2026-11-09 11:00:00,-86.886,0.0,1.0045,947791.92
2026-11-09 12:00:00,-92.313,0.177,1.1188,948425.14
2026-11-09 13:00:00,-84.696,0.0,0.8944,948231.2
2026-11-09 14:00:00,-84.975,0.0,0.9554,947707.74
2026-11-09 15:00:00,-74.976,53.057,0.6697,947279.1
2026-11-09 16:00:00,-63.0,193.567,0.5876,948196.35
2026-11-09 17:00:00,-43.596,344.203,0.0,948020.38
2026-11-09 18:00:00,-41.413,470.913,0.0,947523.5
2026-11-09 19:00:00,-14.03,554.961,0.0,947468.58
2026-11-09 20:00:00,-12.744,603.517,0.0,946767.86
2026-11-09 21:00:00,-2.196,613.12,0.0,946833.39
2026-11-09 22:00:00,5.059,587.141,0.0,948161.0
2026-11-09 23:00:00,8.153,528.709,0.0,948689.69
2026-11-10 00:00:00,8.715,429.885,0.0,949855.05
2026-11-10 01:00:00,3.526,304.309,0.0,949745.38
2026-11-10 02:00:00,-0.302,160.998,0.0,949655.65
2026-11-10 03:00:00,-14.581,6.36,0.0,949102.1
2026-11-10 04:00:00,-25.211,2.426,0.0,949610.24
2026-11-10 05:00:00,-36.038,0.0,0.0,950088.37
2026-11-10 06:00:00,-46.838,0.0,0.0,949983.95
2026-11-10 07:00:00,-52.093,0.0,0.03,950656.85
2026-11-10 08:00:00,-60.2,0.0,0.3076,950431.4
2026-11-10 09:00:00,-70.263,9.182,0.5204,950437.56
2026-11-10 10:00:00,-89.815,1.161,0.8942,950236.55
2026-11-10 11:00:00,-91.586,0.0,1.0626,950421.25
2026-11-10 12:00:00,-86.704,2.091,0.9094,950823.47
2026-11-10 13:00:00,-86.211,2.728,1.0753,950651.75
2026-11-10 14:00:00,-82.975,0.0,0.9424,950412.17
2026-11-10 15:00:00,-74.24,0.0,0.8239,949994.22
2026-11-10 16:00:00,-63.574,107.089,0.5231,949047.23
2026-11-10 17:00:00,-54.435,243.631,0.1235,948789.28
2026-11-10 18:00:00,-46.098,386.871,0.0,949257.69
2026-11-10 19:00:00,-32.261,494.371,0.0,949360.35
2026-11-10 20:00:00,-16.085,574.31,0.0,949060.67
2026-11-10 21:00:00,-5.193,620.878,0.0,950114.88
2026-11-10 22:00:00,-2.886,616.648,0.0,950165.54
2026-11-10 23:00:00,7.185,572.909,0.0,949799.75
2026-11-11 00:00:00,1.158,505.929,0.0,949813.07
2026-11-11 01:00:00,-3.463,389.64,0.0,949603.97
2026-11-11 02:00:00,-3.385,260.663,0.0,949246.54
2026-11-11 03:00:00,-5.001,103.668,0.0,949857.49
2026-11-11 04:00:00,-13.898,0.0,0.0,949896.62
2026-11-11 05:00:00,-32.066,0.257,0.0,949880.41
2026-11-11 06:00:00,-41.467,1.84,0.0,950292.6
2026-11-11 07:00:00,-45.16,0.0,0.0,950648.74
2026-11-11 08:00:00,-59.397,2.486,0.1966,950294.6
2026-11-11 09:00:00,-64.464,0.0,0.1797,950418.52
2026-11-11 10:00:00,-74.436,6.398,0.5032,950125.52
2026-11-11 11:00:00,-81.052,0.0,0.7148,950092.21
2026-11-11 12:00:00,-90.315,0.0,1.074,949826.15
2026-11-11 13:00:00,-88.053,0.379,1.0429,950613.29
2026-11-11 14:00:00,-82.681,0.0,0.9028,951214.41
2026-11-11 15:00:00,-84.271,6.345,1.009,951361.93
2026-11-11 16:00:00,-78.75,0.003,0.7521,952516.48
2026-11-11 17:00:00,-67.943,149.8,0.4572,952613.01
2026-11-11 18:00:00,-58.016,299.546,0.1762,952959.52
2026-11-11 19:00:00,-43.293,418.423,0.0,952684.47
2026-11-11 20:00:00,-29.373,516.506,0.0,952226.88
2026-11-11 21:00:00,-19.901,590.719,0.0,950583.4
2026-11-11 22:00:00,-10.529,610.889,0.0,950558.71
2026-11-11 23:00:00,-6.116,598.795,0.0,950214.09
2026-11-12 00:00:00,3.143,557.371,0.0,950014.51
2026-11-12 01:00:00,7.944,468.994,0.0,950223.29
2026-11-12 02:00:00,1.476,343.181,0.0,949933.52
2026-11-12 03:00:00,-5.551,206.887,0.0,949713.34
2026-11-12 04:00:00,-11.092,52.457,0.0,949862.77
2026-11-12 05:00:00,-17.682,8.882,0.0,949656.69
2026-11-12 06:00:00,-25.056,4.53,0.0,949054.33
2026-11-12 07:00:00,-41.099,0.0,0.0,950045.72
2026-11-12 08:00:00,-52.937,2.881,0.005,950667.65
2026-11-12 09:00:00,-63.689,0.0,0.2912,950269.3
2026-11-12 10:00:00,-69.965,0.0,0.3937,950398.33
2026-11-12 11:00:00,-79.973,0.524,0.6822,950424.08
2026-11-12 12:00:00,-84.866,2.261,0.8885,950491.52
2026-11-12 13:00:00,-88.348,0.0,1.0149,950531.12
2026-11-12 14:00:00,-91.883,1.24,1.2202,949822.04
2026-11-12 15:00:00,-94.138,0.392,1.2296,949440.53
2026-11-12 16:00:00,-83.924,0.0,0.9727,949173.25
2026-11-12 17:00:00,-69.69,46.716,0.7162,948247.89
2026-11-12 18:00:00,-57.145,199.39,0.448,948615.28
2026-11-12 19:00:00,-44.616,342.975,0.0,947576.66
2026-11-12 20:00:00,-35.078,462.075,0.0,946925.73
2026-11-12 21:00:00,-22.913,549.502,0.0,947137.25
2026-11-12 22:00:00,-4.259,595.68,0.0,946561.43
2026-11-12 23:00:00,-3.529,610.793,0.0,946875.42
2026-11-13 00:00:00,5.654,592.236,0.0,947474.21
2026-11-13 01:00:00,13.296,533.947,0.0,948063.01
2026-11-13 02:00:00,7.358,429.706,0.0,947735.9
2026-11-13 03:00:00,2.56,301.558,0.0,948264.21
2026-11-13 04:00:00,-0.683,159.823,0.0,948997.4
2026-11-13 05:00:00,-14.031,0.0,0.0,948959.06
2026-11-13 06:00:00,-22.267,6.545,0.0,949006.77
2026-11-13 07:00:00,-28.102,0.933,0.0,949399.51
2026-11-13 08:00:00,-50.937,0.0,0.0,948785.25
2026-11-13 09:00:00,-52.677,0.0,0.1156,948171.4
2026-11-13 10:00:00,-65.968,0.0,0.4243,948986.74
2026-11-13 11:00:00,-72.611,6.558,0.6114,949152.54
2026-11-13 12:00:00,-78.574,0.0,0.8964,948983.77
2026-11-13 13:00:00,-85.954,0.777,1.0075,948915.28
2026-11-13 14:00:00,-85.987,2.869,0.9597,949248.7
2026-11-13 15:00:00,-85.64,0.0,0.9927,949861.39
2026-11-13 16:00:00,-83.133,0.969,0.8518,950340.33
2026-11-13 17:00:00,-77.935,1.372,0.8325,951607.79
2026-11-13 18:00:00,-68.688,93.302,0.518,951460.13
2026-11-13 19:00:00,-55.658,252.072,0.0683,951034.75
2026-11-13 20:00:00,-41.081,384.104,0.0,951349.2
2026-11-13 21:00:00,-31.303,493.674,0.0,951522.42
2026-11-13 22:00:00,-12.64,570.047,0.0,951369.95
2026-11-13 23:00:00,-6.718,611.205,0.0,951674.42
2026-11-14 00:00:00,0.202,617.252,0.0,952193.95
2026-11-14 01:00:00,7.447,565.902,0.0,951856.8
2026-11-14 02:00:00,7.262,494.409,0.0,952231.1
2026-11-14 03:00:00,9.374,391.75,0.0,951185.32
2026-11-14 04:00:00,3.086,258.054,0.0,950849.56
2026-11-14 05:00:00,-7.878,108.689,0.0,950568.43
2026-11-14 06:00:00,-14.552,13.768,0.0,950904.96
2026-11-14 07:00:00,-25.637,3.071,0.0,951429.71
2026-11-14 08:00:00,-40.187,5.655,0.0,950380.34
2026-11-14 09:00:00,-45.011,0.0,0.0,949984.05
2026-11-14 10:00:00,-63.83,0.0,0.2986,949930.69
2026-11-14 11:00:00,-78.046,0.0,0.7318,949693.79
2026-11-14 12:00:00,-73.296,3.56,0.6618,949833.03
2026-11-14 13:00:00,-79.87,2.034,0.8636,949842.84
2026-11-14 14:00:00,-84.068,2.016,0.8791,950123.67
2026-11-14 15:00:00,-82.779,0.0,0.9556,950420.36
2026-11-14 16:00:00,-85.883,0.0,1.1543,950109.99
2026-11-14 17:00:00,-83.188,0.0,1.1727,950024.43
2026-11-14 18:00:00,-73.534,3.622,0.6363,950631.64
2026-11-14 19:00:00,-65.924,157.224,0.6054,950297.09
2026-11-14 20:00:00,-51.333,293.024,0.3415,950196.04
2026-11-14 21:00:00,-36.461,427.639,0.0,950101.99
2026-11-14 22:00:00,-22.955,518.965,0.0,950073.01
2026-11-14 23:00:00,-13.777,589.224,0.0,949723.87
2026-11-15 00:00:00,-4.859,612.679,0.0,948104.29
2026-11-15 01:00:00,0.671,608.604,0.0,947728.65
2026-11-15 02:00:00,5.227,547.032,0.0,949283.31
2026-11-15 03:00:00,13.156,462.915,0.0,949464.61
2026-11-15 04:00:00,4.362,348.135,0.0,951189.81
2026-11-15 05:00:00,-1.14,201.545,0.0,951916.65
2026-11-15 06:00:00,-16.123,53.086,0.0,951997.69
2026-11-15 07:00:00,-12.777,0.0,0.0,951797.54
2026-11-15 08:00:00,-32.964,0.0,0.0,952012.32
2026-11-15 09:00:00,-44.518,0.0,0.0,951760.62
2026-11-15 10:00:00,-51.515,5.56,0.0516,951378.12
2026-11-15 11:00:00,-64.695,0.0,0.4887,951125.54
2026-11-15 12:00:00,-70.051,2.832,0.5251,950634.76
2026-11-15 13:00:00,-83.937,1.573,1.0841,950099.65
2026-11-15 14:00:00,-81.453,0.0,0.9509,949595.91
2026-11-15 15:00:00,-85.841,2.596,1.0003,950227.65
2026-11-15 16:00:00,-89.212,0.0,1.1619,950534.89
2026-11-15 17:00:00,-91.805,3.14,1.2278,950017.89
2026-11-15 18:00:00,-84.143,0.0,1.1599,950690.22
2026-11-15 19:00:00,-73.599,51.267,0.8219,950704.8
2026-11-15 20:00:00,-64.345,197.182,0.5338,952041.69
2026-11-15 21:00:00,-50.543,343.524,0.2406,952368.98
2026-11-15 22:00:00,-31.253,464.648,0.0,951821.03
2026-11-15 23:00:00,-21.431,543.363,0.0,951498.76
2026-11-16 00:00:00,-10.01,596.391,0.0,951561.49
2026-11-16 01:00:00,0.301,615.021,0.0,951965.06
2026-11-16 02:00:00,4.396,588.901,0.0,952075.35
2026-11-16 03:00:00,7.082,510.223,0.0,951587.94
2026-11-16 04:00:00,7.887,434.641,0.0,951130.19
2026-11-16 05:00:00,4.626,301.977,0.0,951918.83
2026-11-16 06:00:00,-3.773,158.278,0.0,951410.48
2026-11-16 07:00:00,-11.379,0.0,0.0,951770.72
2026-11-16 08:00:00,-23.885,0.0,0.0,950800.12
2026-11-16 09:00:00,-37.644,3.374,0.0,950155.38
2026-11-16 10:00:00,-40.456,0.0,0.0,950083.22
2026-11-16 11:00:00,-55.247,2.72,0.076,950497.14
2026-11-16 12:00:00,-67.214,0.0,0.5329,952049.19
2026-11-16 13:00:00,-71.919,1.19,0.651,952101.2
2026-11-16 14:00:00,-79.467,0.0,0.8402,951602.23
2026-11-16 15:00:00,-89.468,4.322,0.9497,950684.97
2026-11-16 16:00:00,-85.658,0.0,1.0104,950265.7
2026-11-16 17:00:00,-81.818,11.228,0.993,950724.24
2026-11-16 18:00:00,-83.301,11.19,0.8415,950726.29
2026-11-16 19:00:00,-79.551,8.163,0.7902,950706.74
2026-11-16 20:00:00,-73.21,110.186,0.51,950628.44
2026-11-16 21:00:00,-48.892,252.171,0.0,950713.79
2026-11-16 22:00:00,-42.844,390.883,0.0,951673.01
2026-11-16 23:00:00,-32.546,492.147,0.0,951715.93
2026-11-17 00:00:00,-15.398,560.617,0.0,951677.06
2026-11-17 01:00:00,-2.254,614.95,0.0,951176.88
2026-11-17 02:00:00,5.312,612.902,0.0,951549.35
2026-11-17 03:00:00,3.454,567.716,0.0,952262.34
2026-11-17 04:00:00,5.755,485.703,0.0,952245.87
2026-11-17 05:00:00,4.182,381.107,0.0,951774.09
2026-11-17 06:00:00,2.246,242.36,0.0,951663.09
2026-11-17 07:00:00,-7.74,107.4,0.0,952114.94
2026-11-17 08:00:00,-18.662,0.0,0.0,952295.79
2026-11-17 09:00:00,-25.465,1.434,0.0,952104.66
2026-11-17 10:00:00,-41.834,0.0,0.0,951455.43
2026-11-17 11:00:00,-47.408,0.0,0.0,951348.57
2026-11-17 12:00:00,-58.319,1.192,0.1314,951737.06
2026-11-17 13:00:00,-69.033,0.0,0.3097,951660.2
2026-11-17 14:00:00,-76.992,4.191,0.6904,951551.91
2026-11-17 15:00:00,-82.343,0.0,0.8721,951780.99
2026-11-17 16:00:00,-88.424,0.0,1.1762,951358.68
2026-11-17 17:00:00,-79.977,0.0,0.8426,950381.49
2026-11-17 18:00:00,-82.99,0.0,0.934,950004.36
2026-11-17 19:00:00,-79.362,8.991,1.0046,949660.08
2026-11-17 20:00:00,-78.323,11.77,0.9184,950097.77
2026-11-17 21:00:00,-68.48,155.907,0.6038,949092.2
2026-11-17 22:00:00,-53.137,295.36,0.169,948232.07
2026-11-17 23:00:00,-38.202,422.668,0.0,948687.85
2026-11-18 00:00:00,-29.893,525.806,0.0,949270.39
2026-11-18 01:00:00,-12.553,582.464,0.0,948719.86
2026-11-18 02:00:00,-1.564,612.041,0.0,949435.34
2026-11-18 03:00:00,-4.417,597.161,0.0,950328.83
2026-11-18 04:00:00,3.303,542.195,0.0,949797.74
2026-11-18 05:00:00,9.822,455.037,0.0,949396.56
2026-11-18 06:00:00,4.105,342.226,0.0,950232.61
2026-11-18 07:00:00,-6.805,196.979,0.0,949548.27
2026-11-18 08:00:00,-11.634,52.211,0.0,949571.93
2026-11-18 09:00:00,-24.627,0.0,0.0,949253.1
2026-11-18 10:00:00,-32.642,0.637,0.0,948795.32
2026-11-18 11:00:00,-45.311,6.92,0.0,948005.21
2026-11-18 12:00:00,-52.825,0.0,0.2295,947444.17
2026-11-18 13:00:00,-59.798,4.599,0.282,947096.88
2026-11-18 14:00:00,-73.266,0.0,0.7493,947571.43
2026-11-18 15:00:00,-77.7,0.0,0.7436,947904.09
2026-11-18 16:00:00,-85.347,0.138,0.9793,947703.82
2026-11-18 17:00:00,-85.007,9.617,1.0668,948267.31
2026-11-18 18:00:00,-90.456,0.0,1.0888,948275.42
2026-11-18 19:00:00,-82.177,0.0,0.8992,948291.66
2026-11-18 20:00:00,-79.291,7.283,1.0073,949797.96
2026-11-18 21:00:00,-72.233,50.295,0.7133,949544.32
2026-11-18 22:00:00,-59.2,204.68,0.4398,950306.37
2026-11-18 23:00:00,-48.065,345.623,0.1569,950443.79
2026-11-19 00:00:00,-35.093,460.88,0.0,950919.21
2026-11-19 01:00:00,-19.749,554.067,0.0,951272.48
2026-11-19 02:00:00,-12.838,599.482,0.0,951244.82
2026-11-19 03:00:00,-1.714,616.312,0.0,951528.48
2026-11-19 04:00:00,1.889,580.94,0.0,951655.51
2026-11-19 05:00:00,9.618,514.483,0.0,951303.1
2026-11-19 06:00:00,8.797,419.053,0.0,951523.12
2026-11-19 07:00:00,6.573,289.266,0.0,951534.73
2026-11-19 08:00:00,-6.214,153.324,0.0,951606.07
2026-11-19 09:00:00,-17.887,0.0,0.0,950755.66
2026-11-19 10:00:00,-27.886,0.0,0.0,950871.0
2026-11-19 11:00:00,-32.755,2.493,0.0,951815.62
2026-11-19 12:00:00,-40.992,0.0,0.0,952334.17
2026-11-19 13:00:00,-55.848,3.853,0.3254,951549.73
2026-11-19 14:00:00,-65.756,0.0,0.6187,951153.98
2026-11-19 15:00:00,-74.094,5.795,0.8634,951632.37
2026-11-19 16:00:00,-80.629,0.0,1.2119,951880.12
2026-11-19 17:00:00,-83.225,3.16,1.1397,952251.51
2026-11-19 18:00:00,-82.591,0.898,1.1323,952232.13
2026-11-19 19:00:00,-86.044,3.72,1.1493,951735.15
2026-11-19 20:00:00,-83.125,0.55,1.1188,951367.54
2026-11-19 21:00:00,-79.691,0.0,1.0318,951846.41
2026-11-19 22:00:00,-69.049,111.553,0.7979,951569.01
2026-11-19 23:00:00,-56.259,253.897,0.5185,952278.66
2026-11-20 00:00:00,-43.075,389.669,0.1646,952349.11
2026-11-20 01:00:00,-28.008,495.636,0.0,952847.67
2026-11-20 02:00:00,-14.416,562.99,0.0,952833.64
2026-11-20 03:00:00,-6.242,600.345,0.0,953071.7
2026-11-20 04:00:00,-0.053,607.195,0.0,953355.35
2026-11-20 05:00:00,5.593,562.41,0.0,953283.59
2026-11-20 06:00:00,4.067,492.21,0.0,953241.56
2026-11-20 07:00:00,7.148,378.771,0.0,952676.84
2026-11-20 08:00:00,-1.81,252.414,0.0,952236.51
2026-11-20 09:00:00,-12.617,101.099,0.0,951934.51
2026-11-20 10:00:00,-17.198,1.44,0.0,952142.7
2026-11-20 11:00:00,-26.281,0.0,0.0,952451.86
2026-11-20 12:00:00,-40.164,1.162,0.0087,952339.78
2026-11-20 13:00:00,-45.953,5.964,0.2444,953233.07
2026-11-20 14:00:00,-56.749,0.0,0.5938,953385.03
2026-11-20 15:00:00,-62.272,2.656,0.6992,953220.39
2026-11-20 16:00:00,-77.916,0.232,1.0606,953222.42
2026-11-20 17:00:00,-83.693,0.623,1.213,953055.04
2026-11-20 18:00:00,-89.225,8.617,1.2137,953592.7
2026-11-20 19:00:00,-86.953,6.009,1.2043,953740.99
2026-11-20 20:00:00,-87.357,0.397,1.2892,952887.81
2026-11-20 21:00:00,-80.13,1.072,1.0471,952798.79
2026-11-20 22:00:00,-78.237,1.077,1.0823,952610.16
2026-11-20 23:00:00,-64.161,156.963,0.7538,951412.21
2026-11-21 00:00:00,-53.032,302.406,0.2953,951639.59
2026-11-21 01:00:00,-44.117,428.699,0.0,951140.02
2026-11-21 02:00:00,-23.637,524.358,0.0,950192.95
2026-11-21 03:00:00,-19.317,577.605,0.0,949509.62
2026-11-21 04:00:00,-5.004,612.915,0.0,949088.72
2026-11-21 05:00:00,1.495,593.205,0.0,949200.86
2026-11-21 06:00:00,4.893,536.004,0.0,949185.77
2026-11-21 07:00:00,4.728,459.991,0.0,949475.5
2026-11-21 08:00:00,1.331,343.74,0.0,948991.09
2026-11-21 09:00:00,-4.665,199.15,0.0,949548.29
2026-11-21 10:00:00,-14.997,50.028,0.0,950573.67
2026-11-21 11:00:00,-16.428,3.837,0.0,950195.68
2026-11-21 12:00:00,-34.413,6.979,0.0,950549.05
2026-11-21 13:00:00,-46.702,3.64,0.1276,950321.22
2026-11-21 14:00:00,-58.087,0.0,0.1956,950102.43
2026-11-21 15:00:00,-61.959,10.049,0.5277,950396.37
2026-11-21 16:00:00,-77.996,5.328,0.9326,950458.08
2026-11-21 17:00:00,-84.519,0.0,1.0639,949922.06
2026-11-21 18:00:00,-90.701,0.0,1.1686,950027.98
2026-11-21 19:00:00,-88.692,2.524,1.2582,950205.68
2026-11-21 20:00:00,-86.363,0.0,1.3533,950398.03
2026-11-21 21:00:00,-91.572,1.65,1.5653,950553.08
2026-11-21 22:00:00,-82.321,3.717,1.3239,950469.14
2026-11-21 23:00:00,-83.315,54.348,1.2903,950443.49
2026-11-22 00:00:00,-65.092,202.213,0.8614,950811.14
2026-11-22 01:00:00,-47.546,346.9,0.4097,951546.17
2026-11-22 02:00:00,-36.384,457.189,0.0,951521.47
2026-11-22 03:00:00,-19.637,545.766,0.0,951541.16
2026-11-22 04:00:00,-18.636,588.296,0.0,951040.05
2026-11-22 05:00:00,-5.525,605.305,0.0,951040.01
2026-11-22 06:00:00,3.775,582.529,0.0,950666.27
2026-11-22 07:00:00,6.929,516.994,0.0,950420.27
2026-11-22 08:00:00,5.424,411.857,0.0,950294.33
2026-11-22 09:00:00,0.352,284.959,0.0,950458.74
2026-11-22 10:00:00,-10.931,147.12,0.0,950950.56
2026-11-22 11:00:00,-19.256,2.805,0.0,950495.39
2026-11-22 12:00:00,-18.086,2.026,0.0,949818.48
2026-11-22 13:00:00,-38.605,0.0,0.0,950013.71
2026-11-22 14:00:00,-49.215,1.489,0.1379,950470.37
2026-11-22 15:00:00,-53.352,7.512,0.1764,950817.75
2026-11-22 16:00:00,-68.551,1.026,0.5576,950427.16
2026-11-22 17:00:00,-68.388,0.0,0.6486,949857.21
2026-11-22 18:00:00,-72.584,1.016,0.7857,949551.6
2026-11-22 19:00:00,-86.261,10.22,1.2539,950167.02
2026-11-22 20:00:00,-87.363,0.0,1.3216,950145.49
2026-11-22 21:00:00,-93.17,0.149,1.5162,950324.51
2026-11-22 22:00:00,-81.807,0.0,1.2306,949726.06
2026-11-22 23:00:00,-86.148,0.479,1.3169,949957.78
2026-11-23 00:00:00,-73.357,110.143,0.9868,950292.89
2026-11-23 01:00:00,-55.708,261.735,0.3443,950267.14
2026-11-23 02:00:00,-41.245,386.771,0.0,950409.67
2026-11-23 03:00:00,-34.349,498.084,0.0,950294.92
2026-11-23 04:00:00,-19.93,564.698,0.0,950604.87
2026-11-23 05:00:00,-13.279,600.617,0.0,950051.12
2026-11-23 06:00:00,-1.802,597.206,0.0,949567.83
2026-11-23 07:00:00,1.264,550.875,0.0,949353.65
2026-11-23 08:00:00,3.159,484.599,0.0,948818.23
2026-11-23 09:00:00,5.114,385.56,0.0,947832.18
2026-11-23 10:00:00,-1.604,245.434,0.0,947423.71
2026-11-23 11:00:00,-8.994,98.749,0.0,947218.41
2026-11-23 12:00:00,-21.271,0.0,0.0,946748.12
2026-11-23 13:00:00,-27.974,0.0,0.0,946268.41
2026-11-23 14:00:00,-39.971,4.923,0.0,946039.41
2026-11-23 15:00:00,-51.765,10.043,0.0543,946013.44
2026-11-23 16:00:00,-58.81,7.44,0.3003,947002.55
2026-11-23 17:00:00,-72.131,4.026,0.55,947929.98
2026-11-23 18:00:00,-80.39,0.176,0.9752,949222.95
2026-11-23 19:00:00,-82.593,1.049,1.0256,949748.74
2026-11-23 20:00:00,-86.785,0.0,1.2115,950191.27
2026-11-23 21:00:00,-91.903,0.0,1.3873,950331.49
2026-11-23 22:00:00,-86.834,0.0,1.1004,951028.8
2026-11-23 23:00:00,-89.307,0.249,1.1813,951475.73
2026-11-24 00:00:00,-79.335,6.329,0.8949,952466.34
2026-11-24 01:00:00,-68.137,152.826,0.7611,952468.39
2026-11-24 02:00:00,-52.817,302.008,0.1726,953590.2
2026-11-24 03:00:00,-37.041,423.095,0.0,954089.31
2026-11-24 04:00:00,-24.397,513.877,0.0,954458.73
2026-11-24 05:00:00,-12.915,579.376,0.0,954112.68
2026-11-24 06:00:00,-4.483,603.571,0.0,954365.41
2026-11-24 07:00:00,1.322,586.964,0.0,954516.04
2026-11-24 08:00:00,8.479,541.458,0.0,954806.82
2026-11-24 09:00:00,-0.105,439.433,0.0,954858.53
2026-11-24 10:00:00,-1.395,322.167,0.0,953936.14
2026-11-24 11:00:00,-4.341,193.834,0.0,953385.11
2026-11-24 12:00:00,-10.76,43.524,0.0,953618.68
2026-11-24 13:00:00,-25.08,2.021,0.0,953018.67
2026-11-24 14:00:00,-34.088,0.0,0.0,953972.43
2026-11-24 15:00:00,-47.477,0.0,0.0085,953708.78
2026-11-24 16:00:00,-56.116,0.0,0.1523,953247.31
2026-11-24 17:00:00,-62.745,0.0,0.2933,953515.47
2026-11-24 18:00:00,-68.808,7.755,0.7509,953798.35
2026-11-24 19:00:00,-82.436,0.0,0.9243,953643.21
2026-11-24 20:00:00,-89.495,0.0,1.1239,952658.45
2026-11-24 21:00:00,-89.848,12.377,1.1343,952794.28
2026-11-24 22:00:00,-95.25,0.0,1.309,952159.65
2026-11-24 23:00:00,-84.303,2.781,1.1509,951953.73
2026-11-25 00:00:00,-87.105,3.232,1.0207,951447.32
2026-11-25 01:00:00,-73.86,63.763,0.784,951067.69
2026-11-25 02:00:00,-61.423,211.25,0.4588,951494.27
2026-11-25 03:00:00,-46.468,346.903,0.0446,951635.14
2026-11-25 04:00:00,-34.126,460.212,0.0,952867.42
2026-11-25 05:00:00,-22.837,540.911,0.0,952216.63
2026-11-25 06:00:00,-10.334,594.377,0.0,951373.82
2026-11-25 07:00:00,0.269,613.573,0.0,951447.98
2026-11-25 08:00:00,9.066,581.201,0.0,950873.74
2026-11-25 09:00:00,2.156,511.254,0.0,950777.19
2026-11-25 10:00:00,-1.237,415.697,0.0,951307.3
2026-11-25 11:00:00,-5.119,282.206,0.0,951241.02
2026-11-25 12:00:00,-13.463,141.897,0.0,951055.02
2026-11-25 13:00:00,-21.31,4.739,0.0,950600.22
2026-11-25 14:00:00,-30.085,7.436,0.0,951479.27
2026-11-25 15:00:00,-37.61,0.0,0.0,951273.95
2026-11-25 16:00:00,-43.987,0.0,0.0,951374.74
2026-11-25 17:00:00,-55.422,10.907,0.0038,951186.12
2026-11-25 18:00:00,-69.747,0.481,0.6435,950792.12
2026-11-25 19:00:00,-78.466,9.117,0.7954,950594.89
2026-11-25 20:00:00,-77.803,1.034,0.8479,949912.27
2026-11-25 21:00:00,-86.745,1.231,1.0947,949370.61
2026-11-25 22:00:00,-89.908,0.0,1.1616,948988.95
2026-11-25 23:00:00,-89.695,4.713,1.1643,948708.62
2026-11-26 00:00:00,-88.116,6.789,1.2749,949467.39
2026-11-26 01:00:00,-75.896,0.0,0.9873,949798.38
2026-11-26 02:00:00,-72.018,110.037,0.8174,949594.19
2026-11-26 03:00:00,-57.752,262.269,0.5057,949477.19
2026-11-26 04:00:00,-50.271,386.282,0.1944,949238.68
2026-11-26 05:00:00,-33.807,488.7,0.0,949564.02
2026-11-26 06:00:00,-21.528,568.725,0.0,950039.56
2026-11-26 07:00:00,-8.418,605.3,0.0,949840.59
2026-11-26 08:00:00,-4.365,594.911,0.0,949517.24
2026-11-26 09:00:00,1.954,557.041,0.0,949578.43
2026-11-26 10:00:00,1.09,472.864,0.0,949179.53
2026-11-26 11:00:00,-2.529,366.447,0.0,948800.71
2026-11-26 12:00:00,-8.397,239.627,0.0,948416.34
2026-11-26 13:00:00,-14.181,91.832,0.0,948082.85
2026-11-26 14:00:00,-22.291,0.0,0.0,947472.52
2026-11-26 15:00:00,-31.349,0.0,0.0,946245.95
2026-11-26 16:00:00,-42.963,0.0,0.0,945905.02
2026-11-26 17:00:00,-50.788,2.275,0.1312,946128.02
2026-11-26 18:00:00,-62.143,0.0,0.5493,946734.81
2026-11-26 19:00:00,-74.539,0.0,0.7617,947154.79
2026-11-26 20:00:00,-79.42,0.0,0.8691,946544.59
2026-11-26 21:00:00,-80.17,2.095,0.9378,946088.98
2026-11-26 22:00:00,-90.644,0.0,1.2395,946310.82
2026-11-26 23:00:00,-96.152,0.159,1.1637,945908.2
2026-11-27 00:00:00,-85.984,8.198,0.9988,945365.61
2026-11-27 01:00:00,-82.403,8.367,1.0657,945675.88
2026-11-27 02:00:00,-75.517,1.931,0.7683,945934.25
2026-11-27 03:00:00,-67.779,163.972,0.5768,946007.07
2026-11-27 04:00:00,-56.787,298.544,0.2554,945408.92
2026-11-27 05:00:00,-43.946,418.919,0.0,945345.47
2026-11-27 06:00:00,-24.85,518.263,0.0,945828.63
2026-11-27 07:00:00,-12.152,585.406,0.0,945951.19
2026-11-27 08:00:00,-10.454,605.289,0.0,946154.18
2026-11-27 09:00:00,-9.07,582.85,0.0,946409.64
2026-11-27 10:00:00,2.281,536.224,0.0,946311.55
2026-11-27 11:00:00,-0.761,433.367,0.0,945713.83
2026-11-27 12:00:00,-3.488,324.015,0.0,945332.56
2026-11-27 13:00:00,-8.094,185.705,0.0,945934.94
2026-11-27 14:00:00,-15.303,40.024,0.0,946623.76
2026-11-27 15:00:00,-27.747,0.0,0.0,947840.31
2026-11-27 16:00:00,-34.534,0.0,0.0,948637.19
2026-11-27 17:00:00,-46.054,0.0,0.0,948600.15
2026-11-27 18:00:00,-63.246,0.112,0.3342,948736.82
2026-11-27 19:00:00,-64.788,2.701,0.3617,947577.8
2026-11-27 20:00:00,-77.727,0.747,0.7489,947701.42
2026-11-27 21:00:00,-88.253,0.0,0.9941,948282.03
2026-11-27 22:00:00,-92.228,2.009,1.2158,948118.56
2026-11-27 23:00:00,-92.747,4.131,1.3434,948117.96
2026-11-28 00:00:00,-93.598,0.0,1.148,950217.31
2026-11-28 01:00:00,-89.334,0.0,1.2267,949975.47
2026-11-28 02:00:00,-84.902,5.81,1.1036,950082.94
2026-11-28 03:00:00,-81.058,57.484,0.8197,949915.07
2026-11-28 04:00:00,-73.576,220.796,0.5587,950853.01
2026-11-28 05:00:00,-51.23,340.158,0.139,951283.94
2026-11-28 06:00:00,-36.414,457.796,0.0,951499.04
2026-11-28 07:00:00,-26.258,537.755,0.0,951707.73
2026-11-28 08:00:00,-12.315,601.391,0.0,951316.24
2026-11-28 09:00:00,-9.523,597.75,0.0,951495.21
2026-11-28 10:00:00,-2.016,568.82,0.0,952121.4
2026-11-28 11:00:00,-1.446,503.644,0.0,952254.57
2026-11-28 12:00:00,2.407,407.519,0.0,950824.71
2026-11-28 13:00:00,-6.885,280.675,0.0,950003.18
2026-11-28 14:00:00,-5.805,138.718,0.0,950191.18
2026-11-28 15:00:00,-23.071,0.0,0.0,949924.52
2026-11-28 16:00:00,-27.303,0.286,0.0,948635.9
2026-11-28 17:00:00,-41.146,0.089,0.0,948803.51
2026-11-28 18:00:00,-46.424,5.193,0.0,948467.47
2026-11-28 19:00:00,-57.298,6.545,0.1744,948663.44
2026-11-28 20:00:00,-72.81,0.0,0.6104,948640.14
2026-11-28 21:00:00,-79.549,4.081,0.7671,949083.44
2026-11-28 22:00:00,-83.136,0.0,0.821,948860.45
2026-11-28 23:00:00,-90.092,3.837,1.1212,948569.48
2026-11-29 00:00:00,-96.326,0.0,1.3871,949114.36
2026-11-29 01:00:00,-92.45,0.0,1.2759,948929.8
2026-11-29 02:00:00,-91.585,0.0,1.1423,948652.57
2026-11-29 03:00:00,-83.803,7.002,1.0276,948434.37
2026-11-29 04:00:00,-76.178,115.294,0.8799,949237.77
2026-11-29 05:00:00,-59.627,266.793,0.4994,948836.61
2026-11-29 06:00:00,-52.344,383.726,0.3861,949109.55
2026-11-29 07:00:00,-37.119,495.834,0.0,948807.31
2026-11-29 08:00:00,-24.009,558.769,0.0,949153.73
2026-11-29 09:00:00,-11.85,598.294,0.0,949134.13
2026-11-29 10:00:00,-8.828,594.827,0.0,949110.04
2026-11-29 11:00:00,-2.576,555.292,0.0,949414.05
2026-11-29 12:00:00,4.023,475.845,0.0,949863.15
2026-11-29 13:00:00,1.872,362.87,0.0,950199.72
2026-11-29 14:00:00,-13.515,239.289,0.0,950181.11
2026-11-29 15:00:00,-15.814,96.72,0.0,949702.97
2026-11-29 16:00:00,-19.911,0.0,0.0,949692.24
2026-11-29 17:00:00,-31.897,0.0,0.0,949590.72
2026-11-29 18:00:00,-42.23,2.497,0.0,948135.66
2026-11-29 19:00:00,-51.902,0.0,0.0,947623.85
2026-11-29 20:00:00,-66.865,0.0,0.6599,947234.06
2026-11-29 21:00:00,-73.505,2.781,0.8314,946611.72
2026-11-29 22:00:00,-80.671,0.0,1.0083,947857.49
2026-11-29 23:00:00,-88.575,0.0,1.211,947530.31
2026-11-30 00:00:00,-94.158,0.0,1.2773,946434.99
2026-11-30 01:00:00,-94.064,7.349,1.432,946167.8
2026-11-30 02:00:00,-95.083,0.15,1.4398,946491.84
2026-11-30 03:00:00,-85.382,0.0,0.9314,947492.29
2026-11-30 04:00:00,-84.995,8.12,0.9734,948472.87
2026-11-30 05:00:00,-70.759,165.446,0.612,948855.61
2026-11-30 06:00:00,-52.776,299.095,0.3097,948769.86
2026-11-30 07:00:00,-39.92,417.229,0.0,949414.23
2026-11-30 08:00:00,-29.084,521.057,0.0,949043.88
2026-11-30 09:00:00,-21.311,580.691,0.0,948817.18
2026-11-30 10:00:00,-7.391,597.537,0.0,948777.42
2026-11-30 11:00:00,-2.268,584.252,0.0,949604.59
2026-11-30 12:00:00,4.757,529.505,0.0,949864.67
2026-11-30 13:00:00,1.058,443.237,0.0,950020.0
2026-11-30 14:00:00,-6.269,326.498,0.0,950124.98
2026-11-30 15:00:00,-12.667,172.825,0.0,951318.56
2026-11-30 16:00:00,-18.87,35.049,0.0,951289.11
2026-11-30 17:00:00,-26.276,2.59,0.0,951606.57
2026-11-30 18:00:00,-39.965,0.0,0.0,951137.6
2026-11-30 19:00:00,-48.664,0.181,0.0,951364.79
2026-11-30 20:00:00,-54.605,3.753,0.0,951474.58
2026-11-30 21:00:00,-64.0,0.405,0.3479,951725.24
2026-11-30 22:00:00,-75.363,7.54,0.5877,950739.52
2026-11-30 23:00:00,-84.31,5.635,0.8514,950034.88
2026-12-01 00:00:00,-91.03,0.0,1.2487,950529.07
2026-12-01 01:00:00,-90.622,0.0,1.2534,950398.94
2026-12-01 02:00:00,-93.58,0.0,1.3523,950185.97
2026-12-01 03:00:00,-87.046,0.0,1.1554,950043.19
2026-12-01 04:00:00,-81.929,0.0,0.9976,950236.35
2026-12-01 05:00:00,-74.838,66.962,0.9099,950415.28
2026-12-01 06:00:00,-64.769,214.468,0.566,950244.07
2026-12-01 07:00:00,-50.328,351.213,0.202,949786.23
2026-12-01 08:00:00,-40.425,466.277,0.0,950183.93
2026-12-01 09:00:00,-23.364,541.053,0.0,950530.2
2026-12-01 10:00:00,-11.635,599.524,0.0,950451.94
2026-12-01 11:00:00,-6.871,598.242,0.0,950548.85
2026-12-01 12:00:00,10.054,560.935,0.0,950738.51
2026-12-01 13:00:00,6.716,498.445,0.0,950527.2
2026-12-01 14:00:00,1.067,400.806,0.0,950785.0
2026-12-01 15:00:00,4.598,281.059,0.0,950585.06
2026-12-01 16:00:00,-10.591,130.853,0.0,950521.74
2026-12-01 17:00:00,-16.328,0.0,0.0,951190.26
2026-12-01 18:00:00,-27.587,0.0,0.0,951458.0
2026-12-01 19:00:00,-38.591,0.0,0.0,951870.89
2026-12-01 20:00:00,-48.767,4.057,0.0,953038.88
2026-12-01 21:00:00,-54.147,3.207,0.0,952649.84
2026-12-01 22:00:00,-66.281,5.833,0.3383,952411.81
2026-12-01 23:00:00,-77.971,0.0,0.6078,952142.17
2026-12-02 00:00:00,-90.328,6.013,0.941,952160.89
2026-12-02 01:00:00,-88.061,0.0,0.9874,952505.71
2026-12-02 02:00:00,-94.918,0.0,1.0953,951482.49
2026-12-02 03:00:00,-87.994,0.0,1.0966,950596.96
2026-12-02 04:00:00,-88.872,0.046,1.0144,950225.54
2026-12-02 05:00:00,-82.903,6.012,1.0023,950179.68
2026-12-02 06:00:00,-72.201,113.933,0.6239,951100.18
2026-12-02 07:00:00,-54.551,258.505,0.3064,951335.88
2026-12-02 08:00:00,-49.694,386.889,0.0523,950748.54
2026-12-02 09:00:00,-28.445,492.848,0.0,951456.3
2026-12-02 10:00:00,-17.497,557.96,0.0,950431.87
2026-12-02 11:00:00,-8.487,591.856,0.0,950088.67
2026-12-02 12:00:00,-2.172,583.58,0.0,950330.02
2026-12-02 13:00:00,4.872,545.12,0.0,950341.81
2026-12-02 14:00:00,3.238,476.162,0.0,950423.4
2026-12-02 15:00:00,0.625,362.672,0.0,951655.21
2026-12-02 16:00:00,-3.35,227.089,0.0,951822.12
2026-12-02 17:00:00,-6.608,90.656,0.0,951049.12
2026-12-02 18:00:00,-26.083,0.0,0.0,950833.57
2026-12-02 19:00:00,-28.526,7.1,0.0,950643.25
2026-12-02 20:00:00,-41.165,7.018,0.0,950056.04
2026-12-02 21:00:00,-52.312,0.28,0.0656,949637.28
2026-12-02 22:00:00,-67.106,0.0,0.4294,950603.08
2026-12-02 23:00:00,-77.428,11.448,0.7653,950022.02
2026-12-03 00:00:00,-78.859,1.936,0.6527,950393.53
2026-12-03 01:00:00,-90.423,0.0,1.0218,950674.69
2026-12-03 02:00:00,-87.507,4.781,0.9887,950621.76
2026-12-03 03:00:00,-94.59,3.512,1.2575,950376.0
2026-12-03 04:00:00,-88.403,6.555,1.2396,950481.81
2026-12-03 05:00:00,-87.705,0.0,1.0541,950291.41
2026-12-03 06:00:00,-80.349,18.798,0.7194,950401.67
2026-12-03 07:00:00,-68.988,161.052,0.4342,950314.83
2026-12-03 08:00:00,-51.575,309.287,0.156,950344.62
2026-12-03 09:00:00,-37.325,425.042,0.0,950276.86
2026-12-03 10:00:00,-27.27,518.296,0.0,949164.09
2026-12-03 11:00:00,-12.915,574.508,0.0,949497.86
2026-12-03 12:00:00,-5.39,595.184,0.0,949455.22
2026-12-03 13:00:00,-2.909,574.785,0.0,949770.08
2026-12-03 14:00:00,5.824,528.376,0.0,950115.74
2026-12-03 15:00:00,3.681,443.317,0.0,950393.01
2026-12-03 16:00:00,-7.298,316.4,0.0,951642.6
2026-12-03 17:00:00,-6.975,184.673,0.0,952061.82
2026-12-03 18:00:00,-20.288,35.062,0.0,952266.5
2026-12-03 19:00:00,-28.35,0.04,0.0,952119.26
2026-12-03 20:00:00,-35.096,0.0,0.0,951739.43
2026-12-03 21:00:00,-45.104,0.0,0.0,951471.17
2026-12-03 22:00:00,-58.104,0.0,0.2923,951545.78
2026-12-03 23:00:00,-63.847,0.0,0.4711,951740.83
2026-12-04 00:00:00,-73.673,7.04,0.753,951326.41
2026-12-04 01:00:00,-83.15,1.839,0.8854,950668.95
2026-12-04 02:00:00,-87.089,0.0,1.0403,950907.39
2026-12-04 03:00:00,-86.49,0.0,1.0077,950810.79
2026-12-04 04:00:00,-96.849,0.0,1.2037,950161.43
2026-12-04 05:00:00,-83.841,0.0,0.8338,949637.91
2026-12-04 06:00:00,-84.287,9.852,0.8431,949331.87
2026-12-04 07:00:00,-76.298,65.186,0.7996,948454.77
2026-12-04 08:00:00,-62.32,219.915,0.2904,947348.22
2026-12-04 09:00:00,-50.281,346.174,0.034,947688.78
2026-12-04 10:00:00,-37.098,459.303,0.0,947707.65
2026-12-04 11:00:00,-18.725,545.901,0.0,947848.99
2026-12-04 12:00:00,-10.405,584.033,0.0,948462.2
2026-12-04 13:00:00,-7.325,590.421,0.0,947931.38
2026-12-04 14:00:00,6.237,570.725,0.0,949246.67
2026-12-04 15:00:00,7.987,497.239,0.0,949196.53
2026-12-04 16:00:00,0.549,403.762,0.0,948399.77
2026-12-04 17:00:00,0.685,270.471,0.0,949048.44
2026-12-04 18:00:00,-5.425,138.855,0.0,947853.13
2026-12-04 19:00:00,-22.748,1.368,0.0,948098.12
2026-12-04 20:00:00,-25.76,2.174,0.0,947926.07
2026-12-04 21:00:00,-38.755,0.658,0.0,948302.17
2026-12-04 22:00:00,-45.882,0.0,0.0,948666.0
2026-12-04 23:00:00,-61.291,0.0,0.2556,949937.24
2026-12-05 00:00:00,-65.32,0.0,0.3384,949446.36
2026-12-05 01:00:00,-77.268,4.798,0.6395,949080.87
2026-12-05 02:00:00,-85.328,0.0,0.9736,949367.85
2026-12-05 03:00:00,-90.658,0.0,1.1355,949833.19
2026-12-05 04:00:00,-88.239,0.0,1.1699,949870.18
2026-12-05 05:00:00,-92.461,0.0,1.2666,949972.42
2026-12-05 06:00:00,-84.164,3.09,1.0249,949021.34
2026-12-05 07:00:00,-80.857,0.0,1.1155,949297.9
2026-12-05 08:00:00,-74.268,120.963,0.905,949007.55
2026-12-05 09:00:00,-57.237,263.111,0.3274,948471.66
2026-12-05 10:00:00,-43.621,388.106,0.0154,949101.96
2026-12-05 11:00:00,-34.895,491.528,0.0,948783.78
2026-12-05 12:00:00,-18.855,559.425,0.0,948151.92
2026-12-05 13:00:00,-7.497,578.304,0.0,947909.79
2026-12-05 14:00:00,1.757,585.236,0.0,947575.39
2026-12-05 15:00:00,5.775,546.09,0.0,947362.78
2026-12-05 16:00:00,10.242,474.162,0.0,948100.52
2026-12-05 17:00:00,0.647,366.313,0.0,947477.58
2026-12-05 18:00:00,-3.433,219.894,0.0,947162.25
2026-12-05 19:00:00,-15.179,79.17,0.0,946703.13
2026-12-05 20:00:00,-16.375,0.0,0.0,946048.38
2026-12-05 21:00:00,-33.709,7.599,0.0,946526.17
2026-12-05 22:00:00,-35.408,5.064,0.0,946489.69
2026-12-05 23:00:00,-46.9,1.753,0.0,947180.17
2026-12-06 00:00:00,-64.617,0.83,0.3279,946854.6
2026-12-06 01:00:00,-68.029,6.903,0.507,947668.91
2026-12-06 02:00:00,-77.752,6.057,0.6607,946620.76
2026-12-06 03:00:00,-85.921,5.79,1.0358,946429.62
2026-12-06 04:00:00,-89.139,2.283,1.1843,947099.73
2026-12-06 05:00:00,-89.145,0.0,1.2993,947725.23
2026-12-06 06:00:00,-87.477,3.836,1.1983,947332.63
2026-12-06 07:00:00,-79.84,4.08,0.9996,947516.6
2026-12-06 08:00:00,-75.58,19.326,1.1138,947171.34
2026-12-06 09:00:00,-67.427,167.42,0.7809,947428.18
2026-12-06 10:00:00,-49.588,312.797,0.3004,947984.54
2026-12-06 11:00:00,-43.651,433.556,0.0,948433.48
2026-12-06 12:00:00,-26.866,512.121,0.0,948372.78
2026-12-06 13:00:00,-15.161,571.864,0.0,948239.57
2026-12-06 14:00:00,-3.434,595.233,0.0,948458.25
2026-12-06 15:00:00,5.671,577.887,0.0,948766.68
2026-12-06 16:00:00,3.889,517.666,0.0,949355.47
2026-12-06 17:00:00,1.766,440.935,0.0,948941.27
2026-12-06 18:00:00,-3.32,317.017,0.0,949284.9
2026-12-06 19:00:00,-5.619,180.637,0.0,949288.06
2026-12-06 20:00:00,-18.098,38.375,0.0,949159.25
2026-12-06 21:00:00,-28.065,0.0,0.0,949374.93
2026-12-06 22:00:00,-32.339,0.0,0.0,950023.52
2026-12-06 23:00:00,-42.49,0.0,0.0,949867.41
2026-12-07 00:00:00,-59.088,0.0,0.3713,950097.64
2026-12-07 01:00:00,-70.986,0.0,0.668,949817.95
2026-12-07 02:00:00,-76.081,3.739,0.7975,949282.5
2026-12-07 03:00:00,-86.529,2.1,0.9784,949228.16
2026-12-07 04:00:00,-92.486,0.0,1.2748,948286.88
2026-12-07 05:00:00,-94.895,0.0,1.5354,948308.79
2026-12-07 06:00:00,-88.059,3.807,1.3801,948476.23
2026-12-07 07:00:00,-87.573,0.0,1.3812,948325.92
2026-12-07 08:00:00,-77.13,1.021,0.9915,948477.38
2026-12-07 09:00:00,-77.223,74.965,1.004,949269.71
2026-12-07 10:00:00,-58.448,208.54,0.492,949816.74
2026-12-07 11:00:00,-47.313,352.8,0.1081,949916.6
2026-12-07 12:00:00,-36.411,450.352,0.0,949838.62
2026-12-07 13:00:00,-22.247,537.85,0.0,950568.78
2026-12-07 14:00:00,-13.71,577.56,0.0,951132.32
2026-12-07 15:00:00,-3.107,597.8,0.0,951051.68
2026-12-07 16:00:00,4.212,553.989,0.0,950952.4
2026-12-07 17:00:00,1.753,484.515,0.0,949688.48
2026-12-07 18:00:00,4.457,394.619,0.0,949967.69
2026-12-07 19:00:00,0.786,267.646,0.0,949521.59
2026-12-07 20:00:00,-6.851,120.558,0.0,949051.06
2026-12-07 21:00:00,-24.673,2.629,0.0,948837.09
2026-12-07 22:00:00,-29.507,0.0,0.0,948226.95
2026-12-07 23:00:00,-37.742,0.0,0.0,948012.21
2026-12-08 00:00:00,-53.282,0.0,0.0434,948333.99
2026-12-08 01:00:00,-64.04,4.011,0.4122,947862.94
2026-12-08 02:00:00,-70.174,6.477,0.6296,947593.56
2026-12-08 03:00:00,-80.492,5.514,0.8932,947597.5
2026-12-08 04:00:00,-86.503,0.0,1.1274,947361.82
2026-12-08 05:00:00,-92.076,0.0,1.2477,946509.74
2026-12-08 06:00:00,-86.586,1.954,1.2555,946668.25
2026-12-08 07:00:00,-92.856,7.353,1.23,946956.36
2026-12-08 08:00:00,-86.613,6.169,1.3691,947566.52
2026-12-08 09:00:00,-81.541,2.315,1.1286,947871.73
2026-12-08 10:00:00,-77.268,115.998,0.9382,949309.26
2026-12-08 11:00:00,-54.691,261.303,0.4452,948700.09
2026-12-08 12:00:00,-42.817,398.522,0.144,948859.92
2026-12-08 13:00:00,-31.575,481.569,0.0,949579.18
2026-12-08 14:00:00,-16.975,551.149,0.0,948960.41
2026-12-08 15:00:00,-9.897,593.871,0.0,948815.23
2026-12-08 16:00:00,0.179,581.229,0.0,948302.52
2026-12-08 17:00:00,-3.82,534.037,0.0,948841.96
2026-12-08 18:00:00,5.609,469.289,0.0,949051.7
2026-12-08 19:00:00,1.114,355.863,0.0,948705.72
2026-12-08 20:00:00,-4.874,220.744,0.0,949112.61
2026-12-08 21:00:00,-16.474,71.661,0.0,949709.58
2026-12-08 22:00:00,-23.513,10.237,0.0,949281.68
2026-12-08 23:00:00,-32.555,0.0,0.0,949452.76
2026-12-09 00:00:00,-44.703,6.987,0.0,950027.05
2026-12-09 01:00:00,-51.15,4.468,0.0,951316.35
2026-12-09 02:00:00,-57.218,0.0,0.1942,950898.18
2026-12-09 03:00:00,-76.038,0.0,0.652,950671.94
2026-12-09 04:00:00,-78.465,7.232,0.757,951428.22
2026-12-09 05:00:00,-87.087,7.313,0.9559,951650.34
2026-12-09 06:00:00,-91.141,0.0,1.0695,951561.1
2026-12-09 07:00:00,-90.254,2.749,0.9655,951055.05
2026-12-09 08:00:00,-88.319,0.0,1.112,950307.82
2026-12-09 09:00:00,-83.675,0.0,0.96,949907.73
2026-12-09 10:00:00,-79.686,24.629,0.8865,949809.93
2026-12-09 11:00:00,-61.055,164.587,0.1827,949475.84
2026-12-09 12:00:00,-51.004,305.935,0.2808,950447.58
2026-12-09 13:00:00,-36.211,421.284,0.0,949440.16
2026-12-09 14:00:00,-21.306,512.313,0.0,949398.28
2026-12-09 15:00:00,-19.132,570.738,0.0,949847.71
2026-12-09 16:00:00,-2.382,585.42,0.0,949644.22
2026-12-09 17:00:00,1.596,579.638,0.0,950036.94
2026-12-09 18:00:00,8.524,518.597,0.0,950548.74
2026-12-09 19:00:00,3.608,436.146,0.0,950410.4
2026-12-09 20:00:00,4.88,309.847,0.0,950788.88
2026-12-09 21:00:00,-7.367,171.336,0.0,950092.75
2026-12-09 22:00:00,-11.992,35.084,0.0,950773.3
2026-12-09 23:00:00,-20.402,0.0,0.0,950600.54
2026-12-10 00:00:00,-31.068,0.0,0.0,950182.12
2026-12-10 01:00:00,-44.009,3.6,0.0,950121.07
2026-12-10 02:00:00,-52.526,0.0,0.1355,949726.18
2026-12-10 03:00:00,-59.003,3.556,0.3581,949655.33
2026-12-10 04:00:00,-66.38,2.917,0.4152,949696.91
2026-12-10 05:00:00,-71.951,6.347,0.8278,949082.95
2026-12-10 06:00:00,-81.36,4.45,0.9287,949859.66
2026-12-10 07:00:00,-85.011,6.5,1.0364,950572.42
2026-12-10 08:00:00,-84.69,0.0,0.9568,950317.41
2026-12-10 09:00:00,-77.471,0.0,0.8912,949752.25
2026-12-10 10:00:00,-76.138,10.55,0.7434,949589.79
2026-12-10 11:00:00,-68.54,66.59,0.5155,948881.21
2026-12-10 12:00:00,-56.91,212.137,0.2519,949634.58
2026-12-10 13:00:00,-43.228,352.965,0.0,949776.91
2026-12-10 14:00:00,-28.386,466.509,0.0,949657.01
2026-12-10 15:00:00,-19.45,537.965,0.0,949259.26
2026-12-10 16:00:00,-8.058,585.964,0.0,948507.38
2026-12-10 17:00:00,1.689,577.421,0.0,948524.78
2026-12-10 18:00:00,5.698,553.409,0.0,948512.71
2026-12-10 19:00:00,10.539,479.154,0.0,948100.3
2026-12-10 20:00:00,9.181,393.511,0.0,947517.62
2026-12-10 21:00:00,2.326,257.816,0.0,948043.41
2026-12-10 22:00:00,-4.794,117.978,0.0,947931.7
2026-12-10 23:00:00,-14.979,2.57,0.0,948681.24
2026-12-11 00:00:00,-35.167,5.309,0.0,949936.56
2026-12-11 01:00:00,-35.792,0.0,0.0,950650.1
2026-12-11 02:00:00,-41.658,2.851,0.0,951062.73
2026-12-11 03:00:00,-56.944,2.689,0.2354,950858.48
2026-12-11 04:00:00,-62.274,0.0,0.4838,951256.72
2026-12-11 05:00:00,-70.92,0.0,0.5281,952186.34
2026-12-11 06:00:00,-81.631,2.824,1.071,951985.72
2026-12-11 07:00:00,-87.673,3.065,1.0713,951915.11
2026-12-11 08:00:00,-88.187,4.47,1.3214,952001.47
2026-12-11 09:00:00,-87.614,1.56,1.2521,951196.68
2026-12-11 10:00:00,-82.464,0.0,0.9859,950515.9
2026-12-11 11:00:00,-85.587,3.452,1.152,950021.13
2026-12-11 12:00:00,-69.673,124.387,0.6695,950000.25
2026-12-11 13:00:00,-58.12,262.98,0.3438,949470.46
2026-12-11 14:00:00,-49.089,387.766,0.0,950162.46
2026-12-11 15:00:00,-29.648,484.485,0.0,950605.06
2026-12-11 16:00:00,-20.24,559.56,0.0,951059.32
2026-12-11 17:00:00,-7.109,579.353,0.0,951891.47
2026-12-11 18:00:00,-0.106,574.936,0.0,952187.79
2026-12-11 19:00:00,6.751,534.279,0.0,952191.14
2026-12-11 20:00:00,5.654,465.414,0.0,951708.75
2026-12-11 21:00:00,-0.785,354.52,0.0,951520.16
2026-12-11 22:00:00,-0.802,210.414,0.0,951661.73
2026-12-11 23:00:00,-3.013,80.648,0.0,952122.49
2026-12-12 00:00:00,-16.04,6.747,0.0,951573.65
2026-12-12 01:00:00,-26.447,0.0,0.0,950810.55
2026-12-12 02:00:00,-39.198,0.0,0.0,951351.81
2026-12-12 03:00:00,-50.858,0.0,0.1078,950932.17
2026-12-12 04:00:00,-61.55,5.612,0.2976,951418.11
2026-12-12 05:00:00,-68.334,7.956,0.4237,951215.77
2026-12-12 06:00:00,-81.445,0.0,1.1371,950880.48
2026-12-12 07:00:00,-83.057,8.76,1.1796,950381.12
2026-12-12 08:00:00,-89.753,0.0,1.4069,950702.24
2026-12-12 09:00:00,-94.582,0.0,1.4948,950816.42
2026-12-12 10:00:00,-90.102,0.0,1.2992,951241.91
2026-12-12 11:00:00,-79.868,5.762,1.0652,951669.92
2026-12-12 12:00:00,-75.857,32.821,0.9115,951760.74
2026-12-12 13:00:00,-74.508,178.23,0.948,951744.29
2026-12-12 14:00:00,-52.614,302.615,0.3531,951032.9
2026-12-12 15:00:00,-34.686,429.597,0.0,950590.48
2026-12-12 16:00:00,-25.398,516.27,0.0,949834.46
2026-12-12 17:00:00,-11.64,560.629,0.0,949938.5
2026-12-12 18:00:00,-5.288,577.165,0.0,949380.61
2026-12-12 19:00:00,3.284,573.27,0.0,949597.21
2026-12-12 20:00:00,5.062,511.084,0.0,948955.62
2026-12-12 21:00:00,2.183,416.414,0.0,948524.54
2026-12-12 22:00:00,2.712,305.365,0.0,949394.61
2026-12-12 23:00:00,-1.327,172.025,0.0,950304.43
2026-12-13 00:00:00,-13.641,22.619,0.0,950030.25
2026-12-13 01:00:00,-23.473,0.0,0.0,950549.05
2026-12-13 02:00:00,-35.035,9.428,0.0,950379.24
2026-12-13 03:00:00,-40.447,5.021,0.1425,951510.05
2026-12-13 04:00:00,-55.295,0.0,0.2288,951249.34
2026-12-13 05:00:00,-62.425,0.0,0.535,951691.44
2026-12-13 06:00:00,-70.875,1.797,0.7073,951520.75
2026-12-13 07:00:00,-77.483,0.0,0.8374,950113.48
2026-12-13 08:00:00,-82.884,1.613,1.0659,949637.78
2026-12-13 09:00:00,-85.521,0.0,1.122,950259.29
2026-12-13 10:00:00,-92.377,0.0,1.3603,951159.55
2026-12-13 11:00:00,-88.515,0.0,1.2326,950866.14
2026-12-13 12:00:00,-85.85,0.0,1.2656,951736.04
2026-12-13 13:00:00,-76.706,85.173,0.9464,951027.81
2026-12-13 14:00:00,-54.911,221.349,0.4947,951719.35
2026-12-13 15:00:00,-48.759,351.905,0.2682,951579.09
2026-12-13 16:00:00,-35.82,447.955,0.0,952665.75
2026-12-13 17:00:00,-20.044,532.584,0.0,952003.38
2026-12-13 18:00:00,-10.78,580.842,0.0,951564.24
2026-12-13 19:00:00,6.479,585.114,0.0,951453.53
2026-12-13 20:00:00,3.545,541.263,0.0,951781.11
2026-12-13 21:00:00,8.191,485.322,0.0,952133.36
2026-12-13 22:00:00,3.319,387.112,0.0,951779.72
2026-12-13 23:00:00,-3.865,267.83,0.0,951897.71
2026-12-14 00:00:00,-9.345,117.405,0.0,951803.89
2026-12-14 01:00:00,-18.841,0.0,0.0,951476.87
2026-12-14 02:00:00,-26.954,0.0,0.0,951187.52
2026-12-14 03:00:00,-39.333,0.0,0.0,951219.23
2026-12-14 04:00:00,-45.169,3.684,0.1403,951057.65
2026-12-14 05:00:00,-57.524,0.0,0.2841,951913.66
2026-12-14 06:00:00,-71.326,0.0,0.6308,951177.66
2026-12-14 07:00:00,-75.102,7.129,0.923,951935.54
2026-12-14 08:00:00,-80.814,0.036,1.1329,951272.48
2026-12-14 09:00:00,-83.184,4.482,1.1862,950793.25
2026-12-14 10:00:00,-96.327,0.0,1.3539,949865.91
2026-12-14 11:00:00,-90.696,0.0,1.2411,949909.18
2026-12-14 12:00:00,-89.614,7.186,1.1571,949710.83
2026-12-14 13:00:00,-81.383,0.506,1.222,949570.61
2026-12-14 14:00:00,-64.143,127.324,0.5527,950529.51
2026-12-14 15:00:00,-57.759,261.233,0.3652,950679.27
2026-12-14 16:00:00,-43.462,390.096,0.0505,950670.81
2026-12-14 17:00:00,-31.369,481.46,0.0,950378.55
2026-12-14 18:00:00,-12.013,559.252,0.0,949955.94
2026-12-14 19:00:00,-14.424,597.351,0.0,949538.69
2026-12-14 20:00:00,-2.684,578.833,0.0,948495.41
2026-12-14 21:00:00,-0.077,528.724,0.0,948168.58
2026-12-14 22:00:00,-2.004,440.38,0.0,948119.38
2026-12-14 23:00:00,4.256,336.535,0.0,948057.42
2026-12-15 00:00:00,-9.436,222.383,0.0,948434.09
2026-12-15 01:00:00,-15.069,65.275,0.0,947682.11
2026-12-15 02:00:00,-22.682,0.0,0.0,947228.27
2026-12-15 03:00:00,-33.887,3.277,0.0,947701.41
2026-12-15 04:00:00,-45.888,7.411,0.0,946546.21
2026-12-15 05:00:00,-51.551,0.0,0.0434,946661.6
2026-12-15 06:00:00,-63.182,0.0,0.3514,946239.04
2026-12-15 07:00:00,-67.74,0.358,0.3102,948023.73
2026-12-15 08:00:00,-76.544,0.0,0.7581,948606.05
2026-12-15 09:00:00,-78.423,0.0,0.985,949318.63
2026-12-15 10:00:00,-87.686,2.059,1.207,949823.15
2026-12-15 11:00:00,-87.506,0.926,1.0548,950738.96
2026-12-15 12:00:00,-88.126,10.658,1.1951,949907.01
2026-12-15 13:00:00,-77.222,2.194,0.9644,950102.47
2026-12-15 14:00:00,-74.967,35.061,0.767,949511.79
2026-12-15 15:00:00,-63.634,170.191,0.5633,949348.56
2026-12-15 16:00:00,-48.774,313.06,0.1685,949311.56
2026-12-15 17:00:00,-38.955,421.644,0.0,949935.66
2026-12-15 18:00:00,-25.184,514.587,0.0,949845.03
2026-12-15 19:00:00,-10.328,570.295,0.0,950200.91
2026-12-15 20:00:00,-0.334,584.737,0.0,950143.93
2026-12-15 21:00:00,5.891,576.42,0.0,949690.97
2026-12-15 22:00:00,6.74,514.981,0.0,948776.31
2026-12-15 23:00:00,7.77,424.404,0.0,948460.25
2026-12-16 00:00:00,5.57,306.006,0.0,948473.38
2026-12-16 01:00:00,-7.586,175.174,0.0,949129.6
2026-12-16 02:00:00,-13.753,12.622,0.0,949350.5
2026-12-16 03:00:00,-31.048,6.851,0.0,949021.8
2026-12-16 04:00:00,-29.828,0.0,0.0,949785.61
2026-12-16 05:00:00,-44.634,0.0,0.0,948765.54
2026-12-16 06:00:00,-55.15,2.807,0.1545,949590.13
2026-12-16 07:00:00,-63.002,6.166,0.3586,948949.55
2026-12-16 08:00:00,-69.531,0.0,0.5805,949159.29
2026-12-16 09:00:00,-71.483,0.0,0.7596,949147.14
2026-12-16 10:00:00,-88.081,0.488,1.019,948879.84
2026-12-16 11:00:00,-89.06,0.0,1.1781,948304.84
2026-12-16 12:00:00,-85.832,4.27,1.1604,947228.62
2026-12-16 13:00:00,-84.899,17.18,1.2925,947466.15
2026-12-16 14:00:00,-74.769,2.097,1.0174,947993.65
2026-12-16 15:00:00,-69.069,75.956,0.6196,947658.33
2026-12-16 16:00:00,-53.38,216.318,0.4144,947724.48
2026-12-16 17:00:00,-43.249,349.937,0.0284,947563.19
2026-12-16 18:00:00,-27.544,452.908,0.0,947991.44
2026-12-16 19:00:00,-19.142,536.433,0.0,948344.57
2026-12-16 20:00:00,0.699,578.346,0.0,948774.53
2026-12-16 21:00:00,-2.254,578.559,0.0,948952.15
2026-12-16 22:00:00,6.508,558.083,0.0,949286.39
2026-12-16 23:00:00,6.033,476.377,0.0,949082.19
2026-12-17 00:00:00,11.113,380.368,0.0,948244.75
2026-12-17 01:00:00,4.858,260.488,0.0,948810.65
2026-12-17 02:00:00,-8.0,121.484,0.0,948907.35
2026-12-17 03:00:00,-10.798,6.388,0.0,949097.88
2026-12-17 04:00:00,-24.512,2.142,0.0,949486.44
2026-12-17 05:00:00,-31.5,5.255,0.0,948768.75
2026-12-17 06:00:00,-40.898,0.0,0.0,949588.12
2026-12-17 07:00:00,-53.995,4.59,0.2318,950291.77
2026-12-17 08:00:00,-60.912,4.524,0.6746,950516.74
2026-12-17 09:00:00,-73.103,7.564,0.6918,951013.15
2026-12-17 10:00:00,-78.369,0.0,0.9634,951775.56
2026-12-17 11:00:00,-84.416,0.0,1.085,951799.44
2026-12-17 12:00:00,-91.122,4.116,1.2889,952230.38
2026-12-17 13:00:00,-84.98,0.0,1.245,952735.94
2026-12-17 14:00:00,-83.438,2.46,1.0797,952967.11
2026-12-17 15:00:00,-70.605,5.299,0.8069,953123.48
2026-12-17 16:00:00,-68.144,126.305,0.7058,952836.91
2026-12-17 17:00:00,-47.076,266.067,0.3224,952122.25
2026-12-17 18:00:00,-37.665,384.542,0.0642,951545.44
2026-12-17 19:00:00,-22.639,483.807,0.0,951691.71
2026-12-17 20:00:00,-16.532,549.034,0.0,951300.96
2026-12-17 21:00:00,-4.06,577.549,0.0,951500.47
2026-12-17 22:00:00,2.004,569.226,0.0,951802.05
2026-12-17 23:00:00,14.696,526.521,0.0,951601.66
2026-12-18 00:00:00,7.311,447.346,0.0,950684.13
2026-12-18 01:00:00,10.525,350.054,0.0,949898.76
2026-12-18 02:00:00,4.096,208.652,0.0,950720.85
2026-12-18 03:00:00,-5.057,68.703,0.0,950726.55
2026-12-18 04:00:00,-19.441,0.0,0.0,950378.11
2026-12-18 05:00:00,-21.407,0.0,0.0,950123.88
2026-12-18 06:00:00,-30.669,0.0,0.0,949824.95
2026-12-18 07:00:00,-46.501,0.0,0.0,951050.46
2026-12-18 08:00:00,-59.626,0.0,0.3418,950743.5
2026-12-18 09:00:00,-69.647,0.918,0.5239,951563.4
2026-12-18 10:00:00,-73.058,5.381,0.774,950756.58
2026-12-18 11:00:00,-80.753,0.0,0.8513,950275.54
2026-12-18 12:00:00,-83.485,0.0,1.0238,951038.66
2026-12-18 13:00:00,-89.423,0.0,1.1403,950189.68
2026-12-18 14:00:00,-83.671,0.0,0.9997,950323.84
2026-12-18 15:00:00,-75.959,5.379,0.67,950801.7
2026-12-18 16:00:00,-69.692,30.015,0.7608,950830.01
2026-12-18 17:00:00,-60.942,177.364,0.4974,951000.78
2026-12-18 18:00:00,-46.605,318.742,0.0132,950825.77
2026-12-18 19:00:00,-37.223,427.492,0.0,951883.48
2026-12-18 20:00:00,-22.434,507.668,0.0,952069.84
2026-12-18 21:00:00,-10.054,565.495,0.0,950872.08
2026-12-18 22:00:00,1.686,577.326,0.0,951048.48
2026-12-18 23:00:00,3.431,562.785,0.0,950475.0
2026-12-19 00:00:00,5.506,506.279,0.0,950569.25
2026-12-19 01:00:00,10.159,407.373,0.0,951473.05
2026-12-19 02:00:00,2.656,298.86,0.0,951045.06
2026-12-19 03:00:00,-5.807,161.948,0.0,951372.01
2026-12-19 04:00:00,-10.616,19.335,0.0,951520.71
2026-12-19 05:00:00,-20.226,4.157,0.0,952007.89
2026-12-19 06:00:00,-31.246,2.387,0.0,952220.43
2026-12-19 07:00:00,-41.5,0.0,0.0,951142.26
2026-12-19 08:00:00,-50.869,4.667,0.2221,950872.09
2026-12-19 09:00:00,-60.577,0.0,0.3537,950650.9
2026-12-19 10:00:00,-70.347,0.0,0.6804,950006.29
2026-12-19 11:00:00,-78.094,0.0,0.9516,950204.4
2026-12-19 12:00:00,-85.168,0.0,1.197,949327.54
2026-12-19 13:00:00,-87.11,0.0,1.2506,949210.58
2026-12-19 14:00:00,-86.433,1.989,1.1404,949939.8
2026-12-19 15:00:00,-86.125,0.0,1.1621,950025.8
2026-12-19 16:00:00,-80.599,0.0,0.9141,950094.45
2026-12-19 17:00:00,-68.597,84.638,0.5943,950375.76
2026-12-19 18:00:00,-52.975,219.365,0.2194,950418.94
2026-12-19 19:00:00,-48.783,354.272,0.0465,951059.62
2026-12-19 20:00:00,-30.256,454.393,0.0,951711.96
2026-12-19 21:00:00,-15.532,532.434,0.0,951475.81
2026-12-19 22:00:00,-2.529,576.595,0.0,951148.76
2026-12-19 23:00:00,7.723,582.362,0.0,950674.49
2026-12-20 00:00:00,5.876,544.747,0.0,950477.87
2026-12-20 01:00:00,14.692,471.762,0.0,950608.03
2026-12-20 02:00:00,8.374,374.377,0.0,950704.68
2026-12-20 03:00:00,4.534,256.381,0.0,950905.24
2026-12-20 04:00:00,-8.97,108.288,0.0,950571.55
2026-12-20 05:00:00,-13.86,0.0,0.0,950845.36
2026-12-20 06:00:00,-20.842,0.0,0.0,951115.56
2026-12-20 07:00:00,-35.389,0.0,0.0,951033.11
2026-12-20 08:00:00,-51.726,0.0,0.0318,950287.36
2026-12-20 09:00:00,-53.997,0.0,0.1054,949781.37
2026-12-20 10:00:00,-65.363,2.604,0.3524,949805.54
2026-12-20 11:00:00,-69.285,4.821,0.4711,950087.06
2026-12-20 12:00:00,-81.387,0.0,0.8297,950429.18
2026-12-20 13:00:00,-86.555,1.845,1.0026,950091.06
2026-12-20 14:00:00,-89.912,5.416,0.9831,949988.66
2026-12-20 15:00:00,-87.739,2.98,1.1691,950185.51
2026-12-20 16:00:00,-74.297,0.0,0.8124,950829.42
2026-12-20 17:00:00,-80.582,0.0,0.691,950715.51
2026-12-20 18:00:00,-68.336,131.939,0.5037,950281.05
2026-12-20 19:00:00,-52.278,270.819,0.2935,950529.27
2026-12-20 20:00:00,-32.564,390.681,0.0,950680.93
2026-12-20 21:00:00,-23.454,484.712,0.0,950652.61
2026-12-20 22:00:00,-9.215,544.243,0.0,950570.77
2026-12-20 23:00:00,-5.173,580.316,0.0,950733.62
2026-12-21 00:00:00,-1.415,571.766,0.0,951363.77
2026-12-21 01:00:00,5.312,524.862,0.0,951451.94
2026-12-21 02:00:00,6.715,445.042,0.0,951525.74
2026-12-21 03:00:00,4.614,344.825,0.0,951570.58
2026-12-21 04:00:00,-2.702,203.542,0.0,952052.09
2026-12-21 05:00:00,-9.323,69.98,0.0,951603.13
2026-12-21 06:00:00,-22.189,0.0,0.0,951285.63
2026-12-21 07:00:00,-31.464,5.545,0.0,951151.25
2026-12-21 08:00:00,-42.339,6.167,0.0,951400.46
2026-12-21 09:00:00,-49.193,0.0,0.1509,950769.62
2026-12-21 10:00:00,-59.99,8.305,0.2067,951130.32
2026-12-21 11:00:00,-66.942,2.345,0.4998,951086.32
2026-12-21 12:00:00,-73.303,0.0,0.6469,951731.71
2026-12-21 13:00:00,-87.791,0.0,1.04,952054.4
2026-12-21 14:00:00,-87.147,5.664,1.0795,952076.48
2026-12-21 15:00:00,-88.485,4.615,1.1128,951329.91
2026-12-21 16:00:00,-90.305,0.0,1.2882,951142.45
2026-12-21 17:00:00,-82.47,0.0,0.9518,950975.91
2026-12-21 18:00:00,-68.361,36.178,0.526,950961.24
2026-12-21 19:00:00,-63.362,177.084,0.5204,950336.42
2026-12-21 20:00:00,-50.068,324.255,0.09,950370.04
2026-12-21 21:00:00,-34.677,426.285,0.0,950441.82
2026-12-21 22:00:00,-19.288,509.995,0.0,950329.13
2026-12-21 23:00:00,-11.165,568.485,0.0,950615.28
2026-12-22 00:00:00,-1.234,576.604,0.0,950684.22
2026-12-22 01:00:00,-2.428,562.017,0.0,949528.4
2026-12-22 02:00:00,9.04,491.233,0.0,949426.25
2026-12-22 03:00:00,7.424,407.647,0.0,950381.01
2026-12-22 04:00:00,5.458,299.051,0.0,950050.74
2026-12-22 05:00:00,-10.187,166.593,0.0,949442.26
2026-12-22 06:00:00,-15.789,9.581,0.0,949670.16
2026-12-22 07:00:00,-20.586,0.0,0.0,948566.91
2026-12-22 08:00:00,-34.455,2.837,0.0,947899.85
2026-12-22 09:00:00,-43.536,0.0,0.0,948512.17
2026-12-22 10:00:00,-56.245,0.0,0.3314,948556.58
2026-12-22 11:00:00,-66.139,4.382,0.4775,948059.07
2026-12-22 12:00:00,-70.858,0.0,0.7511,948034.29
2026-12-22 13:00:00,-85.953,0.0,1.2353,948029.4
2026-12-22 14:00:00,-86.507,0.0,1.3298,947169.9
2026-12-22 15:00:00,-88.177,0.05,1.3025,947882.31
2026-12-22 16:00:00,-85.5,0.0,1.2032,948085.58
2026-12-22 17:00:00,-85.935,0.0,1.2745,948649.91
2026-12-22 18:00:00,-77.034,0.0,1.1049,947795.4
2026-12-22 19:00:00,-70.533,93.109,1.038,947865.91
2026-12-22 20:00:00,-57.253,237.021,0.4697,948183.91
2026-12-22 21:00:00,-44.717,347.567,0.2,948476.57
2026-12-22 22:00:00,-29.869,458.004,0.0,948547.76
2026-12-22 23:00:00,-18.184,526.278,0.0,949203.09
2026-12-23 00:00:00,-13.062,569.592,0.0,949074.37
2026-12-23 01:00:00,-0.738,583.334,0.0,949389.75
2026-12-23 02:00:00,4.875,538.079,0.0,949223.44
2026-12-23 03:00:00,9.47,470.19,0.0,949762.81
2026-12-23 04:00:00,-0.175,367.675,0.0,950028.52
2026-12-23 05:00:00,-0.021,254.857,0.0,949132.1
2026-12-23 06:00:00,-10.621,93.479,0.0,949305.57
2026-12-23 07:00:00,-17.622,0.0,0.0,949624.8
2026-12-23 08:00:00,-29.419,0.0,0.0,949077.01
2026-12-23 09:00:00,-36.196,0.0,0.0,950095.84
2026-12-23 10:00:00,-45.842,4.318,0.0,950249.44
2026-12-23 11:00:00,-60.092,6.01,0.2483,949719.42
2026-12-23 12:00:00,-62.954,0.0,0.4161,949405.72
2026-12-23 13:00:00,-80.814,10.467,0.9311,948553.33
2026-12-23 14:00:00,-81.171,0.0,0.8685,949215.72
2026-12-23 15:00:00,-94.295,6.443,1.1719,949254.33
2026-12-23 16:00:00,-90.132,0.749,1.24,949215.92
2026-12-23 17:00:00,-87.108,0.0,1.161,949816.53
2026-12-23 18:00:00,-82.819,0.0,1.1637,949642.56
2026-12-23 19:00:00,-79.197,0.0,0.9035,950047.05
2026-12-23 20:00:00,-68.138,134.889,0.7044,950557.95
2026-12-23 21:00:00,-52.367,266.309,0.3038,950673.14
2026-12-23 22:00:00,-38.148,389.292,0.0,950851.89
2026-12-23 23:00:00,-23.974,480.933,0.0,951045.13
2026-12-24 00:00:00,-20.612,541.722,0.0,951384.09
2026-12-24 01:00:00,-7.143,571.344,0.0,951864.9
2026-12-24 02:00:00,-6.314,560.157,0.0,952248.98
2026-12-24 03:00:00,0.069,517.745,0.0,952694.38
2026-12-24 04:00:00,3.102,442.39,0.0,952295.14
2026-12-24 05:00:00,5.394,332.8,0.0,952071.96
2026-12-24 06:00:00,-3.966,212.603,0.0,951871.44
2026-12-24 07:00:00,-13.395,49.143,0.0,951652.52
2026-12-24 08:00:00,-20.124,2.347,0.0,952356.43
2026-12-24 09:00:00,-32.173,0.032,0.0,952681.18
2026-12-24 10:00:00,-46.323,4.078,0.0,953298.16
2026-12-24 11:00:00,-53.25,3.582,0.1403,953575.8
2026-12-24 12:00:00,-61.434,0.0,0.5451,953075.47
2026-12-24 13:00:00,-68.771,0.863,0.6295,952677.83
2026-12-24 14:00:00,-78.451,0.0,0.7823,952991.83
2026-12-24 15:00:00,-82.22,3.068,1.0033,951970.32
2026-12-24 16:00:00,-83.539,0.0,1.3292,951747.79
2026-12-24 17:00:00,-83.804,3.884,1.0218,950801.04
2026-12-24 18:00:00,-85.41,0.0,1.2135,949972.08
2026-12-24 19:00:00,-84.939,0.0,1.3899,949971.09
2026-12-24 20:00:00,-77.535,36.877,0.9459,950082.99
2026-12-24 21:00:00,-64.567,180.815,0.8342,950285.46
2026-12-24 22:00:00,-51.118,319.922,0.4468,950756.25
2026-12-24 23:00:00,-33.822,441.172,0.0,950134.02
2026-12-25 00:00:00,-16.594,515.217,0.0,950135.68
2026-12-25 01:00:00,-10.365,557.52,0.0,950807.32
2026-12-25 02:00:00,-2.244,578.539,0.0,951123.47
2026-12-25 03:00:00,6.803,556.647,0.0,950632.85
2026-12-25 04:00:00,4.761,490.825,0.0,950446.9
2026-12-25 05:00:00,10.073,399.336,0.0,951102.88
2026-12-25 06:00:00,5.635,289.335,0.0,951667.92
2026-12-25 07:00:00,-4.127,159.016,0.0,952098.33
2026-12-25 08:00:00,-7.125,2.257,0.0,951999.65
2026-12-25 09:00:00,-17.59,0.0,0.0,951692.38
2026-12-25 10:00:00,-30.066,2.863,0.0,952076.42
2026-12-25 11:00:00,-41.877,0.209,0.0,952147.88
2026-12-25 12:00:00,-52.815,7.081,0.3378,951737.8
2026-12-25 13:00:00,-62.53,0.0,0.4796,951245.43
2026-12-25 14:00:00,-70.749,11.761,0.7723,951179.66
2026-12-25 15:00:00,-79.283,0.0,1.0598,951613.92
2026-12-25 16:00:00,-83.92,0.0,1.1164,951207.44
2026-12-25 17:00:00,-89.675,0.0,1.319,950541.92
2026-12-25 18:00:00,-87.826,0.0,1.3348,951173.05
2026-12-25 19:00:00,-87.904,0.0,1.2704,951592.76
2026-12-25 20:00:00,-77.042,0.0,1.096,950487.76
2026-12-25 21:00:00,-67.599,86.52,0.721,950374.7
2026-12-25 22:00:00,-56.026,223.633,0.5684,950542.46
2026-12-25 23:00:00,-39.882,355.624,0.0405,950527.77
2026-12-26 00:00:00,-31.816,454.651,0.0,950827.01
2026-12-26 01:00:00,-18.549,535.061,0.0,950274.0
2026-12-26 02:00:00,-10.758,567.745,0.0,950830.52
2026-12-26 03:00:00,4.187,566.208,0.0,950277.16
2026-12-26 04:00:00,7.449,528.107,0.0,949882.27
2026-12-26 05:00:00,11.076,466.562,0.0,949056.96
2026-12-26 06:00:00,10.024,361.783,0.0,949176.46
2026-12-26 07:00:00,-1.116,238.331,0.0,949229.72
2026-12-26 08:00:00,-9.651,108.863,0.0,949251.15
2026-12-26 09:00:00,-22.373,0.0,0.0,949871.32
2026-12-26 10:00:00,-28.537,7.061,0.0,949183.3
2026-12-26 11:00:00,-36.527,0.799,0.0,949226.52
2026-12-26 12:00:00,-52.66,0.0,0.0596,949285.41
2026-12-26 13:00:00,-60.252,0.0,0.5415,949228.34
2026-12-26 14:00:00,-67.064,3.822,0.6751,950043.1
2026-12-26 15:00:00,-72.652,0.0,0.653,949951.13
2026-12-26 16:00:00,-84.334,0.0,1.2385,950218.09
2026-12-26 17:00:00,-85.814,0.999,1.2848,951128.59
2026-12-26 18:00:00,-82.706,0.0,1.0784,950612.19
2026-12-26 19:00:00,-92.813,0.0,1.316,950229.34
2026-12-26 20:00:00,-80.043,0.0,0.9655,950198.71
2026-12-26 21:00:00,-76.415,1.748,0.9018,950949.77
2026-12-26 22:00:00,-61.925,136.112,0.5901,951030.81
2026-12-26 23:00:00,-50.203,277.454,0.2536,950895.01
2026-12-27 00:00:00,-42.483,386.095,0.0108,950216.8
2026-12-27 01:00:00,-27.853,486.812,0.0,950510.72
2026-12-27 02:00:00,-20.591,545.354,0.0,950901.76
2026-12-27 03:00:00,-7.975,567.937,0.0,951273.69
2026-12-27 04:00:00,1.284,564.329,0.0,950466.79
2026-12-27 05:00:00,6.336,515.513,0.0,951325.24
2026-12-27 06:00:00,8.514,432.838,0.0,951374.98
2026-12-27 07:00:00,7.772,328.196,0.0,951982.5
2026-12-27 08:00:00,-4.722,198.179,0.0,951235.75
2026-12-27 09:00:00,-8.644,56.079,0.0,952083.25
2026-12-27 10:00:00,-19.723,0.0,0.0,951248.7
2026-12-27 11:00:00,-34.023,0.0,0.0,951489.32
2026-12-27 12:00:00,-40.371,0.374,0.0,951304.73
2026-12-27 13:00:00,-50.952,0.0,0.0,950970.17
2026-12-27 14:00:00,-64.081,0.0,0.3248,951462.35
2026-12-27 15:00:00,-74.19,0.0,0.7057,951925.74
2026-12-27 16:00:00,-82.17,3.67,0.8017,951925.1
2026-12-27 17:00:00,-86.466,0.928,1.2251,952398.35
2026-12-27 18:00:00,-91.138,0.0,1.1757,952596.26
2026-12-27 19:00:00,-85.417,0.0,1.0794,952953.08
2026-12-27 20:00:00,-94.377,3.179,1.3551,952510.92
2026-12-27 21:00:00,-81.88,0.0,0.9511,952508.32
2026-12-27 22:00:00,-72.111,44.874,0.8516,952666.71
2026-12-27 23:00:00,-64.636,174.197,0.6225,952332.24
2026-12-28 00:00:00,-49.454,307.299,0.1453,952328.66
2026-12-28 01:00:00,-36.721,422.296,0.0,951986.14
2026-12-28 02:00:00,-22.38,518.762,0.0,951831.06
2026-12-28 03:00:00,-8.615,566.538,0.0,951620.88
2026-12-28 04:00:00,0.084,575.878,0.0,951421.78
2026-12-28 05:00:00,2.477,551.367,0.0,951646.88
2026-12-28 06:00:00,2.486,482.03,0.0,951527.71
2026-12-28 07:00:00,7.512,402.167,0.0,951858.12
2026-12-28 08:00:00,0.686,282.776,0.0,951488.88
2026-12-28 09:00:00,-6.102,147.158,0.0,951465.88
2026-12-28 10:00:00,-13.907,7.989,0.0,951863.17
2026-12-28 11:00:00,-24.313,0.0,0.0,951248.69
2026-12-28 12:00:00,-31.096,4.346,0.0,950586.21
2026-12-28 13:00:00,-34.728,0.0,0.0,950701.25
2026-12-28 14:00:00,-50.852,0.375,0.0,950256.06
2026-12-28 15:00:00,-60.015,0.0,0.2432,949469.07
2026-12-28 16:00:00,-71.754,0.0,0.654,949467.53
2026-12-28 17:00:00,-80.239,1.523,0.7924,949801.76
2026-12-28 18:00:00,-84.05,0.0,0.9193,949016.06
2026-12-28 19:00:00,-86.672,0.821,0.9823,948014.67
2026-12-28 20:00:00,-85.262,0.0,1.0928,947862.84
2026-12-28 21:00:00,-84.988,0.0,0.961,948086.57
2026-12-28 22:00:00,-83.724,0.0,1.1366,948556.2
2026-12-28 23:00:00,-74.507,89.284,0.8517,948123.87
2026-12-29 00:00:00,-56.379,225.625,0.1826,948298.27
2026-12-29 01:00:00,-47.036,354.072,0.098,948277.72
2026-12-29 02:00:00,-28.617,454.342,0.0,948337.43
2026-12-29 03:00:00,-15.327,524.934,0.0,948886.08
2026-12-29 04:00:00,-8.739,574.097,0.0,948679.7
2026-12-29 05:00:00,2.993,569.822,0.0,948956.09
2026-12-29 06:00:00,5.245,530.773,0.0,948156.81
2026-12-29 07:00:00,5.957,463.968,0.0,948577.37
2026-12-29 08:00:00,4.327,358.757,0.0,948015.39
2026-12-29 09:00:00,-3.447,238.879,0.0,948514.83
2026-12-29 10:00:00,-11.549,101.087,0.0,947914.68
2026-12-29 11:00:00,-23.114,0.0,0.0,947780.03
2026-12-29 12:00:00,-29.301,1.937,0.0,947412.02
2026-12-29 13:00:00,-30.65,0.0,0.0,947924.08
2026-12-29 14:00:00,-52.316,0.0,0.0056,947791.43
2026-12-29 15:00:00,-62.615,0.0,0.4231,949161.88
2026-12-29 16:00:00,-71.166,14.795,0.5512,948469.97
2026-12-29 17:00:00,-78.836,0.0,1.0079,948149.96
2026-12-29 18:00:00,-82.932,0.0,0.8121,948044.47
2026-12-29 19:00:00,-89.683,0.0,1.107,949190.5
2026-12-29 20:00:00,-90.016,3.797,1.262,949057.15
2026-12-29 21:00:00,-90.124,6.682,1.173,949697.6
2026-12-29 22:00:00,-85.799,0.0,1.1724,948452.3
2026-12-29 23:00:00,-78.199,6.395,0.9376,948399.1
2026-12-30 00:00:00,-66.639,142.086,0.5493,948827.66
2026-12-30 01:00:00,-47.477,272.531,0.1255,949385.89
2026-12-30 02:00:00,-40.381,389.6,0.0286,949333.02
2026-12-30 03:00:00,-27.937,483.976,0.0,950044.63
2026-12-30 04:00:00,-23.176,548.424,0.0,950343.1
2026-12-30 05:00:00,-5.541,571.855,0.0,950555.07
2026-12-30 06:00:00,-5.07,555.517,0.0,951001.81
2026-12-30 07:00:00,6.516,510.979,0.0,950362.27
2026-12-30 08:00:00,6.185,441.664,0.0,950773.64
2026-12-30 09:00:00,5.088,325.056,0.0,950330.39
2026-12-30 10:00:00,-4.963,199.297,0.0,950429.73
2026-12-30 11:00:00,-11.542,56.231,0.0,950717.18
2026-12-30 12:00:00,-18.66,1.367,0.0,951635.81
2026-12-30 13:00:00,-32.454,0.543,0.0,951400.77
2026-12-30 14:00:00,-38.498,4.487,0.0,951541.26
2026-12-30 15:00:00,-50.142,3.593,0.0,950867.26
2026-12-30 16:00:00,-62.047,1.319,0.4559,951357.91
2026-12-30 17:00:00,-66.493,0.0,0.4723,950315.46
2026-12-30 18:00:00,-77.408,1.928,0.7239,949970.98
2026-12-30 19:00:00,-90.24,0.0,1.1557,949959.24
2026-12-30 20:00:00,-86.027,0.0,0.9531,950284.96
2026-12-30 21:00:00,-91.54,13.394,1.1072,949936.21
2026-12-30 22:00:00,-85.232,0.0,1.0878,949936.6
2026-12-30 23:00:00,-82.178,4.793,0.9804,949425.93
2026-12-31 00:00:00,-83.344,39.39,1.074,949448.36
2026-12-31 01:00:00,-61.467,186.15,0.1718,949675.85
2026-12-31 02:00:00,-49.992,328.131,0.1314,949932.87
2026-12-31 03:00:00,-37.496,419.895,0.0,949350.78
2026-12-31 04:00:00,-24.934,503.07,0.0,948832.4
2026-12-31 05:00:00,-9.946,555.858,0.0,948945.37
2026-12-31 06:00:00,-6.519,565.064,0.0,949447.38
2026-12-31 07:00:00,5.587,550.315,0.0,949439.28
2026-12-31 08:00:00,0.175,484.574,0.0,949767.68
2026-12-31 09:00:00,5.279,400.417,0.0,950248.37
2026-12-31 10:00:00,2.077,274.772,0.0,950114.13
2026-12-31 11:00:00,-5.037,138.501,0.0,949964.54
2026-12-31 12:00:00,-15.444,3.001,0.0,949595.48
2026-12-31 13:00:00,-24.834,0.0,0.0,949690.06
2026-12-31 14:00:00,-35.33,7.591,0.0,949732.91
2026-12-31 15:00:00,-48.074,0.0,0.0,950115.2
2026-12-31 16:00:00,-56.965,0.0,0.1103,950410.39
2026-12-31 17:00:00,-68.449,2.068,0.459,950682.21
2026-12-31 18:00:00,-77.354,0.0,0.448,950154.73
2026-12-31 19:00:00,-75.432,0.0,0.7184,950247.72
2026-12-31 20:00:00,-90.965,10.2,1.0803,950041.06
2026-12-31 21:00:00,-85.122,0.0,0.9869,949600.03
2026-12-31 22:00:00,-92.152,0.0,1.2081,949559.69
2026-12-31 23:00:00,-88.471,0.0,0.9825,949723.59
2027-01-01 00:00:00,-82.987,3.552,0.9821,949474.34
2027-01-01 01:00:00,-73.28,94.895,0.7618,949254.22
2027-01-01 02:00:00,-55.031,226.919,0.1931,949148.39
2027-01-01 03:00:00,-42.786,352.957,0.0566,949002.68
2027-01-01 04:00:00,-31.663,454.073,0.0,949185.23
2027-01-01 05:00:00,-10.777,530.169,0.0,950019.88
2027-01-01 06:00:00,-9.8,557.8,0.0,950522.2
2027-01-01 07:00:00,-1.383,574.553,0.0,949666.8
2027-01-01 08:00:00,1.725,525.041,0.0,950688.16
2027-01-01 09:00:00,3.289,459.029,0.0,950666.59
2027-01-01 10:00:00,1.874,353.877,0.0,950450.95
2027-01-01 11:00:00,0.83,230.582,0.0,951724.75
2027-01-01 12:00:00,-7.837,94.807,0.0,952019.01
2027-01-01 13:00:00,-15.606,0.0,0.0,952031.1
2027-01-01 14:00:00,-30.685,0.0,0.0,952080.16
2027-01-01 15:00:00,-36.636,0.0,0.0,952035.9
2027-01-01 16:00:00,-47.468,3.478,0.0,952299.94
2027-01-01 17:00:00,-57.883,0.0,0.305,952765.0
2027-01-01 18:00:00,-71.031,0.0,0.6058,953152.22
2027-01-01 19:00:00,-80.245,0.0,0.8127,952113.44
2027-01-01 20:00:00,-83.064,4.964,1.1125,952229.13
2027-01-01 21:00:00,-86.027,1.074,0.9775,951983.16
2027-01-01 22:00:00,-91.854,0.0,1.3739,952613.52
2027-01-01 23:00:00,-86.723,0.0,1.2813,953149.93
2027-01-02 00:00:00,-80.885,0.0,1.1316,953129.1
2027-01-02 01:00:00,-79.295,0.0,1.0764,953034.24
2027-01-02 02:00:00,-70.747,147.132,0.672,952422.16
2027-01-02 03:00:00,-57.545,277.373,0.3954,952695.83
2027-01-02 04:00:00,-42.578,386.779,0.1687,952837.14
2027-01-02 05:00:00,-29.073,479.364,0.0,952665.39
2027-01-02 06:00:00,-16.903,538.014,0.0,952939.76
2027-01-02 07:00:00,-7.72,562.652,0.0,953996.64
2027-01-02 08:00:00,-1.494,557.707,0.0,953184.63
2027-01-02 09:00:00,4.246,506.434,0.0,953376.92
2027-01-02 10:00:00,-0.069,437.958,0.0,953349.21
2027-01-02 11:00:00,2.819,325.891,0.0,953799.27
2027-01-02 12:00:00,-4.353,197.651,0.0,953200.87
2027-01-02 13:00:00,-13.717,53.603,0.0,952350.21
2027-01-02 14:00:00,-28.035,0.0,0.0,952279.71
2027-01-02 15:00:00,-34.985,2.989,0.0,952183.43
2027-01-02 16:00:00,-43.296,0.0,0.0,952171.41
2027-01-02 17:00:00,-56.772,8.151,0.2398,951752.41
2027-01-02 18:00:00,-69.18,2.021,0.5388,951057.38
2027-01-02 19:00:00,-78.195,1.312,0.9518,951438.84
2027-01-02 20:00:00,-85.675,0.635,1.1009,950752.27
2027-01-02 21:00:00,-92.722,8.701,1.2346,950288.53
2027-01-02 22:00:00,-84.251,0.0,1.119,950853.05
2027-01-02 23:00:00,-98.972,9.191,1.5513,950457.08
2027-01-03 00:00:00,-94.566,0.0,1.4533,950509.45
2027-01-03 01:00:00,-84.971,0.0,1.2447,950191.95
2027-01-03 02:00:00,-80.931,42.727,1.0682,950075.58
2027-01-03 03:00:00,-67.534,179.136,0.6665,950401.15
2027-01-03 04:00:00,-51.551,319.443,0.267,950787.07
2027-01-03 05:00:00,-36.684,419.335,0.0,950994.42
2027-01-03 06:00:00,-28.557,506.296,0.0,951608.54
2027-01-03 07:00:00,-13.892,559.405,0.0,950689.13
2027-01-03 08:00:00,-13.725,562.895,0.0,950972.12
2027-01-03 09:00:00,-4.456,540.874,0.0,950539.1
2027-01-03 10:00:00,1.317,476.651,0.0,951738.88
2027-01-03 11:00:00,4.955,390.992,0.0,950978.08
2027-01-03 12:00:00,-7.993,290.212,0.0,951230.44
2027-01-03 13:00:00,-15.453,147.75,0.0,950582.97
2027-01-03 14:00:00,-21.034,0.0,0.0,949500.15
2027-01-03 15:00:00,-29.231,0.0,0.0,949868.27
2027-01-03 16:00:00,-41.153,0.0,0.0,950498.84
2027-01-03 17:00:00,-52.954,0.65,0.1074,950579.0
2027-01-03 18:00:00,-61.444,0.0,0.3257,951701.97
2027-01-03 19:00:00,-68.209,2.65,0.5746,951268.65
2027-01-03 20:00:00,-79.323,0.0,0.8669,952546.21
2027-01-03 21:00:00,-81.529,0.0,0.9544,951958.51
2027-01-03 22:00:00,-90.905,1.851,1.1505,951240.64
2027-01-03 23:00:00,-90.767,0.0,1.1334,950669.8
2027-01-04 00:00:00,-91.104,3.645,1.2561,950604.33
2027-01-04 01:00:00,-90.188,0.0,1.1789,950588.12
2027-01-04 02:00:00,-80.354,0.0,0.8694,949541.95
2027-01-04 03:00:00,-75.856,95.626,0.7737,949514.37
2027-01-04 04:00:00,-61.063,224.189,0.4471,949012.24
2027-01-04 05:00:00,-47.169,358.579,0.0354,948949.68
2027-01-04 06:00:00,-32.146,453.421,0.0,949421.2
2027-01-04 07:00:00,-18.744,534.102,0.0,949951.68
2027-01-04 08:00:00,-12.41,566.489,0.0,949411.05
2027-01-04 09:00:00,-6.018,555.88,0.0,949148.04
2027-01-04 10:00:00,2.15,514.897,0.0,949367.37
2027-01-04 11:00:00,-1.138,451.15,0.0,949835.37
2027-01-04 12:00:00,3.898,349.382,0.0,950245.93
2027-01-04 13:00:00,-4.429,242.241,0.0,950060.14
2027-01-04 14:00:00,-15.3,95.65,0.0,950849.35
2027-01-04 15:00:00,-24.712,4.667,0.0,951103.18
2027-01-04 16:00:00,-29.457,0.0,0.0,950676.73
2027-01-04 17:00:00,-38.946,0.0,0.0,950299.36
2027-01-04 18:00:00,-52.957,0.0,0.0,950032.06
2027-01-04 19:00:00,-60.973,5.533,0.3466,949480.92
2027-01-04 20:00:00,-74.409,1.558,0.5777,949622.69
2027-01-04 21:00:00,-80.045,0.0,0.6789,949991.29
2027-01-04 22:00:00,-80.923,8.113,0.9555,949537.01
2027-01-04 23:00:00,-82.921,0.0,0.9499,948790.4
2027-01-05 00:00:00,-90.878,0.0,1.1011,949063.43
2027-01-05 01:00:00,-87.981,0.0,1.1098,949144.98
2027-01-05 02:00:00,-83.952,3.172,1.0145,949892.13
2027-01-05 03:00:00,-84.564,0.905,0.9662,949801.6
2027-01-05 04:00:00,-71.527,143.287,0.6609,949373.99
2027-01-05 05:00:00,-62.264,273.921,0.4654,949376.47
2027-01-05 06:00:00,-40.447,388.373,0.0,949791.9
2027-01-05 07:00:00,-22.439,479.438,0.0,950008.19
2027-01-05 08:00:00,-12.749,542.551,0.0,949824.95
2027-01-05 09:00:00,-6.423,567.491,0.0,950387.68
2027-01-05 10:00:00,-0.037,550.763,0.0,950772.4
2027-01-05 11:00:00,3.357,508.652,0.0,951148.44
2027-01-05 12:00:00,8.051,422.974,0.0,950798.21
2027-01-05 13:00:00,2.337,312.984,0.0,951307.14
2027-01-05 14:00:00,-4.262,188.278,0.0,950919.65
2027-01-05 15:00:00,-17.029,40.196,0.0,951516.59
2027-01-05 16:00:00,-20.618,1.164,0.0,951765.67
2027-01-05 17:00:00,-32.303,0.0,0.0,950881.52
2027-01-05 18:00:00,-41.018,0.0,0.0,951116.15
2027-01-05 19:00:00,-50.034,0.0,0.0,950926.87
2027-01-05 20:00:00,-68.689,0.0,0.5073,950810.06
2027-01-05 21:00:00,-73.528,8.048,0.6284,950211.61
2027-01-05 22:00:00,-81.752,0.0,0.8113,949810.37
2027-01-05 23:00:00,-86.955,3.218,1.1521,949418.08
2027-01-06 00:00:00,-91.6,11.762,0.9902,949461.17
2027-01-06 01:00:00,-91.378,2.02,1.2805,949748.78
2027-01-06 02:00:00,-90.61,0.0,1.252,949721.21
2027-01-06 03:00:00,-80.105,0.0,0.9501,949702.48
2027-01-06 04:00:00,-73.047,49.245,0.7695,950529.18
2027-01-06 05:00:00,-61.138,186.094,0.4864,951029.32
2027-01-06 06:00:00,-55.132,314.246,0.1984,950822.55
2027-01-06 07:00:00,-30.267,429.253,0.0,951052.05
2027-01-06 08:00:00,-24.801,509.335,0.0,952389.98
2027-01-06 09:00:00,-7.479,543.283,0.0,951942.52
2027-01-06 10:00:00,-2.243,559.123,0.0,952411.35
2027-01-06 11:00:00,0.745,536.225,0.0,951907.29
2027-01-06 12:00:00,10.345,482.103,0.0,953405.43
2027-01-06 13:00:00,4.998,394.46,0.0,953591.41
2027-01-06 14:00:00,-1.566,286.805,0.0,953729.22
2027-01-06 15:00:00,-9.941,137.887,0.0,954063.95
2027-01-06 16:00:00,-15.348,0.0,0.0,953704.67
2027-01-06 17:00:00,-27.836,2.943,0.0,954345.9
2027-01-06 18:00:00,-36.711,0.0,0.0,954116.75
2027-01-06 19:00:00,-48.271,0.0,0.0,953282.97
2027-01-06 20:00:00,-59.451,0.0,0.1831,954228.1
2027-01-06 21:00:00,-70.119,0.0,0.583,954107.46
2027-01-06 22:00:00,-71.531,0.616,0.6172,953859.52
2027-01-06 23:00:00,-80.721,0.0,0.7522,953511.57
2027-01-07 00:00:00,-87.184,6.356,0.9207,953159.24
2027-01-07 01:00:00,-92.628,0.027,1.0624,952581.08
2027-01-07 02:00:00,-92.623,0.0,1.2032,952995.15
2027-01-07 03:00:00,-88.94,0.0,1.1119,952297.74
2027-01-07 04:00:00,-77.483,0.0,0.8147,951652.9
2027-01-07 05:00:00,-71.946,91.49,0.5714,952124.65
2027-01-07 06:00:00,-57.403,237.326,0.2513,952308.88
2027-01-07 07:00:00,-46.238,354.379,0.0,952857.76
2027-01-07 08:00:00,-36.142,458.717,0.0,952152.91
2027-01-07 09:00:00,-21.868,513.426,0.0,951744.6
2027-01-07 10:00:00,-14.446,557.41,0.0,951311.38
2027-01-07 11:00:00,0.16,555.534,0.0,950939.54
2027-01-07 12:00:00,-0.97,525.958,0.0,950473.94
2027-01-07 13:00:00,0.535,454.164,0.0,950522.81
2027-01-07 14:00:00,2.875,354.536,0.0,950316.43
2027-01-07 15:00:00,-6.293,236.888,0.0,950591.95
2027-01-07 16:00:00,-13.523,90.415,0.0,950755.46
2027-01-07 17:00:00,-30.014,6.675,0.0,950472.18
2027-01-07 18:00:00,-32.286,0.0,0.0,950549.25
2027-01-07 19:00:00,-39.007,0.0,0.0,950720.26
2027-01-07 20:00:00,-53.853,3.764,0.1528,950950.54
2027-01-07 21:00:00,-60.437,0.0,0.2848,950436.36
2027-01-07 22:00:00,-71.947,2.864,0.7495,951561.82
2027-01-07 23:00:00,-77.029,0.507,0.8973,951387.31
2027-01-08 00:00:00,-88.857,5.359,1.0424,951604.7
2027-01-08 01:00:00,-91.425,0.0,1.2087,951175.89
2027-01-08 02:00:00,-96.736,0.28,1.4449,951377.99
2027-01-08 03:00:00,-90.839,2.546,1.1399,950538.97
2027-01-08 04:00:00,-87.548,0.0,1.2479,950706.92
2027-01-08 05:00:00,-77.421,0.0,0.6806,950213.75
2027-01-08 06:00:00,-69.963,147.32,0.6973,950773.81
2027-01-08 07:00:00,-56.52,276.979,0.3121,950970.09
2027-01-08 08:00:00,-43.917,389.356,0.0958,950565.44
2027-01-08 09:00:00,-28.356,479.959,0.0,950637.6
2027-01-08 10:00:00,-10.964,546.298,0.0,951334.43
2027-01-08 11:00:00,-17.896,559.297,0.0,951779.59
2027-01-08 12:00:00,-0.629,546.081,0.0,951531.54
2027-01-08 13:00:00,6.448,491.425,0.0,951691.2
2027-01-08 14:00:00,1.99,418.997,0.0,952133.78
2027-01-08 15:00:00,2.181,314.684,0.0,952388.31
2027-01-08 16:00:00,-2.536,187.681,0.0,952795.26
2027-01-08 17:00:00,-16.25,44.312,0.0,952180.28
2027-01-08 18:00:00,-26.403,4.779,0.0,951989.82
2027-01-08 19:00:00,-31.048,3.656,0.0,952228.66
2027-01-08 20:00:00,-42.151,5.565,0.0,951448.57
2027-01-08 21:00:00,-54.299,4.922,0.1131,951276.86
2027-01-08 22:00:00,-63.035,7.85,0.2334,951017.82
2027-01-08 23:00:00,-71.597,0.0,0.5125,951353.03
2027-01-09 00:00:00,-82.265,0.0,0.8331,950873.51
2027-01-09 01:00:00,-86.453,3.319,1.1012,950974.11
2027-01-09 02:00:00,-89.157,3.903,1.0507,950560.16
2027-01-09 03:00:00,-92.912,7.85,1.2121,950174.75
2027-01-09 04:00:00,-85.776,6.406,1.0921,950211.04
2027-01-09 05:00:00,-87.35,9.727,1.0422,949863.06
2027-01-09 06:00:00,-76.387,55.064,0.9308,949322.65
2027-01-09 07:00:00,-61.727,192.243,0.3733,949590.35
2027-01-09 08:00:00,-53.543,310.95,0.1996,949468.5
2027-01-09 09:00:00,-34.285,425.65,0.0,950238.19
2027-01-09 10:00:00,-23.864,500.184,0.0,950623.06
2027-01-09 11:00:00,-9.694,550.357,0.0,950803.18
2027-01-09 12:00:00,-2.862,560.452,0.0,950580.34
2027-01-09 13:00:00,0.8,537.249,0.0,950423.09
2027-01-09 14:00:00,4.527,474.582,0.0,951043.67
2027-01-09 15:00:00,3.474,389.257,0.0,951338.02
2027-01-09 16:00:00,4.454,255.661,0.0,951180.45
2027-01-09 17:00:00,-8.012,137.552,0.0,952107.3
2027-01-09 18:00:00,-17.948,6.012,0.0,952009.07
2027-01-09 19:00:00,-26.326,9.35,0.0,952511.04
2027-01-09 20:00:00,-35.068,3.66,0.0,952661.57
2027-01-09 21:00:00,-49.506,8.424,0.0018,952548.64
2027-01-09 22:00:00,-57.285,0.845,0.2159,952943.23
2027-01-09 23:00:00,-69.469,0.014,0.4491,953331.63
2027-01-10 00:00:00,-78.29,2.647,0.7982,953873.55
2027-01-10 01:00:00,-80.498,0.0,0.8606,954403.23
2027-01-10 02:00:00,-87.839,0.0,1.0817,954177.96
2027-01-10 03:00:00,-91.964,0.0,1.1932,953450.29
2027-01-10 04:00:00,-90.23,0.0,1.1169,953550.34
2027-01-10 05:00:00,-87.533,2.642,1.0157,953042.21
2027-01-10 06:00:00,-81.045,0.057,0.8913,953074.26
2027-01-10 07:00:00,-75.128,98.179,0.7903,951538.85
2027-01-10 08:00:00,-60.958,232.823,0.3124,952259.87
2027-01-10 09:00:00,-47.982,358.624,0.0,952993.26
2027-01-10 10:00:00,-33.112,457.434,0.0,952681.35
2027-01-10 11:00:00,-20.881,516.016,0.0,952839.52
2027-01-10 12:00:00,-11.377,549.676,0.0,952477.8
2027-01-10 13:00:00,1.468,559.422,0.0,951383.72
2027-01-10 14:00:00,8.452,510.497,0.0,951281.61
2027-01-10 15:00:00,7.342,449.435,0.0,951483.33
2027-01-10 16:00:00,1.329,355.274,0.0,951825.75
2027-01-10 17:00:00,-1.318,233.376,0.0,951891.59
2027-01-10 18:00:00,-10.792,92.53,0.0,952212.21
2027-01-10 19:00:00,-21.261,3.544,0.0,951712.54
2027-01-10 20:00:00,-23.897,11.26,0.0,951855.58
2027-01-10 21:00:00,-32.23,0.0,0.0,951457.13
2027-01-10 22:00:00,-53.246,0.0,0.052,951452.41
2027-01-10 23:00:00,-54.83,4.242,0.2809,951354.09
2027-01-11 00:00:00,-71.077,0.0,0.5635,951661.46
2027-01-11 01:00:00,-78.39,6.199,0.7884,950989.33
2027-01-11 02:00:00,-83.152,0.0,1.1311,950509.87
2027-01-11 03:00:00,-83.48,0.659,0.9895,950171.96
2027-01-11 04:00:00,-89.173,0.0,0.9996,950324.32
2027-01-11 05:00:00,-87.319,0.0,1.0022,950273.42
2027-01-11 06:00:00,-81.724,0.0,0.8576,950020.71
2027-01-11 07:00:00,-74.343,7.707,0.6403,950593.91
2027-01-11 08:00:00,-63.978,143.207,0.4579,950978.19
2027-01-11 09:00:00,-48.968,283.058,0.0,951263.44
2027-01-11 10:00:00,-40.181,394.784,0.0,951011.68
2027-01-11 11:00:00,-30.707,484.947,0.0,950599.93
2027-01-11 12:00:00,-9.599,530.768,0.0,950030.21
2027-01-11 13:00:00,-8.481,550.237,0.0,949867.48
2027-01-11 14:00:00,-0.402,544.957,0.0,949305.92
2027-01-11 15:00:00,3.716,510.53,0.0,949746.75
2027-01-11 16:00:00,2.8,421.405,0.0,949517.76
2027-01-11 17:00:00,-0.399,304.551,0.0,949864.53
2027-01-11 18:00:00,-2.909,181.868,0.0,950053.23
2027-01-11 19:00:00,-12.32,44.217,0.0,950627.28
2027-01-11 20:00:00,-20.966,0.0,0.0,950160.81
2027-01-11 21:00:00,-30.325,6.848,0.0,950072.65
2027-01-11 22:00:00,-43.576,0.0,0.0,949560.21
2027-01-11 23:00:00,-54.172,0.0,0.1709,949336.57
2027-01-12 00:00:00,-60.22,0.119,0.2897,949294.08
2027-01-12 01:00:00,-74.208,5.723,0.8537,949008.32
2027-01-12 02:00:00,-82.325,0.0,1.0266,948767.15
2027-01-12 03:00:00,-83.129,0.0,1.2797,949993.27
2027-01-12 04:00:00,-89.028,1.615,1.2114,949787.83
2027-01-12 05:00:00,-91.233,0.0,1.3316,949401.27
2027-01-12 06:00:00,-88.698,0.0,1.3377,949272.57
2027-01-12 07:00:00,-78.74,5.934,1.1479,950119.35
2027-01-12 08:00:00,-72.172,57.553,0.972,949706.79
2027-01-12 09:00:00,-60.605,198.124,0.4753,949591.24
2027-01-12 10:00:00,-51.446,321.794,0.4663,949431.76
2027-01-12 11:00:00,-33.334,435.93,0.0,949072.18
2027-01-12 12:00:00,-22.39,498.74,0.0,949315.26
2027-01-12 13:00:00,-13.626,549.073,0.0,950653.14
2027-01-12 14:00:00,-4.885,554.963,0.0,950407.05
2027-01-12 15:00:00,4.897,536.035,0.0,950665.52
2027-01-12 16:00:00,8.948,470.743,0.0,950516.71
2027-01-12 17:00:00,1.319,389.04,0.0,951458.87
2027-01-12 18:00:00,-3.932,262.635,0.0,950996.89
2027-01-12 19:00:00,-5.905,140.055,0.0,951126.25
2027-01-12 20:00:00,-19.349,2.966,0.0,951505.58
2027-01-12 21:00:00,-24.631,0.0,0.0,951607.0
2027-01-12 22:00:00,-36.644,2.712,0.0,952487.88
2027-01-12 23:00:00,-44.312,1.306,0.0,952328.94
2027-01-13 00:00:00,-60.644,1.78,0.4885,951960.22
2027-01-13 01:00:00,-64.973,0.0,0.5604,951525.89
2027-01-13 02:00:00,-81.569,0.0,0.9483,951590.74
2027-01-13 03:00:00,-79.495,0.0,1.1343,951062.48
2027-01-13 04:00:00,-87.337,0.0,1.0237,950613.35
2027-01-13 05:00:00,-88.342,4.21,1.2226,950386.3
2027-01-13 06:00:00,-88.014,0.0,1.235,950490.13
2027-01-13 07:00:00,-90.537,0.0,1.4181,950732.0
2027-01-13 08:00:00,-75.332,3.24,0.8977,950702.87
2027-01-13 09:00:00,-67.992,106.585,0.6846,950103.78
2027-01-13 10:00:00,-54.029,228.267,0.4343,950486.85
2027-01-13 11:00:00,-45.504,356.104,0.2056,950955.38
2027-01-13 12:00:00,-29.232,455.246,0.0,950414.84
2027-01-13 13:00:00,-21.793,520.333,0.0,950770.69
2027-01-13 14:00:00,-6.702,560.331,0.0,950876.54
2027-01-13 15:00:00,-1.729,547.291,0.0,950374.87
2027-01-13 16:00:00,20.654,503.342,0.0,951001.7
2027-01-13 17:00:00,8.819,446.671,0.0,951488.01
2027-01-13 18:00:00,8.27,340.398,0.0,951776.73
2027-01-13 19:00:00,-2.328,212.617,0.0,951986.44
2027-01-13 20:00:00,-8.744,84.665,0.0,952622.31
2027-01-13 21:00:00,-17.329,6.153,0.0,952922.95
2027-01-13 22:00:00,-32.544,0.0,0.0,952558.19
2027-01-13 23:00:00,-40.894,11.68,0.0,951749.98
2027-01-14 00:00:00,-46.878,0.0,0.0,951158.93
2027-01-14 01:00:00,-61.052,0.435,0.3587,951463.53
2027-01-14 02:00:00,-72.931,0.0,0.6698,951428.22
2027-01-14 03:00:00,-80.476,0.208,1.0393,949952.97
2027-01-14 04:00:00,-88.38,0.0,1.1599,949670.67
2027-01-14 05:00:00,-94.526,0.0,1.3448,951312.23
2027-01-14 06:00:00,-95.455,14.129,1.4932,951178.89
2027-01-14 07:00:00,-89.333,0.0,1.2621,951347.28
2027-01-14 08:00:00,-83.259,0.0,1.1554,950067.01
2027-01-14 09:00:00,-70.972,14.127,0.7605,950271.56
2027-01-14 10:00:00,-66.636,158.256,0.4419,950153.82
2027-01-14 11:00:00,-57.188,285.068,0.5832,950039.96
2027-01-14 12:00:00,-40.34,385.622,0.0339,949854.0
2027-01-14 13:00:00,-24.947,479.588,0.0,949056.9
2027-01-14 14:00:00,-13.093,525.093,0.0,948441.44
2027-01-14 15:00:00,-4.131,560.473,0.0,948424.25
2027-01-14 16:00:00,1.274,533.353,0.0,948056.46
2027-01-14 17:00:00,3.687,488.116,0.0,948706.82
2027-01-14 18:00:00,6.034,410.95,0.0,948196.11
2027-01-14 19:00:00,-2.857,305.502,0.0,948667.64
2027-01-14 20:00:00,-11.917,174.717,0.0,949562.63
2027-01-14 21:00:00,-8.449,45.014,0.0,949377.93
2027-01-14 22:00:00,-23.538,3.616,0.0,949454.3
2027-01-14 23:00:00,-31.015,3.224,0.0,949150.07
2027-01-15 00:00:00,-50.549,0.0,0.1856,949322.72
2027-01-15 01:00:00,-48.316,8.497,0.05,948463.1
2027-01-15 02:00:00,-58.892,0.0,0.3322,949084.13
2027-01-15 03:00:00,-76.592,8.688,0.92,948753.54
2027-01-15 04:00:00,-80.352,10.111,1.1168,948264.98
2027-01-15 05:00:00,-84.762,2.563,1.2437,948324.94
2027-01-15 06:00:00,-92.248,5.16,1.3753,948400.2
2027-01-15 07:00:00,-87.167,0.0,1.2288,948385.88
2027-01-15 08:00:00,-83.182,0.0,1.202,948137.13
2027-01-15 09:00:00,-80.015,5.511,1.1463,948383.89
2027-01-15 10:00:00,-77.341,61.944,0.8684,947191.73
2027-01-15 11:00:00,-64.443,188.603,0.6871,947759.54
2027-01-15 12:00:00,-48.177,318.022,0.3735,946905.34
2027-01-15 13:00:00,-35.602,410.953,0.0,947200.62
2027-01-15 14:00:00,-22.941,502.476,0.0,947531.54
2027-01-15 15:00:00,-12.7,535.452,0.0,946872.78
2027-01-15 16:00:00,-8.34,559.792,0.0,947138.48
2027-01-15 17:00:00,4.799,533.544,0.0,946990.19
2027-01-15 18:00:00,6.55,464.687,0.0,947702.14
2027-01-15 19:00:00,5.752,378.945,0.0,947680.41
2027-01-15 20:00:00,1.754,260.247,0.0,947732.62
2027-01-15 21:00:00,-7.237,130.679,0.0,947838.01
2027-01-15 22:00:00,-17.881,0.0,0.0,947698.06
2027-01-15 23:00:00,-27.35,3.112,0.0,946974.48
2027-01-16 00:00:00,-29.693,0.0,0.0,947321.45
2027-01-16 01:00:00,-45.12,0.0,0.0,947829.62
2027-01-16 02:00:00,-60.396,0.0,0.499,948434.78
2027-01-16 03:00:00,-65.678,0.0,0.5224,948844.12
2027-01-16 04:00:00,-80.503,1.362,0.8299,948982.37
2027-01-16 05:00:00,-80.89,0.0,0.762,948956.82
2027-01-16 06:00:00,-85.235,9.428,0.9693,948430.01
2027-01-16 07:00:00,-89.805,0.803,1.1253,948452.81
2027-01-16 08:00:00,-90.088,1.164,1.1202,948837.57
2027-01-16 09:00:00,-82.65,0.986,1.0849,949462.36
2027-01-16 10:00:00,-79.103,5.015,0.9057,949077.74
2027-01-16 11:00:00,-73.903,107.647,0.7192,948347.68
2027-01-16 12:00:00,-52.028,240.811,0.1221,948607.95
2027-01-16 13:00:00,-45.693,360.69,0.0,948022.78
2027-01-16 14:00:00,-34.484,443.23,0.0,948758.36
2027-01-16 15:00:00,-14.218,509.542,0.0,949862.15
2027-01-16 16:00:00,-4.583,550.734,0.0,950350.0
2027-01-16 17:00:00,-1.782,547.176,0.0,950204.66
2027-01-16 18:00:00,0.113,512.722,0.0,950499.34
2027-01-16 19:00:00,2.52,438.669,0.0,950259.54
2027-01-16 20:00:00,2.292,341.917,0.0,950381.51
2027-01-16 21:00:00,1.573,211.345,0.0,950432.28
2027-01-16 22:00:00,-6.168,82.052,0.0,950778.76
2027-01-16 23:00:00,-18.472,0.0,0.0,949919.35
2027-01-17 00:00:00,-25.163,1.934,0.0,949311.61
2027-01-17 01:00:00,-38.344,0.0,0.0,949141.29
2027-01-17 02:00:00,-51.21,1.742,0.0155,949447.42
2027-01-17 03:00:00,-63.849,0.0,0.549,948922.13
2027-01-17 04:00:00,-67.798,0.0,0.677,948430.36
2027-01-17 05:00:00,-74.307,4.475,0.8338,947976.85
2027-01-17 06:00:00,-84.798,1.137,0.9223,948519.22
2027-01-17 07:00:00,-83.592,0.0,1.1013,947933.97
2027-01-17 08:00:00,-89.579,0.0,1.3051,947345.67
2027-01-17 09:00:00,-86.694,0.0,1.1305,947951.99
2027-01-17 10:00:00,-83.19,0.0,1.0236,948209.79
2027-01-17 11:00:00,-72.433,12.77,0.7028,949276.56
2027-01-17 12:00:00,-62.837,154.065,0.3673,949699.67
2027-01-17 13:00:00,-51.956,282.763,0.0937,950012.09
2027-01-17 14:00:00,-38.161,394.737,0.0,950019.07
2027-01-17 15:00:00,-29.363,477.521,0.0,950429.94
2027-01-17 16:00:00,-20.788,531.223,0.0,951563.16
2027-01-17 17:00:00,-6.532,547.839,0.0,952213.13
2027-01-17 18:00:00,0.946,535.898,0.0,951904.48
2027-01-17 19:00:00,6.337,481.645,0.0,951441.06
2027-01-17 20:00:00,4.973,402.661,0.0,952369.06
2027-01-17 21:00:00,0.309,299.707,0.0,951738.64
2027-01-17 22:00:00,-13.825,171.742,0.0,951614.31
2027-01-17 23:00:00,-12.176,49.613,0.0,951236.02
2027-01-18 00:00:00,-22.409,0.0,0.0,950832.63
2027-01-18 01:00:00,-29.832,0.0,0.0,950628.18
2027-01-18 02:00:00,-42.596,0.0,0.0,950958.31
2027-01-18 03:00:00,-49.841,0.0,0.0,950426.11
2027-01-18 04:00:00,-65.207,0.0,0.4177,949850.79
2027-01-18 05:00:00,-72.879,4.224,0.5785,949798.1
2027-01-18 06:00:00,-80.222,0.0,0.7802,949143.31
2027-01-18 07:00:00,-84.393,0.0,0.9076,948968.89
2027-01-18 08:00:00,-88.745,0.0,1.1984,949248.03
2027-01-18 09:00:00,-89.114,0.0,1.1592,948725.47
2027-01-18 10:00:00,-87.183,0.0,1.1579,949268.91
2027-01-18 11:00:00,-83.224,0.0,0.9468,949128.36
2027-01-18 12:00:00,-70.464,60.326,0.5609,949178.02
2027-01-18 13:00:00,-65.968,199.26,0.6041,949870.06
2027-01-18 14:00:00,-50.049,319.098,0.1328,949103.45
2027-01-18 15:00:00,-29.999,422.119,0.0,949285.14
2027-01-18 16:00:00,-23.953,490.535,0.0,949724.46
2027-01-18 17:00:00,-10.628,545.36,0.0,949953.7
2027-01-18 18:00:00,1.637,547.659,0.0,950197.7
2027-01-18 19:00:00,2.744,527.767,0.0,951433.2
2027-01-18 20:00:00,3.275,469.675,0.0,951683.09
2027-01-18 21:00:00,8.407,371.323,0.0,951888.73
2027-01-18 22:00:00,-0.369,252.292,0.0,950997.7
2027-01-18 23:00:00,-7.643,125.868,0.0,951393.48
2027-01-19 00:00:00,-22.326,1.744,0.0,951409.52
2027-01-19 01:00:00,-24.925,0.0,0.0,951381.24
2027-01-19 02:00:00,-32.653,0.0,0.0,951259.4
2027-01-19 03:00:00,-46.041,2.818,0.1511,950401.37
2027-01-19 04:00:00,-58.918,2.488,0.0941,951076.09
2027-01-19 05:00:00,-66.895,0.0,0.4391,950726.79
2027-01-19 06:00:00,-75.773,0.0,0.5902,950701.45
2027-01-19 07:00:00,-81.326,2.282,0.9379,951150.45
2027-01-19 08:00:00,-86.591,0.0,0.9698,950832.58
2027-01-19 09:00:00,-81.613,1.072,0.9883,950959.03
2027-01-19 10:00:00,-85.16,0.756,1.0152,951491.56
2027-01-19 11:00:00,-87.974,0.0,1.2309,950614.59
2027-01-19 12:00:00,-77.781,0.405,0.7657,950379.91
2027-01-19 13:00:00,-67.224,109.692,0.5397,951051.51
2027-01-19 14:00:00,-50.483,243.225,0.0962,951267.51
2027-01-19 15:00:00,-40.88,358.03,0.0,951083.78
2027-01-19 16:00:00,-28.591,441.866,0.0,951116.94
2027-01-19 17:00:00,-9.851,523.266,0.0,951121.33
2027-01-19 18:00:00,-8.433,550.682,0.0,951151.3
2027-01-19 19:00:00,4.165,538.93,0.0,951258.72
2027-01-19 20:00:00,6.801,502.143,0.0,951688.3
2027-01-19 21:00:00,6.501,435.702,0.0,951531.23
2027-01-19 22:00:00,3.245,338.363,0.0,950669.09
2027-01-19 23:00:00,3.817,211.328,0.0,950759.91
2027-01-20 00:00:00,-7.361,82.914,0.0,950182.72
2027-01-20 01:00:00,-16.849,0.0,0.0,950005.53
2027-01-20 02:00:00,-24.841,0.0,0.0,949725.76
2027-01-20 03:00:00,-36.675,0.0,0.0,949900.66
2027-01-20 04:00:00,-51.087,0.0,0.0226,949400.46
2027-01-20 05:00:00,-62.909,7.54,0.509,949359.14
2027-01-20 06:00:00,-62.939,10.289,0.4732,950021.89
2027-01-20 07:00:00,-75.231,1.173,0.7904,949859.92
2027-01-20 08:00:00,-81.55,0.0,0.9063,949813.73
2027-01-20 09:00:00,-80.561,0.0,0.9911,949763.94
2027-01-20 10:00:00,-90.274,2.367,1.2174,949004.43
2027-01-20 11:00:00,-93.283,0.0,1.3907,949702.82
2027-01-20 12:00:00,-86.827,0.0,1.0415,949299.56
2027-01-20 13:00:00,-75.908,22.226,0.8383,949059.96
2027-01-20 14:00:00,-62.674,148.088,0.4839,949286.69
2027-01-20 15:00:00,-45.979,277.919,0.0344,949398.42
2027-01-20 16:00:00,-33.703,391.874,0.0,950103.28
2027-01-20 17:00:00,-31.801,478.055,0.0,949532.13
2027-01-20 18:00:00,-4.28,527.56,0.0,949056.32
2027-01-20 19:00:00,-4.215,550.843,0.0,949637.47
2027-01-20 20:00:00,7.423,537.728,0.0,949563.08
2027-01-20 21:00:00,9.553,494.205,0.0,949741.38
2027-01-20 22:00:00,7.951,402.207,0.0,949693.35
2027-01-20 23:00:00,3.961,295.074,0.0,950120.25
2027-01-21 00:00:00,-5.181,176.31,0.0,950438.47
2027-01-21 01:00:00,-15.094,28.445,0.0,950068.31
2027-01-21 02:00:00,-20.113,0.0,0.0,950372.92
2027-01-21 03:00:00,-33.233,1.251,0.0,951110.39
2027-01-21 04:00:00,-34.732,5.381,0.0,950876.46
2027-01-21 05:00:00,-50.637,1.805,0.0,950718.6
2027-01-21 06:00:00,-54.97,0.0,0.1459,950544.28
2027-01-21 07:00:00,-72.356,0.0,0.6989,950880.63
2027-01-21 08:00:00,-80.607,0.0,0.7708,951142.35
2027-01-21 09:00:00,-83.237,6.166,0.9332,950244.25
2027-01-21 10:00:00,-88.622,0.0,1.0407,950874.06
2027-01-21 11:00:00,-84.816,0.0,1.132,952092.29
2027-01-21 12:00:00,-80.997,0.0,0.9436,952519.7
2027-01-21 13:00:00,-76.436,0.0,0.9113,951976.67
2027-01-21 14:00:00,-66.428,63.804,0.6204,951915.2
2027-01-21 15:00:00,-55.593,200.424,0.4581,952467.9
2027-01-21 16:00:00,-46.598,323.199,0.3073,952046.83
2027-01-21 17:00:00,-28.69,418.233,0.0,951940.0
2027-01-21 18:00:00,-17.612,489.637,0.0,952506.5
2027-01-21 19:00:00,-10.726,541.773,0.0,953243.22
2027-01-21 20:00:00,-1.945,545.625,0.0,953334.0
2027-01-21 21:00:00,5.187,529.646,0.0,952935.3
2027-01-21 22:00:00,10.912,468.577,0.0,952220.8
2027-01-21 23:00:00,7.138,378.171,0.0,952835.02
2027-01-22 00:00:00,1.826,248.817,0.0,952256.21
2027-01-22 01:00:00,-5.953,125.313,0.0,951895.01
2027-01-22 02:00:00,-16.48,4.355,0.0,952050.32
2027-01-22 03:00:00,-27.513,3.792,0.0,951811.86
2027-01-22 04:00:00,-30.841,0.0,0.0,951971.28
2027-01-22 05:00:00,-47.053,6.396,0.0,951979.51
2027-01-22 06:00:00,-54.479,0.002,0.1837,951991.2
2027-01-22 07:00:00,-66.103,0.641,0.4957,950957.76
2027-01-22 08:00:00,-72.146,0.0,0.6286,951896.12
2027-01-22 09:00:00,-82.128,3.224,0.8778,951746.73
2027-01-22 10:00:00,-89.054,0.0,1.0641,951691.98
2027-01-22 11:00:00,-84.978,2.324,1.2172,951531.92
2027-01-22 12:00:00,-89.48,1.176,1.2285,951166.75
2027-01-22 13:00:00,-83.179,0.905,1.1387,951628.14
2027-01-22 14:00:00,-73.998,0.0,0.7496,952163.59
2027-01-22 15:00:00,-69.675,113.378,0.6942,951537.86
2027-01-22 16:00:00,-54.994,240.464,0.2279,951087.82
2027-01-22 17:00:00,-42.957,350.587,0.0,950738.56
2027-01-22 18:00:00,-28.762,453.991,0.0,950523.54
2027-01-22 19:00:00,-17.408,511.244,0.0,950402.55
2027-01-22 20:00:00,-4.172,539.531,0.0,950785.57
2027-01-22 21:00:00,-0.848,536.637,0.0,950790.99
2027-01-22 22:00:00,10.123,503.783,0.0,950303.17
2027-01-22 23:00:00,12.387,430.071,0.0,950709.09
2027-01-23 00:00:00,5.936,320.289,0.0,950076.32
2027-01-23 01:00:00,-2.167,208.078,0.0,949868.05
2027-01-23 02:00:00,-8.481,81.344,0.0,949293.21
2027-01-23 03:00:00,-18.641,0.0,0.0,949404.48
2027-01-23 04:00:00,-22.143,0.0,0.0,949325.24
2027-01-23 05:00:00,-37.384,5.215,0.0,949354.0
2027-01-23 06:00:00,-43.9,3.977,0.0,948626.02
2027-01-23 07:00:00,-58.056,5.109,0.2485,948418.48
2027-01-23 08:00:00,-67.864,0.0,0.587,948090.95
2027-01-23 09:00:00,-76.977,8.668,1.0035,948576.13
2027-01-23 10:00:00,-83.496,3.182,1.0718,948596.55
2027-01-23 11:00:00,-83.508,12.307,0.8968,948316.49
2027-01-23 12:00:00,-89.998,0.0,1.2961,948687.17
2027-01-23 13:00:00,-82.79,0.0,1.2139,949090.96
2027-01-23 14:00:00,-76.807,0.036,1.0302,949572.37
2027-01-23 15:00:00,-76.155,16.516,0.9116,949917.08
2027-01-23 16:00:00,-58.194,158.615,0.5348,950494.35
2027-01-23 17:00:00,-45.563,288.126,0.3089,950442.53
2027-01-23 18:00:00,-33.615,391.447,0.0,950778.15
2027-01-23 19:00:00,-25.532,474.494,0.0,950979.49
2027-01-23 20:00:00,-12.067,531.4,0.0,950920.76
2027-01-23 21:00:00,-3.345,546.445,0.0,950329.25
2027-01-23 22:00:00,9.648,529.6,0.0,950010.09
2027-01-23 23:00:00,6.297,485.757,0.0,950326.95
2027-01-24 00:00:00,5.296,405.12,0.0,950568.05
2027-01-24 01:00:00,-1.344,296.752,0.0,951283.2
2027-01-24 02:00:00,-7.961,164.206,0.0,951413.41
2027-01-24 03:00:00,-16.823,17.424,0.0,950900.46
2027-01-24 04:00:00,-21.419,0.0,0.0,951707.51
2027-01-24 05:00:00,-36.262,0.0,0.0,951530.83
2027-01-24 06:00:00,-44.139,0.0,0.0,951507.98
2027-01-24 07:00:00,-58.053,0.0,0.2823,951077.05
2027-01-24 08:00:00,-58.96,0.0,0.3299,951108.74
2027-01-24 09:00:00,-72.369,0.0,0.6167,951670.48
2027-01-24 10:00:00,-79.051,0.0,0.9686,951871.22
2027-01-24 11:00:00,-88.736,6.113,1.182,951553.23
2027-01-24 12:00:00,-84.805,0.0,1.1563,950760.21
2027-01-24 13:00:00,-83.427,0.002,1.112,950735.16
2027-01-24 14:00:00,-85.673,4.773,1.2341,951055.02
2027-01-24 15:00:00,-82.445,4.572,1.1249,951440.12
2027-01-24 16:00:00,-70.599,69.118,0.8406,951052.15
2027-01-24 17:00:00,-57.976,201.442,0.3025,951262.08
2027-01-24 18:00:00,-44.567,325.404,0.0326,950666.65
2027-01-24 19:00:00,-32.125,429.714,0.0,950466.83
2027-01-24 20:00:00,-19.057,498.723,0.0,951703.84
2027-01-24 21:00:00,-13.62,529.087,0.0,952706.62
2027-01-24 22:00:00,-0.024,542.546,0.0,952500.05
2027-01-24 23:00:00,1.419,520.385,0.0,952553.88
2027-01-25 00:00:00,-2.361,452.111,0.0,952631.98
2027-01-25 01:00:00,2.636,372.306,0.0,953229.48
2027-01-25 02:00:00,-2.781,249.345,0.0,953881.4
2027-01-25 03:00:00,-8.0,119.439,0.0,953396.4
2027-01-25 04:00:00,-15.473,5.624,0.0,952880.33
2027-01-25 05:00:00,-25.742,0.0,0.0,953211.69
2027-01-25 06:00:00,-29.622,0.881,0.0,952533.78
2027-01-25 07:00:00,-47.627,4.496,0.0594,951939.35
2027-01-25 08:00:00,-62.508,0.0,0.6827,951907.75
2027-01-25 09:00:00,-65.241,0.0,0.6091,950923.06
2027-01-25 10:00:00,-76.611,4.146,0.8603,950939.97
2027-01-25 11:00:00,-85.288,0.328,1.149,950982.74
2027-01-25 12:00:00,-86.377,7.337,1.235,951594.21
2027-01-25 13:00:00,-89.751,0.0,1.3708,951193.08
2027-01-25 14:00:00,-88.606,0.0,1.277,951096.23
2027-01-25 15:00:00,-78.246,3.848,1.2101,950334.18
2027-01-25 16:00:00,-77.13,4.329,1.0434,949643.23
2027-01-25 17:00:00,-68.025,110.78,0.961,949375.7
2027-01-25 18:00:00,-50.039,244.86,0.3593,948738.34
2027-01-25 19:00:00,-42.294,361.998,0.1156,948950.51
2027-01-25 20:00:00,-32.493,446.469,0.0,948889.82
2027-01-25 21:00:00,-20.946,510.169,0.0,948879.48
2027-01-25 22:00:00,-7.321,544.64,0.0,949990.89
2027-01-25 23:00:00,-5.15,543.092,0.0,949512.34
2027-01-26 00:00:00,0.633,492.849,0.0,949496.66
2027-01-26 01:00:00,3.524,425.604,0.0,949933.93
2027-01-26 02:00:00,5.454,325.754,0.0,949671.02
2027-01-26 03:00:00,-0.011,208.348,0.0,950471.8
2027-01-26 04:00:00,-10.693,72.197,0.0,950616.57
2027-01-26 05:00:00,-21.693,0.0,0.0,950643.79
2027-01-26 06:00:00,-31.816,6.243,0.0,949856.83
2027-01-26 07:00:00,-39.815,0.0,0.0,949875.11
2027-01-26 08:00:00,-46.494,0.0,0.0626,949549.26
2027-01-26 09:00:00,-62.5,0.0,0.5079,948805.92
2027-01-26 10:00:00,-74.121,0.0,0.8309,949137.87
2027-01-26 11:00:00,-81.23,2.58,1.1689,949528.05
2027-01-26 12:00:00,-87.417,1.603,1.2892,949328.09
2027-01-26 13:00:00,-89.381,2.998,1.2488,949398.81
2027-01-26 14:00:00,-94.183,2.755,1.4413,949329.74
2027-01-26 15:00:00,-89.166,10.439,1.2993,948410.49
2027-01-26 16:00:00,-85.1,0.0,1.1996,947716.3
2027-01-26 17:00:00,-78.832,12.608,1.0273,947876.81
2027-01-26 18:00:00,-70.909,152.1,0.7402,948294.13
2027-01-26 19:00:00,-55.069,280.305,0.2885,949680.76
2027-01-26 20:00:00,-43.333,387.079,0.0067,949521.29
2027-01-26 21:00:00,-29.18,475.225,0.0,949176.84
2027-01-26 22:00:00,-19.783,533.162,0.0,948947.2
2027-01-26 23:00:00,-4.657,552.712,0.0,949824.38
2027-01-27 00:00:00,-1.163,530.458,0.0,949957.74
2027-01-27 01:00:00,-2.75,487.482,0.0,949942.03
2027-01-27 02:00:00,-2.291,393.056,0.0,950107.95
2027-01-27 03:00:00,2.114,279.256,0.0,949286.47
2027-01-27 04:00:00,-8.623,166.721,0.0,949243.42
2027-01-27 05:00:00,-18.243,15.892,0.0,948799.36
2027-01-27 06:00:00,-22.359,0.0,0.0,949082.13
2027-01-27 07:00:00,-36.302,2.601,0.0,948546.82
2027-01-27 08:00:00,-49.406,0.0,0.1006,949196.45
2027-01-27 09:00:00,-60.112,0.0,0.3233,949502.57
2027-01-27 10:00:00,-65.04,0.0,0.4808,949985.16
2027-01-27 11:00:00,-70.346,0.0,0.6505,950329.48
2027-01-27 12:00:00,-80.434,5.018,0.8775,950079.53
2027-01-27 13:00:00,-88.908,0.1,1.4186,950349.23
2027-01-27 14:00:00,-90.735,0.0,1.2809,950896.43
2027-01-27 15:00:00,-90.033,0.0,1.218,950942.22
2027-01-27 16:00:00,-93.356,0.0,1.4033,950672.49
2027-01-27 17:00:00,-82.131,1.962,1.1531,950567.65
2027-01-27 18:00:00,-71.104,69.414,0.7182,950557.27
2027-01-27 19:00:00,-55.485,197.624,0.192,949217.42
2027-01-27 20:00:00,-43.989,311.468,0.0,948558.94
2027-01-27 21:00:00,-28.177,424.676,0.0,948537.84
2027-01-27 22:00:00,-16.959,490.844,0.0,948388.0
2027-01-27 23:00:00,-7.199,539.544,0.0,947534.37
2027-01-28 00:00:00,-3.187,538.464,0.0,947597.1
2027-01-28 01:00:00,2.944,508.44,0.0,947407.09
2027-01-28 02:00:00,-0.679,452.137,0.0,948035.81
2027-01-28 03:00:00,3.563,372.017,0.0,947611.2
2027-01-28 04:00:00,0.391,249.584,0.0,947578.16
2027-01-28 05:00:00,-9.261,116.273,0.0,947528.68
2027-01-28 06:00:00,-22.507,1.794,0.0,947683.7
2027-01-28 07:00:00,-20.938,0.0,0.0,948189.7
2027-01-28 08:00:00,-33.971,0.0,0.0,948132.24
2027-01-28 09:00:00,-39.897,0.0,0.0,947743.71
2027-01-28 10:00:00,-53.297,8.649,0.0,947286.9
2027-01-28 11:00:00,-62.032,7.637,0.2173,947625.3
2027-01-28 12:00:00,-71.739,1.964,0.7673,947550.47
2027-01-28 13:00:00,-84.353,0.676,0.9332,947377.38
2027-01-28 14:00:00,-88.74,0.0,1.2114,947253.73
2027-01-28 15:00:00,-91.224,0.0,1.1797,947623.97
2027-01-28 16:00:00,-91.493,8.962,1.4233,948201.56
2027-01-28 17:00:00,-80.742,0.657,1.1777,948929.52
2027-01-28 18:00:00,-79.742,0.0,0.9994,949201.6
2027-01-28 19:00:00,-67.184,105.231,0.7152,948985.12
2027-01-28 20:00:00,-59.737,251.142,0.4204,948429.08
2027-01-28 21:00:00,-40.094,358.321,0.0584,948581.5
2027-01-28 22:00:00,-31.21,441.146,0.0,948395.17
2027-01-28 23:00:00,-14.04,507.504,0.0,948981.4
2027-01-29 00:00:00,-10.498,534.86,0.0,948622.44
2027-01-29 01:00:00,2.947,534.76,0.0,948756.26
2027-01-29 02:00:00,6.478,496.058,0.0,948460.1
2027-01-29 03:00:00,3.112,420.151,0.0,948835.19
2027-01-29 04:00:00,5.945,326.918,0.0,948615.11
2027-01-29 05:00:00,-0.129,202.949,0.0,949250.54
2027-01-29 06:00:00,-10.91,74.327,0.0,949556.02
2027-01-29 07:00:00,-24.515,0.0,0.0,949672.93
2027-01-29 08:00:00,-27.599,15.227,0.0,949869.11
2027-01-29 09:00:00,-40.335,0.0,0.0,950325.79
2027-01-29 10:00:00,-50.177,0.0,0.1516,949624.86
2027-01-29 11:00:00,-60.337,0.0,0.4395,949413.08
2027-01-29 12:00:00,-70.335,0.0,0.6405,948756.83
2027-01-29 13:00:00,-80.748,0.0,1.041,949486.42
2027-01-29 14:00:00,-88.688,1.473,1.3347,949675.93
2027-01-29 15:00:00,-93.021,0.0,1.2699,950437.95
2027-01-29 16:00:00,-87.9,0.808,1.168,951109.27
2027-01-29 17:00:00,-94.578,0.0,1.4454,950716.72
2027-01-29 18:00:00,-80.788,0.0,1.1515,951042.9
2027-01-29 19:00:00,-74.374,26.512,0.9467,950807.01
2027-01-29 20:00:00,-65.369,170.858,0.7272,950164.35
2027-01-29 21:00:00,-48.426,279.49,0.191,950611.78
2027-01-29 22:00:00,-39.146,391.26,0.0,950333.96
2027-01-29 23:00:00,-24.516,470.2,0.0,950892.7
2027-01-30 00:00:00,-20.74,520.673,0.0,951267.78
2027-01-30 01:00:00,-12.781,538.745,0.0,951276.13
2027-01-30 02:00:00,-0.616,528.721,0.0,950873.63
2027-01-30 03:00:00,4.704,470.571,0.0,951623.33
2027-01-30 04:00:00,6.87,402.136,0.0,951867.04
2027-01-30 05:00:00,-0.254,285.619,0.0,951823.34
2027-01-30 06:00:00,-5.982,152.847,0.0,951961.63
2027-01-30 07:00:00,-14.193,20.243,0.0,951454.85
2027-01-30 08:00:00,-25.126,0.0,0.0,951060.52
2027-01-30 09:00:00,-32.622,4.0,0.0,952792.59
2027-01-30 10:00:00,-48.687,0.0,0.1192,952229.29
2027-01-30 11:00:00,-60.932,0.0,0.4099,952435.46
2027-01-30 12:00:00,-67.917,0.0,0.5658,952778.46
2027-01-30 13:00:00,-73.574,3.415,0.774,953088.37
2027-01-30 14:00:00,-85.888,6.165,1.2787,953157.05
2027-01-30 15:00:00,-86.934,6.903,1.14,952622.81
2027-01-30 16:00:00,-95.064,2.649,1.5201,952284.46
2027-01-30 17:00:00,-93.69,0.0,1.4316,952515.05
2027-01-30 18:00:00,-88.446,3.973,1.2709,952938.74
2027-01-30 19:00:00,-85.765,0.0,1.0727,953418.21
2027-01-30 20:00:00,-76.694,61.0,1.0017,952908.91
2027-01-30 21:00:00,-70.279,205.491,0.7651,952376.55
2027-01-30 22:00:00,-46.708,318.219,0.0309,952680.46
2027-01-30 23:00:00,-36.545,421.975,0.0,952112.06
2027-01-31 00:00:00,-26.359,494.673,0.0,951707.15
2027-01-31 01:00:00,-8.032,535.18,0.0,950724.78
2027-01-31 02:00:00,-7.898,544.012,0.0,950998.43
2027-01-31 03:00:00,-2.372,514.045,0.0,951418.96
2027-01-31 04:00:00,-1.96,448.504,0.0,950908.3
2027-01-31 05:00:00,2.825,354.076,0.0,951496.71
2027-01-31 06:00:00,-0.387,242.591,0.0,951663.68
2027-01-31 07:00:00,-8.385,109.223,0.0,952204.54
2027-01-31 08:00:00,-17.981,0.0,0.0,951881.91
2027-01-31 09:00:00,-32.476,13.091,0.0,950761.34
2027-01-31 10:00:00,-36.241,0.911,0.0,950822.51
2027-01-31 11:00:00,-52.243,2.251,0.085,950941.6
2027-01-31 12:00:00,-66.592,0.0,0.3757,950413.74
2027-01-31 13:00:00,-73.161,5.1,0.6238,950351.78
2027-01-31 14:00:00,-79.101,3.801,0.7732,950352.16
2027-01-31 15:00:00,-89.077,3.837,1.1561,950091.01
2027-01-31 16:00:00,-91.334,1.074,1.2241,950516.46
2027-01-31 17:00:00,-92.006,5.171,1.2128,951341.32
2027-01-31 18:00:00,-90.946,6.358,1.13,952008.93
2027-01-31 19:00:00,-86.77,1.415,1.1269,952169.01
2027-01-31 20:00:00,-83.994,0.0,0.9877,952174.41
2027-01-31 21:00:00,-74.282,120.747,0.5454,952774.23
2027-01-31 22:00:00,-63.328,241.086,0.5271,952544.12
2027-01-31 23:00:00,-45.974,355.475,0.0,952759.62
2027-02-01 00:00:00,-34.614,449.057,0.0,952210.75
2027-02-01 01:00:00,-21.492,501.853,0.0,952014.6
2027-02-01 02:00:00,-16.499,542.961,0.0,951781.13
2027-02-01 03:00:00,-7.502,527.478,0.0,951084.68
2027-02-01 04:00:00,2.309,489.037,0.0,951774.37
2027-02-01 05:00:00,-2.894,417.709,0.0,952118.37
2027-02-01 06:00:00,-0.816,319.323,0.0,952610.17
2027-02-01 07:00:00,-8.76,197.168,0.0,952887.59
2027-02-01 08:00:00,-16.942,65.484,0.0,952937.67
2027-02-01 09:00:00,-22.833,0.0,0.0,952421.2
2027-02-01 10:00:00,-31.605,0.0,0.0,952459.67
2027-02-01 11:00:00,-40.621,0.0,0.0,951653.09
2027-02-01 12:00:00,-55.954,5.407,0.1297,951866.6
2027-02-01 13:00:00,-66.198,0.0,0.4124,952012.38
2027-02-01 14:00:00,-69.64,0.0,0.4748,951903.68
2027-02-01 15:00:00,-81.21,0.0,0.8029,951767.17
2027-02-01 16:00:00,-85.91,2.094,1.1683,951884.16
2027-02-01 17:00:00,-92.631,0.0,1.3905,951107.05
2027-02-01 18:00:00,-90.384,0.0,1.2369,951473.19
2027-02-01 19:00:00,-97.461,0.0,1.3651,951513.05
2027-02-01 20:00:00,-81.64,5.35,0.9764,951134.08
2027-02-01 21:00:00,-79.514,27.907,1.0296,950969.03
2027-02-01 22:00:00,-70.136,155.384,0.3787,951212.01
2027-02-01 23:00:00,-56.247,283.487,0.4999,951203.99
2027-02-02 00:00:00,-40.376,396.5,0.0,951453.61
2027-02-02 01:00:00,-28.198,466.883,0.0,951913.75
2027-02-02 02:00:00,-15.138,522.768,0.0,952391.63
2027-02-02 03:00:00,-10.052,539.604,0.0,952484.47
2027-02-02 04:00:00,1.885,519.364,0.0,952579.28
2027-02-02 05:00:00,1.318,482.76,0.0,953498.43
2027-02-02 06:00:00,0.704,384.913,0.0,953098.0
2027-02-02 07:00:00,-1.357,281.946,0.0,952847.11
2027-02-02 08:00:00,-5.188,150.541,0.0,951664.85
2027-02-02 09:00:00,-16.54,21.737,0.0,951857.11
2027-02-02 10:00:00,-27.11,4.354,0.0,951625.84
2027-02-02 11:00:00,-35.926,0.0,0.0,951221.38
2027-02-02 12:00:00,-42.309,0.0,0.0,951610.02
2027-02-02 13:00:00,-53.041,0.0,0.19,951304.36
2027-02-02 14:00:00,-65.588,0.0,0.4195,951518.99
2027-02-02 15:00:00,-74.996,5.184,0.6966,952064.18
2027-02-02 16:00:00,-76.273,0.0,0.6459,951923.57
2027-02-02 17:00:00,-87.229,0.0,1.1176,952549.25
2027-02-02 18:00:00,-90.855,8.827,1.1579,951715.27
2027-02-02 19:00:00,-91.997,0.0,1.2175,950510.19
2027-02-02 20:00:00,-87.875,0.0,1.1399,951030.77
2027-02-02 21:00:00,-92.421,8.205,1.2982,951387.44
2027-02-02 22:00:00,-71.45,72.016,0.5534,951442.72
2027-02-02 23:00:00,-66.05,204.154,0.4037,951378.15
2027-02-03 00:00:00,-51.334,317.824,0.13,951838.92
2027-02-03 01:00:00,-40.263,413.853,0.0,952248.99
2027-02-03 02:00:00,-26.203,491.995,0.0,951889.8
2027-02-03 03:00:00,-14.183,533.612,0.0,952435.79
2027-02-03 04:00:00,-2.455,537.956,0.0,952310.9
2027-02-03 05:00:00,4.081,504.016,0.0,952279.76
2027-02-03 06:00:00,8.099,443.824,0.0,951948.69
2027-02-03 07:00:00,1.195,343.195,0.0,952541.89
2027-02-03 08:00:00,-4.268,240.601,0.0,952852.17
2027-02-03 09:00:00,-9.205,109.656,0.0,952663.04
2027-02-03 10:00:00,-23.141,9.868,0.0,952705.18
2027-02-03 11:00:00,-32.466,0.037,0.0,952347.67
2027-02-03 12:00:00,-40.055,0.0,0.0,952951.14
2027-02-03 13:00:00,-49.62,0.0,0.0,951650.26
2027-02-03 14:00:00,-66.791,0.0,0.1749,951725.67
2027-02-03 15:00:00,-67.445,2.174,0.3726,951540.58
2027-02-03 16:00:00,-78.907,0.134,0.867,951433.88
2027-02-03 17:00:00,-83.561,0.0,0.8178,952155.73
2027-02-03 18:00:00,-94.795,0.0,1.0547,951715.7
2027-02-03 19:00:00,-93.878,1.315,1.2522,951391.63
2027-02-03 20:00:00,-92.89,6.916,1.1628,950878.28
2027-02-03 21:00:00,-87.995,0.397,1.0426,951793.55
2027-02-03 22:00:00,-81.123,4.066,0.873,951727.54
2027-02-03 23:00:00,-67.24,123.569,0.6261,952924.69
2027-02-04 00:00:00,-56.669,248.293,0.2472,953212.57
2027-02-04 01:00:00,-46.158,355.379,0.1145,952200.0
2027-02-04 02:00:00,-24.58,449.698,0.0,952436.24
2027-02-04 03:00:00,-19.875,515.042,0.0,952154.83
2027-02-04 04:00:00,-11.576,539.069,0.0,952312.44
2027-02-04 05:00:00,-6.911,532.936,0.0,952609.85
2027-02-04 06:00:00,3.565,485.49,0.0,952772.79
2027-02-04 07:00:00,6.289,413.908,0.0,952814.11
2027-02-04 08:00:00,-2.057,314.664,0.0,951739.52
2027-02-04 09:00:00,-2.781,194.996,0.0,951746.17
2027-02-04 10:00:00,-12.314,68.497,0.0,951509.74
2027-02-04 11:00:00,-27.665,0.0,0.0,951755.02
2027-02-04 12:00:00,-29.047,0.153,0.0,951163.48
2027-02-04 13:00:00,-42.23,0.0,0.0,950971.71
2027-02-04 14:00:00,-54.825,0.0,0.1873,950253.87
2027-02-04 15:00:00,-58.979,3.359,0.2899,950114.78
2027-02-04 16:00:00,-68.424,0.0,0.5044,949297.18
2027-02-04 17:00:00,-81.885,0.0,0.7733,949520.01
2027-02-04 18:00:00,-83.46,9.244,0.8936,949951.25
2027-02-04 19:00:00,-87.545,5.05,1.1064,949871.68
2027-02-04 20:00:00,-89.591,2.872,1.0143,949688.94
2027-02-04 21:00:00,-89.53,1.904,1.1343,949209.72
2027-02-04 22:00:00,-84.215,0.0,0.8975,948346.45
2027-02-04 23:00:00,-73.488,38.973,0.6667,947239.44
2027-02-05 00:00:00,-63.742,167.257,0.4265,947403.79
2027-02-05 01:00:00,-58.038,283.211,0.3329,947322.0
2027-02-05 02:00:00,-45.409,385.126,0.0465,947690.81
2027-02-05 03:00:00,-32.057,474.798,0.0,948212.44
2027-02-05 04:00:00,-19.579,521.038,0.0,947116.45
2027-02-05 05:00:00,-8.501,529.86,0.0,946834.43
2027-02-05 06:00:00,-1.664,520.16,0.0,946538.11
2027-02-05 07:00:00,3.141,464.241,0.0,946568.93
2027-02-05 08:00:00,2.798,385.755,0.0,946539.92
2027-02-05 09:00:00,-0.812,278.1,0.0,946389.63
2027-02-05 10:00:00,-3.641,147.841,0.0,946680.01
2027-02-05 11:00:00,-20.782,19.312,0.0,945933.28
2027-02-05 12:00:00,-23.13,0.0,0.0,946641.14
2027-02-05 13:00:00,-32.965,0.0,0.0,946733.96
2027-02-05 14:00:00,-48.484,0.0,0.0056,946784.75
2027-02-05 15:00:00,-53.844,5.655,0.0,946805.56
2027-02-05 16:00:00,-64.029,0.0,0.3619,947336.77
2027-02-05 17:00:00,-74.346,6.862,0.4225,947370.13
2027-02-05 18:00:00,-88.701,8.917,1.077,947135.41
2027-02-05 19:00:00,-84.357,0.0,1.1216,947257.48
2027-02-05 20:00:00,-89.66,0.0,1.0547,947561.7
2027-02-05 21:00:00,-88.979,5.223,1.19,948037.94
2027-02-05 22:00:00,-97.907,0.0,1.2978,948643.47
2027-02-05 23:00:00,-84.202,0.0,0.905,948817.02
2027-02-06 00:00:00,-78.228,72.258,0.7935,948335.46
2027-02-06 01:00:00,-57.669,204.543,0.2184,948298.18
2027-02-06 02:00:00,-50.95,331.162,0.0754,948644.16
2027-02-06 03:00:00,-30.563,422.555,0.0,950197.35
2027-02-06 04:00:00,-19.528,498.009,0.0,950654.28
2027-02-06 05:00:00,-12.584,532.149,0.0,950313.77
2027-02-06 06:00:00,-2.137,532.015,0.0,951344.65
2027-02-06 07:00:00,-3.869,501.041,0.0,950607.58
2027-02-06 08:00:00,-0.821,442.76,0.0,950799.6
2027-02-06 09:00:00,3.171,352.616,0.0,950000.24
2027-02-06 10:00:00,-7.442,239.57,0.0,950150.12
2027-02-06 11:00:00,-16.307,104.218,0.0,951354.7
2027-02-06 12:00:00,-22.185,0.876,0.0,950945.79
2027-02-06 13:00:00,-31.946,2.92,0.0,951679.52
2027-02-06 14:00:00,-33.843,0.0,0.0,951567.24
2027-02-06 15:00:00,-48.481,0.0,0.0,951532.51
2027-02-06 16:00:00,-63.421,0.0,0.186,951502.32
2027-02-06 17:00:00,-74.302,0.0,0.4975,951429.33
2027-02-06 18:00:00,-78.008,3.311,0.5741,951213.58
2027-02-06 19:00:00,-82.076,6.295,0.7956,951338.73
2027-02-06 20:00:00,-89.49,0.0,0.9082,951345.52
2027-02-06 21:00:00,-94.131,0.0,1.2458,952060.58
2027-02-06 22:00:00,-94.503,0.0,1.1944,951863.32
2027-02-06 23:00:00,-88.068,3.974,0.9714,951677.85
2027-02-07 00:00:00,-80.115,0.0,0.9273,952275.19
2027-02-07 01:00:00,-71.121,118.564,0.5215,952400.31
2027-02-07 02:00:00,-54.102,241.239,0.195,952022.63
2027-02-07 03:00:00,-41.807,362.253,0.0,951702.63
2027-02-07 04:00:00,-30.467,447.319,0.0,951618.0
2027-02-07 05:00:00,-18.555,504.2,0.0,951498.38
2027-02-07 06:00:00,-14.728,532.744,0.0,951438.29
2027-02-07 07:00:00,-4.83,531.763,0.0,951148.03
2027-02-07 08:00:00,-2.492,479.221,0.0,951075.87
2027-02-07 09:00:00,2.834,406.895,0.0,950624.35
2027-02-07 10:00:00,-2.82,317.688,0.0,951417.25
2027-02-07 11:00:00,-5.658,192.034,0.0,951697.62
2027-02-07 12:00:00,-15.002,62.874,0.0,951536.22
2027-02-07 13:00:00,-21.914,2.009,0.0,951488.71
2027-02-07 14:00:00,-36.099,0.0,0.0,951455.92
2027-02-07 15:00:00,-40.988,0.0,0.0,952038.95
2027-02-07 16:00:00,-56.284,4.158,0.1413,951711.22
2027-02-07 17:00:00,-65.635,5.812,0.5781,951704.27
2027-02-07 18:00:00,-72.951,5.421,0.6607,951753.49
2027-02-07 19:00:00,-76.701,0.0,1.0975,951679.59
2027-02-07 20:00:00,-88.081,6.525,1.2806,951709.83
2027-02-07 21:00:00,-95.052,0.0,1.1863,951040.42
2027-02-07 22:00:00,-93.213,0.0,1.316,950770.91
2027-02-07 23:00:00,-90.641,0.0,1.2153,951662.34
2027-02-08 00:00:00,-79.038,4.156,1.1483,951435.26
2027-02-08 01:00:00,-76.366,34.382,0.8491,951814.79
2027-02-08 02:00:00,-67.741,163.895,0.4895,952231.1
2027-02-08 03:00:00,-52.517,292.172,0.3416,951540.07
2027-02-08 04:00:00,-33.891,392.884,0.0,952318.82
2027-02-08 05:00:00,-26.577,468.186,0.0,952467.86
2027-02-08 06:00:00,-15.479,515.952,0.0,952550.63
2027-02-08 07:00:00,-7.121,536.437,0.0,951431.21
2027-02-08 08:00:00,2.227,514.362,0.0,951387.7
2027-02-08 09:00:00,0.992,455.051,0.0,950925.74
2027-02-08 10:00:00,5.032,383.501,0.0,950873.45
2027-02-08 11:00:00,1.659,269.722,0.0,950582.6
2027-02-08 12:00:00,-6.467,155.387,0.0,950819.13
2027-02-08 13:00:00,-19.371,6.212,0.0,950498.83
2027-02-08 14:00:00,-31.561,0.0,0.0,949563.02
2027-02-08 15:00:00,-38.7,0.0,0.0,949777.26
2027-02-08 16:00:00,-50.569,0.0,0.0174,949839.82
2027-02-08 17:00:00,-61.409,0.0,0.2126,950588.03
2027-02-08 18:00:00,-70.666,8.853,0.6699,950508.35
2027-02-08 19:00:00,-77.639,0.717,0.9546,950851.11
2027-02-08 20:00:00,-88.296,0.0,1.1675,951545.76
2027-02-08 21:00:00,-96.06,0.0,1.2443,952027.42
2027-02-08 22:00:00,-97.529,0.0,1.4606,951679.47
2027-02-08 23:00:00,-89.086,0.0,1.2968,951653.71
2027-02-09 00:00:00,-90.042,0.0,1.323,950698.55
2027-02-09 01:00:00,-89.213,0.0,1.2877,951191.07
2027-02-09 02:00:00,-73.207,66.294,0.8622,951072.03
2027-02-09 03:00:00,-65.373,207.791,0.5968,951706.23
2027-02-09 04:00:00,-44.128,330.519,0.0624,952094.63
2027-02-09 05:00:00,-36.857,429.603,0.0,952375.75
2027-02-09 06:00:00,-24.309,480.898,0.0,951991.56
2027-02-09 07:00:00,-12.081,523.574,0.0,951632.13
2027-02-09 08:00:00,-1.741,526.452,0.0,953153.63
2027-02-09 09:00:00,-2.848,500.328,0.0,952991.41
2027-02-09 10:00:00,4.262,430.122,0.0,952568.41
2027-02-09 11:00:00,-2.038,353.097,0.0,952484.06
2027-02-09 12:00:00,-6.533,231.125,0.0,954004.97
2027-02-09 13:00:00,-13.107,101.62,0.0,953730.05
2027-02-09 14:00:00,-19.05,7.964,0.0,954705.62
2027-02-09 15:00:00,-31.405,0.0,0.0,954657.2
2027-02-09 16:00:00,-35.069,2.002,0.0,954623.73
2027-02-09 17:00:00,-46.432,0.0,0.0,954640.82
2027-02-09 18:00:00,-60.861,0.0,0.1546,954798.35
2027-02-09 19:00:00,-74.024,0.0,0.433,954653.56
2027-02-09 20:00:00,-76.215,10.935,0.864,953680.22
2027-02-09 21:00:00,-92.466,3.165,1.0662,953336.57
2027-02-09 22:00:00,-88.469,1.373,1.0289,952529.4
2027-02-09 23:00:00,-94.377,0.0,1.1918,952795.53
2027-02-10 00:00:00,-87.151,4.556,1.2286,953736.08
2027-02-10 01:00:00,-90.941,0.0,1.2265,953393.37
2027-02-10 02:00:00,-82.627,0.0,1.0432,953124.76
2027-02-10 03:00:00,-70.757,22.246,0.7959,954128.86
2027-02-10 04:00:00,-60.377,60.633,0.5035,954470.09
2027-02-10 05:00:00,-52.309,82.883,0.2417,954249.82
2027-02-10 06:00:00,-40.635,88.928,0.0,953938.79
2027-02-10 07:00:00,-27.149,99.715,0.0,954556.84
2027-02-10 08:00:00,-17.604,100.128,0.0,954442.55
2027-02-10 09:00:00,-14.231,106.969,0.0,954583.69
2027-02-10 10:00:00,-10.43,98.756,0.0,954167.53
2027-02-10 11:00:00,-10.11,86.939,0.0,954203.71
2027-02-10 12:00:00,-6.749,67.233,0.0,954374.62
2027-02-10 13:00:00,-8.865,37.336,0.0,953975.6
2027-02-10 14:00:00,-16.827,14.276,0.0,953064.18
2027-02-10 15:00:00,-27.572,0.0,0.0,953267.66
2027-02-10 16:00:00,-27.729,2.685,0.0,952704.69
2027-02-10 17:00:00,-49.796,0.0,0.0,952633.23
2027-02-10 18:00:00,-51.304,2.297,0.0,952497.61
2027-02-10 19:00:00,-62.749,1.893,0.2841,952334.73
2027-02-10 20:00:00,-71.525,0.344,0.7044,952608.51
2027-02-10 21:00:00,-82.987,3.973,0.8558,952471.97
2027-02-10 22:00:00,-87.512,0.0,1.061,952486.02
2027-02-10 23:00:00,-88.943,0.0,1.0548,952246.11
2027-02-11 00:00:00,-91.136,0.0,1.2499,952946.4
2027-02-11 01:00:00,-94.26,0.0,1.3828,952051.68
2027-02-11 02:00:00,-79.169,0.0,0.9045,952161.8
2027-02-11 03:00:00,-74.735,32.484,0.8662,952577.22
2027-02-11 04:00:00,-64.573,173.63,0.5243,952580.45
2027-02-11 05:00:00,-51.464,289.713,0.1755,952463.9
2027-02-11 06:00:00,-32.823,397.392,0.0,951901.52
2027-02-11 07:00:00,-26.91,471.658,0.0,952301.81
2027-02-11 08:00:00,-16.754,515.011,0.0,952643.28
2027-02-11 09:00:00,-2.56,532.466,0.0,953238.29
2027-02-11 10:00:00,2.127,515.215,0.0,952892.44
2027-02-11 11:00:00,1.616,464.277,0.0,952783.91
2027-02-11 12:00:00,7.344,374.807,0.0,952632.74
2027-02-11 13:00:00,1.4,260.157,0.0,952755.48
2027-02-11 14:00:00,-8.789,135.416,0.0,953245.07
2027-02-11 15:00:00,-13.163,8.701,0.0,954072.45
2027-02-11 16:00:00,-22.084,0.0,0.0,953657.71
2027-02-11 17:00:00,-33.189,8.976,0.0,954179.92
2027-02-11 18:00:00,-41.789,2.985,0.0,953402.38
2027-02-11 19:00:00,-51.544,0.0,0.0604,952345.39
2027-02-11 20:00:00,-60.753,0.0,0.3258,951932.66
2027-02-11 21:00:00,-71.592,5.141,0.6971,951778.86
2027-02-11 22:00:00,-80.035,0.0,0.8232,952623.79
2027-02-11 23:00:00,-83.116,0.0,0.9575,952260.11
2027-02-12 00:00:00,-82.812,0.0,1.0454,951402.74
2027-02-12 01:00:00,-84.107,0.57,1.0523,951235.32
2027-02-12 02:00:00,-83.991,3.104,0.9504,950961.99
2027-02-12 03:00:00,-77.647,5.963,0.9356,950873.15
2027-02-12 04:00:00,-63.504,85.312,0.5932,950829.67
2027-02-12 05:00:00,-54.199,209.872,0.3666,950622.72
2027-02-12 06:00:00,-42.702,331.185,0.0,950483.35
2027-02-12 07:00:00,-27.144,417.873,0.0,950977.56
2027-02-12 08:00:00,-20.166,480.061,0.0,951066.13
2027-02-12 09:00:00,-6.977,522.154,0.0,951853.22
2027-02-12 10:00:00,5.607,523.888,0.0,951883.37
2027-02-12 11:00:00,7.017,493.083,0.0,952794.91
2027-02-12 12:00:00,11.416,427.733,0.0,953002.64
2027-02-12 13:00:00,4.649,338.592,0.0,952181.66
2027-02-12 14:00:00,-1.849,230.367,0.0,951851.64
2027-02-12 15:00:00,-4.654,107.554,0.0,951659.43
2027-02-12 16:00:00,-23.542,0.0,0.0,951744.16
2027-02-12 17:00:00,-26.212,0.0,0.0,951686.57
2027-02-12 18:00:00,-33.928,0.0,0.0,951601.05
2027-02-12 19:00:00,-46.613,3.829,0.0987,951594.95
2027-02-12 20:00:00,-64.521,0.0,0.5711,951504.67
2027-02-12 21:00:00,-72.227,0.0,0.9188,951867.95
2027-02-12 22:00:00,-76.471,3.584,1.0203,951367.15
2027-02-12 23:00:00,-81.494,4.782,1.1923,951519.96
2027-02-13 00:00:00,-85.203,0.0,1.307,951249.68
2027-02-13 01:00:00,-88.872,0.0,1.2725,950840.88
2027-02-13 02:00:00,-85.555,1.351,1.3382,950123.83
2027-02-13 03:00:00,-83.196,0.0,1.1953,949778.97
2027-02-13 04:00:00,-77.919,0.0,1.0963,949544.81
2027-02-13 05:00:00,-64.887,122.509,0.7638,950195.82
2027-02-13 06:00:00,-55.281,255.571,0.3956,950687.05
2027-02-13 07:00:00,-38.21,361.852,0.0,949900.95
2027-02-13 08:00:00,-29.823,452.141,0.0,950339.5
2027-02-13 09:00:00,-14.073,511.134,0.0,949451.62
2027-02-13 10:00:00,-4.225,531.66,0.0,949699.92
2027-02-13 11:00:00,0.56,517.563,0.0,950661.06
2027-02-13 12:00:00,7.522,482.448,0.0,950921.99
2027-02-13 13:00:00,10.962,405.916,0.0,951565.0
2027-02-13 14:00:00,1.471,316.898,0.0,951099.07
2027-02-13 15:00:00,1.037,186.117,0.0,951521.15
2027-02-13 16:00:00,-7.884,56.839,0.0,952167.69
2027-02-13 17:00:00,-21.114,1.452,0.0,951193.4
2027-02-13 18:00:00,-27.725,0.0,0.0,951866.37
2027-02-13 19:00:00,-41.512,0.0,0.0,952095.44
2027-02-13 20:00:00,-47.96,1.471,0.0,952175.61
2027-02-13 21:00:00,-70.366,2.606,0.7199,951771.03
2027-02-13 22:00:00,-67.142,5.772,0.59,951559.36
2027-02-13 23:00:00,-82.774,1.544,0.9484,951685.3
2027-02-14 00:00:00,-85.335,0.0,1.0648,951350.86
2027-02-14 01:00:00,-91.125,0.0,1.2833,952128.06
2027-02-14 02:00:00,-84.778,0.0,1.1787,952391.15
2027-02-14 03:00:00,-87.259,8.306,1.1571,951520.86
2027-02-14 04:00:00,-83.604,0.0,1.1163,951831.7
2027-02-14 05:00:00,-70.907,41.848,0.7951,952201.28
2027-02-14 06:00:00,-59.769,170.358,0.4483,951974.61
2027-02-14 07:00:00,-49.935,291.531,0.0475,951597.43
2027-02-14 08:00:00,-38.58,391.723,0.0,952257.31
2027-02-14 09:00:00,-26.399,465.326,0.0,952698.83
2027-02-14 10:00:00,-8.335,511.068,0.0,952607.74
2027-02-14 11:00:00,-1.798,537.883,0.0,951729.67
2027-02-14 12:00:00,3.184,508.967,0.0,951773.28
2027-02-14 13:00:00,6.782,460.358,0.0,951342.43
2027-02-14 14:00:00,-1.78,378.637,0.0,950427.34
2027-02-14 15:00:00,-1.196,262.649,0.0,950962.24
2027-02-14 16:00:00,-7.825,142.735,0.0,951532.95
2027-02-14 17:00:00,-13.164,7.692,0.0,951321.84
2027-02-14 18:00:00,-28.618,0.0,0.0,951105.5
2027-02-14 19:00:00,-30.817,0.0,0.0,950703.54
2027-02-14 20:00:00,-39.283,2.938,0.0,951124.15
2027-02-14 21:00:00,-60.66,0.0,0.1539,951663.8
2027-02-14 22:00:00,-65.985,0.0,0.6071,952068.02
2027-02-14 23:00:00,-74.3,0.0,0.7522,953683.21
2027-02-15 00:00:00,-80.724,10.558,0.6977,953774.03
2027-02-15 01:00:00,-94.669,0.0,1.4662,953864.03
2027-02-15 02:00:00,-88.971,2.508,1.1453,954402.38
2027-02-15 03:00:00,-90.274,0.0,1.1532,954686.21
2027-02-15 04:00:00,-87.643,0.0,1.1637,954237.16
2027-02-15 05:00:00,-75.732,0.0,0.6793,954517.62
2027-02-15 06:00:00,-72.997,85.833,0.6267,954976.93
2027-02-15 07:00:00,-58.391,215.097,0.2647,954740.4
2027-02-15 08:00:00,-46.765,327.713,0.0,954422.62
2027-02-15 09:00:00,-32.338,426.441,0.0,953640.92
2027-02-15 10:00:00,-18.935,494.323,0.0,953112.21
2027-02-15 11:00:00,-7.013,527.547,0.0,952441.9
2027-02-15 12:00:00,-4.476,522.418,0.0,951922.92
2027-02-15 13:00:00,4.369,495.398,0.0,951994.06
2027-02-15 14:00:00,5.459,431.376,0.0,951422.06
2027-02-15 15:00:00,-2.138,333.072,0.0,952615.64
2027-02-15 16:00:00,-4.977,215.817,0.0,952848.06
2027-02-15 17:00:00,-7.144,85.637,0.0,952520.65
2027-02-15 18:00:00,-20.318,0.349,0.0,952485.9
2027-02-15 19:00:00,-19.998,1.49,0.0,952717.0
2027-02-15 20:00:00,-34.239,0.0,0.0,951887.02
2027-02-15 21:00:00,-46.502,5.23,0.0,952020.52
2027-02-15 22:00:00,-54.405,0.761,0.0,952319.49
2027-02-15 23:00:00,-65.745,6.747,0.2973,951102.74
2027-02-16 00:00:00,-75.842,1.853,0.6017,950159.29
2027-02-16 01:00:00,-86.894,0.0,0.8195,951018.55
2027-02-16 02:00:00,-84.79,2.291,1.0706,950908.24
2027-02-16 03:00:00,-84.703,3.351,1.0089,950706.14
2027-02-16 04:00:00,-89.659,0.0,1.1101,950366.18
2027-02-16 05:00:00,-90.182,0.0,1.1345,950286.12
2027-02-16 06:00:00,-81.703,0.501,0.8886,950019.81
2027-02-16 07:00:00,-61.838,122.217,0.3153,950628.24
2027-02-16 08:00:00,-53.53,257.861,0.0,950854.39
2027-02-16 09:00:00,-36.475,358.953,0.0,950018.21
2027-02-16 10:00:00,-27.537,455.022,0.0,950083.57
2027-02-16 11:00:00,-18.388,492.356,0.0,949716.34
2027-02-16 12:00:00,-0.357,527.746,0.0,950405.58
2027-02-16 13:00:00,-0.564,524.281,0.0,950181.62
2027-02-16 14:00:00,3.096,469.355,0.0,950979.99
2027-02-16 15:00:00,6.067,399.097,0.0,950421.63
2027-02-16 16:00:00,1.387,298.154,0.0,949740.42
2027-02-16 17:00:00,-1.366,177.658,0.0,949558.06
2027-02-16 18:00:00,-11.27,51.531,0.0,949583.2
2027-02-16 19:00:00,-19.984,0.0,0.0,949708.31
2027-02-16 20:00:00,-32.36,0.0,0.0,949192.1
2027-02-16 21:00:00,-46.052,2.58,0.0,949515.96
2027-02-16 22:00:00,-54.702,0.0,0.0112,949532.8
2027-02-16 23:00:00,-64.683,0.0,0.5212,949428.06
2027-02-17 00:00:00,-70.626,5.151,0.6016,950127.21
2027-02-17 01:00:00,-81.14,3.651,0.9656,949877.89
2027-02-17 02:00:00,-88.79,0.0,1.1581,950014.1
2027-02-17 03:00:00,-91.653,0.0,1.0964,950348.95
2027-02-17 04:00:00,-87.062,0.0,1.199,950578.34
2027-02-17 05:00:00,-83.755,2.726,1.1845,950359.58
2027-02-17 06:00:00,-83.531,1.378,0.9891,949720.0
2027-02-17 07:00:00,-75.688,43.591,0.8245,949660.51
2027-02-17 08:00:00,-61.01,169.224,0.3687,950244.45
2027-02-17 09:00:00,-49.193,286.397,0.1436,949635.28
2027-02-17 10:00:00,-33.641,396.976,0.0,949091.37
2027-02-17 11:00:00,-25.487,465.629,0.0,949618.98
2027-02-17 12:00:00,-16.23,515.091,0.0,948642.23
2027-02-17 13:00:00,-2.984,518.968,0.0,949147.38
2027-02-17 14:00:00,-0.847,502.418,0.0,949193.38
2027-02-17 15:00:00,1.007,456.243,0.0,949532.95
2027-02-17 16:00:00,4.982,364.418,0.0,948943.33
2027-02-17 17:00:00,2.581,265.125,0.0,949038.8
2027-02-17 18:00:00,-8.821,125.608,0.0,948322.9
2027-02-17 19:00:00,-22.616,1.831,0.0,948678.77
2027-02-17 20:00:00,-23.34,0.0,0.0,948632.98
2027-02-17 21:00:00,-36.164,8.713,0.0,948716.17
2027-02-17 22:00:00,-47.768,0.0,0.0,948497.08
2027-02-17 23:00:00,-59.863,3.355,0.1657,947506.51
2027-02-18 00:00:00,-65.309,5.285,0.4047,947019.51
2027-02-18 01:00:00,-81.021,0.0,0.7215,947120.62
2027-02-18 02:00:00,-88.652,0.0,0.9519,947966.57
2027-02-18 03:00:00,-84.063,0.708,0.9812,948044.13
2027-02-18 04:00:00,-94.347,0.0,1.2713,947890.8
2027-02-18 05:00:00,-88.78,0.0,1.106,948193.83
2027-02-18 06:00:00,-84.171,6.381,1.0741,948177.4
2027-02-18 07:00:00,-82.086,2.613,0.964,948354.59
2027-02-18 08:00:00,-75.626,84.102,0.8054,948188.2
2027-02-18 09:00:00,-58.068,213.637,0.3513,949048.91
2027-02-18 10:00:00,-42.869,330.388,0.0,949106.34
2027-02-18 11:00:00,-33.165,424.599,0.0,948870.94
2027-02-18 12:00:00,-24.867,484.032,0.0,949602.0
2027-02-18 13:00:00,-10.94,529.125,0.0,949356.03
2027-02-18 14:00:00,-8.299,528.997,0.0,948834.58
2027-02-18 15:00:00,-2.475,493.036,0.0,949421.82
2027-02-18 16:00:00,1.739,421.057,0.0,949765.58
2027-02-18 17:00:00,1.628,328.344,0.0,950119.9
2027-02-18 18:00:00,-7.127,218.466,0.0,949885.43
2027-02-18 19:00:00,-11.062,92.861,0.0,949422.0
2027-02-18 20:00:00,-18.853,0.0,0.0,949387.08
2027-02-18 21:00:00,-29.608,2.473,0.0,949245.56
2027-02-18 22:00:00,-45.23,6.437,0.0,949775.64
2027-02-18 23:00:00,-49.149,2.882,0.053,949355.42
2027-02-19 00:00:00,-54.956,0.0,0.0754,950104.31
2027-02-19 01:00:00,-69.004,0.0,0.6329,949522.09
2027-02-19 02:00:00,-78.501,1.499,0.8569,948980.35
2027-02-19 03:00:00,-86.382,0.0,0.9396,949137.16
2027-02-19 04:00:00,-87.501,2.215,1.0635,948589.15
2027-02-19 05:00:00,-90.146,3.009,1.2892,948591.24
2027-02-19 06:00:00,-87.81,5.459,1.2586,948307.14
2027-02-19 07:00:00,-89.001,0.0,1.1569,947808.34
2027-02-19 08:00:00,-78.942,1.108,0.9638,947733.83
2027-02-19 09:00:00,-69.257,127.539,0.6537,947663.65
2027-02-19 10:00:00,-53.812,253.068,0.1753,947015.49
2027-02-19 11:00:00,-48.128,365.702,0.0235,946959.97
2027-02-19 12:00:00,-30.901,450.717,0.0,946874.04
2027-02-19 13:00:00,-17.095,508.519,0.0,946417.72
2027-02-19 14:00:00,-7.19,526.941,0.0,946380.46
2027-02-19 15:00:00,-2.454,513.661,0.0,947362.56
2027-02-19 16:00:00,-4.974,469.145,0.0,948297.84
2027-02-19 17:00:00,4.194,387.567,0.0,947663.55
2027-02-19 18:00:00,4.075,303.196,0.0,947548.62
2027-02-19 19:00:00,-9.639,176.013,0.0,947617.42
2027-02-19 20:00:00,-16.88,49.823,0.0,948387.13
2027-02-19 21:00:00,-21.858,3.395,0.0,949286.07
2027-02-19 22:00:00,-31.578,0.0,0.0,950082.64
2027-02-19 23:00:00,-40.665,0.0,0.0,949137.0
2027-02-20 00:00:00,-50.868,7.735,0.0411,949015.43
2027-02-20 01:00:00,-68.91,1.452,0.4116,949309.37
2027-02-20 02:00:00,-75.737,0.0,0.6653,949774.97
2027-02-20 03:00:00,-80.198,0.0,0.8813,949468.89
2027-02-20 04:00:00,-87.831,5.431,1.0347,949871.5
2027-02-20 05:00:00,-89.886,4.672,1.1835,950009.51
2027-02-20 06:00:00,-91.65,0.0,1.2306,950305.78
2027-02-20 07:00:00,-90.334,8.171,1.395,950366.85
2027-02-20 08:00:00,-84.46,4.831,1.2117,950140.67
2027-02-20 09:00:00,-79.011,41.484,0.9546,950411.19
2027-02-20 10:00:00,-65.873,166.762,0.6753,950459.82
2027-02-20 11:00:00,-50.348,297.297,0.2181,949238.28
2027-02-20 12:00:00,-36.743,394.845,0.0,949160.06
2027-02-20 13:00:00,-22.453,460.259,0.0,949894.25
2027-02-20 14:00:00,-14.032,511.274,0.0,950389.2
2027-02-20 15:00:00,0.676,539.861,0.0,950585.06
2027-02-20 16:00:00,4.421,502.26,0.0,950528.44
2027-02-20 17:00:00,0.986,443.993,0.0,951062.52
2027-02-20 18:00:00,2.502,359.286,0.0,951155.22
2027-02-20 19:00:00,1.846,266.301,0.0,950730.27
2027-02-20 20:00:00,-10.906,138.183,0.0,950862.37
2027-02-20 21:00:00,-20.355,8.851,0.0,950761.33
2027-02-20 22:00:00,-22.687,1.241,0.0,950920.21
2027-02-20 23:00:00,-33.417,6.27,0.0,950906.74
2027-02-21 00:00:00,-43.161,0.0,0.0,950554.1
2027-02-21 01:00:00,-56.438,0.813,0.2226,950209.65
2027-02-21 02:00:00,-68.714,1.435,0.5038,950145.84
2027-02-21 03:00:00,-80.53,6.912,0.8975,949416.82
2027-02-21 04:00:00,-83.007,1.594,1.1116,948925.25
2027-02-21 05:00:00,-84.932,0.0,1.0817,950061.08
2027-02-21 06:00:00,-87.675,0.32,1.2435,950527.86
2027-02-21 07:00:00,-87.376,0.0,1.2188,950468.97
2027-02-21 08:00:00,-85.773,0.0,1.1182,950551.26
2027-02-21 09:00:00,-75.588,4.157,1.0119,950399.02
2027-02-21 10:00:00,-77.464,85.382,0.9051,950665.2
2027-02-21 11:00:00,-59.553,213.352,0.6112,950466.69
2027-02-21 12:00:00,-49.437,332.341,0.2347,949944.4
2027-02-21 13:00:00,-28.785,427.496,0.0,949837.38
2027-02-21 14:00:00,-23.356,488.345,0.0,949569.42
2027-02-21 15:00:00,-7.816,529.109,0.0,950293.8
2027-02-21 16:00:00,-4.504,522.234,0.0,950173.5
2027-02-21 17:00:00,4.203,487.927,0.0,949437.76
2027-02-21 18:00:00,3.584,422.911,0.0,949084.52
2027-02-21 19:00:00,1.311,323.354,0.0,948938.37
2027-02-21 20:00:00,-2.011,221.353,0.0,949089.75
2027-02-21 21:00:00,-8.604,77.167,0.0,949244.26
2027-02-21 22:00:00,-20.341,0.0,0.0,949742.56
2027-02-21 23:00:00,-26.539,0.115,0.0,949148.05
2027-02-22 00:00:00,-36.144,0.0,0.0,948953.58
2027-02-22 01:00:00,-51.012,0.0,0.1477,949384.27
2027-02-22 02:00:00,-54.646,9.197,0.2916,948639.54
2027-02-22 03:00:00,-67.891,5.52,0.651,948380.42
2027-02-22 04:00:00,-80.454,0.0,1.0228,948026.51
2027-02-22 05:00:00,-83.655,0.0,1.0548,948198.09
2027-02-22 06:00:00,-86.0,0.0,1.1355,947882.07
2027-02-22 07:00:00,-89.206,3.525,1.3508,948960.3
2027-02-22 08:00:00,-89.708,0.0,1.4028,947918.25
2027-02-22 09:00:00,-96.409,0.0,1.5701,948042.21
2027-02-22 10:00:00,-83.185,0.504,1.3584,948984.19
2027-02-22 11:00:00,-66.419,133.669,0.8706,949064.86
2027-02-22 12:00:00,-58.599,259.677,0.6595,949083.18
2027-02-22 13:00:00,-41.228,361.41,0.0387,949756.6
2027-02-22 14:00:00,-26.934,443.458,0.0,950078.86
2027-02-22 15:00:00,-17.87,510.035,0.0,949823.01
2027-02-22 16:00:00,-13.547,522.622,0.0,950253.75
2027-02-22 17:00:00,-4.313,514.927,0.0,951008.42
2027-02-22 18:00:00,3.814,464.359,0.0,951451.41
2027-02-22 19:00:00,5.775,396.083,0.0,952034.91
2027-02-22 20:00:00,-7.448,285.59,0.0,951636.98
2027-02-22 21:00:00,-6.844,171.894,0.0,951654.76
2027-02-22 22:00:00,-19.692,38.267,0.0,951628.07
2027-02-22 23:00:00,-23.726,0.0,0.0,951490.55
2027-02-23 00:00:00,-34.105,6.252,0.0,951340.04
2027-02-23 01:00:00,-36.518,0.0,0.0,951565.03
2027-02-23 02:00:00,-55.574,3.591,0.292,951016.82
2027-02-23 03:00:00,-60.832,7.586,0.4243,950243.95
2027-02-23 04:00:00,-70.025,0.0,0.7048,950271.08
2027-02-23 05:00:00,-80.729,4.969,0.9059,950431.08
2027-02-23 06:00:00,-85.893,2.655,1.1522,949867.28
2027-02-23 07:00:00,-90.057,0.582,1.1792,949915.46
2027-02-23 08:00:00,-92.508,3.752,1.1646,950212.61
2027-02-23 09:00:00,-90.616,9.2,1.1694,949813.73
2027-02-23 10:00:00,-84.97,0.0,1.0968,949564.87
2027-02-23 11:00:00,-79.611,40.035,0.9688,950142.18
2027-02-23 12:00:00,-65.503,169.486,0.4867,950559.19
2027-02-23 13:00:00,-51.24,298.005,0.2695,949568.82
2027-02-23 14:00:00,-37.13,398.202,0.0,950583.99
2027-02-23 15:00:00,-24.626,464.035,0.0,950495.19
2027-02-23 16:00:00,-15.487,500.062,0.0,950254.1
2027-02-23 17:00:00,-8.33,518.408,0.0,950714.07
2027-02-23 18:00:00,1.617,501.87,0.0,951276.15
2027-02-23 19:00:00,4.553,443.921,0.0,950848.5
2027-02-23 20:00:00,0.101,361.603,0.0,951304.58
2027-02-23 21:00:00,-5.694,251.253,0.0,950468.08
2027-02-23 22:00:00,-10.881,135.729,0.0,949939.07
2027-02-23 23:00:00,-19.406,1.716,0.0,949513.85
2027-02-24 00:00:00,-23.543,2.932,0.0,950451.43
2027-02-24 01:00:00,-34.664,0.795,0.0,950789.48
2027-02-24 02:00:00,-47.24,2.622,0.0,950805.54
2027-02-24 03:00:00,-52.753,2.293,0.0788,950571.8
2027-02-24 04:00:00,-69.047,0.0,0.4372,950388.26
2027-02-24 05:00:00,-73.169,1.865,0.8166,950531.8
2027-02-24 06:00:00,-81.007,3.958,0.8923,949356.41
2027-02-24 07:00:00,-85.673,5.776,1.1925,949494.38
2027-02-24 08:00:00,-90.319,2.081,1.2366,950268.75
2027-02-24 09:00:00,-90.334,0.0,1.3303,951085.2
2027-02-24 10:00:00,-87.538,0.0,1.148,951484.54
2027-02-24 11:00:00,-79.663,0.0,1.0191,951611.88
2027-02-24 12:00:00,-74.753,90.554,1.0106,951571.32
2027-02-24 13:00:00,-60.575,215.628,0.553,952044.11
2027-02-24 14:00:00,-42.563,323.275,0.1138,951308.46
2027-02-24 15:00:00,-32.324,414.651,0.0,951072.24
2027-02-24 16:00:00,-19.703,474.065,0.0,950843.19
2027-02-24 17:00:00,-16.234,501.924,0.0,951298.13
2027-02-24 18:00:00,-5.8,516.408,0.0,951376.93
2027-02-24 19:00:00,1.578,494.828,0.0,951818.21
2027-02-24 20:00:00,1.473,427.175,0.0,951650.05
2027-02-24 21:00:00,-4.164,321.271,0.0,951228.57
2027-02-24 22:00:00,-2.882,213.834,0.0,951971.99
2027-02-24 23:00:00,-10.779,78.939,0.0,951768.68
2027-02-25 00:00:00,-24.303,0.0,0.0,951488.76
2027-02-25 01:00:00,-29.551,0.0,0.0,951638.13
2027-02-25 02:00:00,-35.649,0.0,0.0,951136.23
2027-02-25 03:00:00,-47.694,0.0,0.1423,950044.49
2027-02-25 04:00:00,-63.741,1.264,0.655,949838.92
2027-02-25 05:00:00,-75.788,3.316,0.8079,949833.25
2027-02-25 06:00:00,-80.648,0.0,0.9399,950182.14
2027-02-25 07:00:00,-80.744,0.181,0.9598,950808.15
2027-02-25 08:00:00,-88.276,0.0,1.197,951181.8
2027-02-25 09:00:00,-93.781,0.0,1.4807,951554.8
2027-02-25 10:00:00,-88.14,0.0,1.2258,951303.68
2027-02-25 11:00:00,-85.044,3.246,1.0317,951861.94
2027-02-25 12:00:00,-87.86,0.67,1.2212,951518.16
2027-02-25 13:00:00,-67.82,124.223,0.6931,951948.99
2027-02-25 14:00:00,-57.271,255.842,0.3933,952725.22
2027-02-25 15:00:00,-47.552,355.939,0.1108,953553.56
2027-02-25 16:00:00,-31.619,453.113,0.0,953088.97
2027-02-25 17:00:00,-19.712,495.816,0.0,952516.53
2027-02-25 18:00:00,-13.497,523.809,0.0,952691.37
2027-02-25 19:00:00,-4.4,513.935,0.0,952728.0
2027-02-25 20:00:00,-1.098,458.975,0.0,952523.87
2027-02-25 21:00:00,2.865,389.451,0.0,953332.83
2027-02-25 22:00:00,-4.304,292.047,0.0,952903.98
2027-02-25 23:00:00,-14.734,171.401,0.0,953234.2
2027-02-26 00:00:00,-19.176,43.156,0.0,952907.64
2027-02-26 01:00:00,-29.534,0.0,0.0,952658.58
2027-02-26 02:00:00,-40.468,2.77,0.0,953069.0
2027-02-26 03:00:00,-43.26,0.0,0.0,953033.71
2027-02-26 04:00:00,-54.825,1.747,0.1411,953040.48
2027-02-26 05:00:00,-70.652,4.6,0.6753,952378.91
2027-02-26 06:00:00,-81.006,3.344,0.8459,952713.8
2027-02-26 07:00:00,-85.567,1.744,0.9044,952179.11
2027-02-26 08:00:00,-94.628,3.211,1.3506,952182.44
2027-02-26 09:00:00,-94.513,3.442,1.3514,951574.29
2027-02-26 10:00:00,-94.366,7.478,1.3359,951675.44
2027-02-26 11:00:00,-91.629,0.0,1.1373,952531.15
2027-02-26 12:00:00,-86.973,0.82,1.0666,952455.34
2027-02-26 13:00:00,-81.502,52.054,1.0067,951634.21
2027-02-26 14:00:00,-66.754,173.968,0.5767,950242.49
2027-02-26 15:00:00,-50.274,287.363,0.2761,950262.4
2027-02-26 16:00:00,-47.044,395.127,0.0627,951058.13
2027-02-26 17:00:00,-27.143,464.887,0.0,950232.59
2027-02-26 18:00:00,-21.018,503.045,0.0,950028.08
2027-02-26 19:00:00,-4.204,521.876,0.0,950014.25
2027-02-26 20:00:00,0.463,503.284,0.0,950673.8
2027-02-26 21:00:00,2.435,432.704,0.0,950443.35
2027-02-26 22:00:00,-2.281,362.232,0.0,949983.36
2027-02-26 23:00:00,-2.906,237.653,0.0,949666.09
2027-02-27 00:00:00,-9.26,125.405,0.0,948861.76
2027-02-27 01:00:00,-26.902,9.203,0.0,949887.71
2027-02-27 02:00:00,-27.799,0.0,0.0,949550.87
2027-02-27 03:00:00,-36.206,0.45,0.0,949912.74
2027-02-27 04:00:00,-53.013,3.814,0.1662,948691.1
2027-02-27 05:00:00,-57.525,0.0,0.2867,948845.77
2027-02-27 06:00:00,-69.471,0.36,0.6576,949743.99
2027-02-27 07:00:00,-74.615,0.321,0.7322,950254.5
2027-02-27 08:00:00,-86.968,9.312,1.0814,949468.82
2027-02-27 09:00:00,-90.742,0.0,1.2673,949420.12
2027-02-27 10:00:00,-92.294,0.0,1.2848,949891.38
2027-02-27 11:00:00,-101.397,0.0,1.505,951194.68
2027-02-27 12:00:00,-90.484,0.0,1.2985,951845.28
2027-02-27 13:00:00,-83.539,5.637,1.0626,952553.02
2027-02-27 14:00:00,-81.168,92.074,1.0331,952468.42
2027-02-27 15:00:00,-60.018,215.035,0.4219,952085.25
2027-02-27 16:00:00,-48.648,327.018,0.0901,952368.05
2027-02-27 17:00:00,-35.721,417.29,0.0,951698.36
2027-02-27 18:00:00,-21.612,481.101,0.0,951527.05
2027-02-27 19:00:00,-14.96,509.288,0.0,952106.76
2027-02-27 20:00:00,-5.056,513.162,0.0,952729.73
2027-02-27 21:00:00,2.29,478.288,0.0,952450.92
2027-02-27 22:00:00,0.953,410.931,0.0,952054.94
2027-02-27 23:00:00,-6.854,323.361,0.0,952485.47
2027-02-28 00:00:00,-6.036,210.834,0.0,952808.28
2027-02-28 01:00:00,-14.42,80.378,0.0,952794.32
2027-02-28 02:00:00,-20.758,0.0,0.0,952391.18
2027-02-28 03:00:00,-32.75,10.793,0.0,952751.65
2027-02-28 04:00:00,-44.409,10.602,0.0,952585.3
2027-02-28 05:00:00,-55.619,0.0,0.0763,951579.78
2027-02-28 06:00:00,-58.578,0.0,0.3308,951246.92
2027-02-28 07:00:00,-71.672,0.0,0.5768,951764.17
2027-02-28 08:00:00,-76.774,5.285,0.7861,951621.19
2027-02-28 09:00:00,-82.896,0.0,1.0827,951638.27
2027-02-28 10:00:00,-93.541,1.198,1.3213,951591.18
2027-02-28 11:00:00,-95.165,9.985,1.367,951641.57
2027-02-28 12:00:00,-91.895,0.0,1.2895,951998.07
2027-02-28 13:00:00,-85.114,3.531,1.1743,950763.97
2027-02-28 14:00:00,-84.399,7.713,1.0417,950919.03
2027-02-28 15:00:00,-67.401,132.729,0.6639,950042.39
2027-02-28 16:00:00,-54.524,262.749,0.2481,950492.76
2027-02-28 17:00:00,-46.42,358.352,0.0696,950939.79
2027-02-28 18:00:00,-33.567,451.022,0.0,950204.0
2027-02-28 19:00:00,-18.375,494.41,0.0,950842.55
2027-02-28 20:00:00,-4.036,515.864,0.0,950675.22
2027-02-28 21:00:00,-4.256,500.254,0.0,950954.96
2027-02-28 22:00:00,1.268,455.868,0.0,951055.56
2027-02-28 23:00:00,-1.426,383.421,0.0,951704.01
2027-03-01 00:00:00,-2.094,273.578,0.0,951817.98
2027-03-01 01:00:00,-10.034,166.311,0.0,951801.59
2027-03-01 02:00:00,-17.501,35.881,0.0,951206.91
2027-03-01 03:00:00,-17.919,3.95,0.0,951425.06
2027-03-01 04:00:00,-33.618,2.115,0.0,951130.57
2027-03-01 05:00:00,-48.105,0.0,0.0116,950474.17
2027-03-01 06:00:00,-52.372,0.0,0.1771,949472.86
2027-03-01 07:00:00,-61.369,0.0,0.3659,948985.34
2027-03-01 08:00:00,-71.657,7.43,0.7241,948818.41
2027-03-01 09:00:00,-82.463,0.0,0.914,949271.39
2027-03-01 10:00:00,-90.014,0.0,1.1683,948678.22
2027-03-01 11:00:00,-93.063,0.0,1.2612,948625.94
2027-03-01 12:00:00,-91.308,0.0,1.258,949193.66
2027-03-01 13:00:00,-89.786,1.535,1.3228,948864.94
2027-03-01 14:00:00,-85.873,1.015,1.2324,948440.03
2027-03-01 15:00:00,-72.839,56.35,0.7759,949011.81
2027-03-01 16:00:00,-61.199,183.463,0.4847,949293.91
2027-03-01 17:00:00,-46.708,307.036,0.2196,949455.14
2027-03-01 18:00:00,-39.907,392.412,0.0,949392.76
2027-03-01 19:00:00,-27.922,463.837,0.0,949140.36
2027-03-01 20:00:00,-15.131,500.957,0.0,948289.68
2027-03-01 21:00:00,-5.632,520.49,0.0,947837.3
2027-03-01 22:00:00,-1.116,493.766,0.0,947439.5
2027-03-01 23:00:00,1.942,440.755,0.0,947440.77
2027-03-02 00:00:00,4.058,347.888,0.0,949442.4
2027-03-02 01:00:00,-5.564,248.606,0.0,949576.12
2027-03-02 02:00:00,-9.56,125.213,0.0,949406.3
2027-03-02 03:00:00,-19.892,0.695,0.0,949155.41
2027-03-02 04:00:00,-29.184,0.0,0.0,949708.89
2027-03-02 05:00:00,-36.06,5.947,0.0,949107.96
2027-03-02 06:00:00,-50.843,10.252,0.0948,948774.2
2027-03-02 07:00:00,-62.419,0.0,0.204,948936.31
2027-03-02 08:00:00,-67.568,3.602,0.3538,949030.6
2027-03-02 09:00:00,-83.281,0.0,0.7514,948921.27
2027-03-02 10:00:00,-84.527,3.343,0.9081,948548.21
2027-03-02 11:00:00,-94.629,0.0,1.1581,948088.76
2027-03-02 12:00:00,-88.631,0.0,1.1963,948671.7
2027-03-02 13:00:00,-93.84,0.0,1.116,948824.58
2027-03-02 14:00:00,-85.541,0.0,0.9931,948221.04
2027-03-02 15:00:00,-85.064,4.194,1.0242,947707.76
2027-03-02 16:00:00,-75.879,84.973,0.6747,948019.86
2027-03-02 17:00:00,-60.301,217.586,0.3193,948512.16
2027-03-02 18:00:00,-48.374,327.761,0.0133,949270.49
2027-03-02 19:00:00,-36.326,427.837,0.0,949308.73
2027-03-02 20:00:00,-24.978,484.571,0.0,947822.83
2027-03-02 21:00:00,-15.386,507.851,0.0,947909.2
2027-03-02 22:00:00,0.761,509.532,0.0,948528.16
2027-03-02 23:00:00,-6.319,484.77,0.0,948473.69
2027-03-03 00:00:00,-3.259,414.868,0.0,948988.33
2027-03-03 01:00:00,1.86,314.464,0.0,949501.07
2027-03-03 02:00:00,-3.06,204.888,0.0,949109.41
2027-03-03 03:00:00,-16.947,78.914,0.0,948938.56
2027-03-03 04:00:00,-28.894,0.0,0.0,948554.69
2027-03-03 05:00:00,-28.443,0.0,0.0,948767.11
2027-03-03 06:00:00,-45.53,0.0,0.0,948650.33
2027-03-03 07:00:00,-54.615,6.946,0.0,948926.53
2027-03-03 08:00:00,-63.306,0.0,0.2475,948315.17
2027-03-03 09:00:00,-76.21,0.0,0.5987,947634.9
2027-03-03 10:00:00,-78.663,0.703,0.7721,947808.31
2027-03-03 11:00:00,-87.56,11.091,0.8591,947065.57
2027-03-03 12:00:00,-94.978,0.044,1.0786,947401.49
2027-03-03 13:00:00,-96.523,5.47,1.1481,946976.44
2027-03-03 14:00:00,-89.063,0.0,0.8999,947377.9
2027-03-03 15:00:00,-89.482,0.0,1.042,947357.18
2027-03-03 16:00:00,-80.417,7.903,0.6835,947577.6
2027-03-03 17:00:00,-70.302,133.878,0.4605,947117.21
2027-03-03 18:00:00,-62.77,257.731,0.0903,946764.33
2027-03-03 19:00:00,-42.068,367.47,0.0,945915.3
2027-03-03 20:00:00,-28.753,439.856,0.0,946568.4
2027-03-03 21:00:00,-14.658,496.02,0.0,947549.09
2027-03-03 22:00:00,-16.828,519.692,0.0,948475.27
2027-03-03 23:00:00,-14.163,498.826,0.0,948614.05
2027-03-04 00:00:00,0.887,462.754,0.0,949288.54
2027-03-04 01:00:00,-2.84,382.45,0.0,949837.24
2027-03-04 02:00:00,-8.355,281.407,0.0,950281.64
2027-03-04 03:00:00,-10.144,154.127,0.0,951229.38
2027-03-04 04:00:00,-20.102,33.649,0.0,951203.13
2027-03-04 05:00:00,-31.131,1.858,0.0,950541.18
2027-03-04 06:00:00,-36.534,8.727,0.0,950216.99
2027-03-04 07:00:00,-45.021,2.839,0.0,951178.87
2027-03-04 08:00:00,-56.311,5.631,0.0,951141.28
2027-03-04 09:00:00,-66.859,0.0,0.2265,950475.07
2027-03-04 10:00:00,-75.476,0.0,0.4101,950255.76
2027-03-04 11:00:00,-89.134,6.104,0.8662,950016.72
2027-03-04 12:00:00,-90.027,0.0,0.9564,950233.27
2027-03-04 13:00:00,-91.928,4.826,1.041,949744.05
2027-03-04 14:00:00,-93.389,3.667,1.0804,949263.29
2027-03-04 15:00:00,-92.852,1.374,0.8445,949954.0
2027-03-04 16:00:00,-87.252,0.0,0.8324,950292.62
2027-03-04 17:00:00,-77.801,47.529,0.7891,949948.95
2027-03-04 18:00:00,-61.316,188.961,0.4211,950454.53
2027-03-04 19:00:00,-46.425,299.225,0.0,950374.98
2027-03-04 20:00:00,-33.836,394.622,0.0,950858.95
2027-03-04 21:00:00,-30.38,462.327,0.0,951393.62
2027-03-04 22:00:00,-17.853,506.061,0.0,951602.34
2027-03-04 23:00:00,-4.858,515.508,0.0,951311.17
2027-03-05 00:00:00,2.746,492.265,0.0,951018.61
2027-03-05 01:00:00,-1.604,437.865,0.0,950806.33
2027-03-05 02:00:00,0.87,346.182,0.0,950603.56
2027-03-05 03:00:00,-7.786,236.066,0.0,950099.68
2027-03-05 04:00:00,-10.494,121.423,0.0,950088.98
2027-03-05 05:00:00,-22.281,0.0,0.0,949766.92
2027-03-05 06:00:00,-27.853,0.0,0.0,950441.44
2027-03-05 07:00:00,-41.821,0.0,0.0,950136.44
2027-03-05 08:00:00,-52.693,2.459,0.1129,949918.14
2027-03-05 09:00:00,-49.184,9.913,0.0,949930.55
2027-03-05 10:00:00,-68.624,0.0,0.5236,950376.0
2027-03-05 11:00:00,-71.486,11.371,0.4497,950772.9
2027-03-05 12:00:00,-80.806,0.0,0.808,950983.47
2027-03-05 13:00:00,-94.327,1.739,1.0749,951331.51
2027-03-05 14:00:00,-90.707,0.0,1.1224,950422.96
2027-03-05 15:00:00,-95.58,4.984,1.2051,950137.83
2027-03-05 16:00:00,-89.216,0.207,1.032,950222.01
2027-03-05 17:00:00,-88.211,0.0,1.027,950207.0
2027-03-05 18:00:00,-77.081,86.875,0.8319,949949.12
2027-03-05 19:00:00,-62.342,221.319,0.4055,949620.13
2027-03-05 20:00:00,-48.602,335.288,0.0094,950763.87
2027-03-05 21:00:00,-34.187,418.598,0.0,951313.77
2027-03-05 22:00:00,-25.226,487.257,0.0,951227.31
2027-03-05 23:00:00,-11.697,517.569,0.0,952024.97
2027-03-06 00:00:00,-1.279,506.162,0.0,951789.99
2027-03-06 01:00:00,0.823,481.919,0.0,951893.46
2027-03-06 02:00:00,1.108,408.148,0.0,951946.5
2027-03-06 03:00:00,0.35,315.817,0.0,951364.27
2027-03-06 04:00:00,-10.414,203.346,0.0,950633.75
2027-03-06 05:00:00,-11.272,77.395,0.0,950238.66
2027-03-06 06:00:00,-26.944,0.0,0.0,950513.93
2027-03-06 07:00:00,-27.402,0.0,0.0,951379.66
2027-03-06 08:00:00,-39.562,0.0,0.0,950129.5
2027-03-06 09:00:00,-50.499,8.132,0.059,950053.0
2027-03-06 10:00:00,-61.48,7.93,0.2748,948963.14
2027-03-06 11:00:00,-73.422,4.26,0.7204,949584.79
2027-03-06 12:00:00,-84.36,0.0,0.9347,949539.24
2027-03-06 13:00:00,-91.381,0.0,1.0806,949376.13
2027-03-06 14:00:00,-87.383,0.0,0.967,949411.8
2027-03-06 15:00:00,-93.017,9.713,1.2909,948721.53
2027-03-06 16:00:00,-95.22,0.0,1.2779,948742.08
2027-03-06 17:00:00,-86.41,0.0,1.0071,948604.93
2027-03-06 18:00:00,-79.912,15.697,0.8704,948443.29
2027-03-06 19:00:00,-70.167,147.32,0.575,948606.44
2027-03-06 20:00:00,-59.107,268.344,0.0865,949397.59
2027-03-06 21:00:00,-40.777,368.665,0.0,949101.08
2027-03-06 22:00:00,-27.758,449.427,0.0,948459.73
2027-03-06 23:00:00,-18.467,494.992,0.0,949305.38
2027-03-07 00:00:00,-10.612,503.704,0.0,950141.85
2027-03-07 01:00:00,-6.657,500.389,0.0,949690.24
2027-03-07 02:00:00,0.266,457.223,0.0,950414.27
2027-03-07 03:00:00,-3.271,377.988,0.0,950867.68
2027-03-07 04:00:00,-8.225,277.87,0.0,950465.44
2027-03-07 05:00:00,-7.416,156.074,0.0,950536.45
2027-03-07 06:00:00,-22.881,27.631,0.0,950120.86
2027-03-07 07:00:00,-33.829,9.191,0.0,949508.2
2027-03-07 08:00:00,-32.955,9.372,0.0,948835.63
2027-03-07 09:00:00,-53.108,0.0,0.0,949418.38
2027-03-07 10:00:00,-60.112,1.408,0.2498,949765.17
2027-03-07 11:00:00,-72.847,0.0,0.3941,949991.65
2027-03-07 12:00:00,-80.919,3.213,0.6015,949713.26
2027-03-07 13:00:00,-79.36,8.798,0.7677,950107.26
2027-03-07 14:00:00,-91.818,0.0,0.9755,949873.78
2027-03-07 15:00:00,-93.041,2.319,1.089,949538.85
2027-03-07 16:00:00,-92.102,2.695,1.1454,949372.75
2027-03-07 17:00:00,-94.178,2.638,1.1287,949303.57
2027-03-07 18:00:00,-83.377,8.214,0.8278,949696.68
2027-03-07 19:00:00,-77.882,65.146,0.7523,949763.36
2027-03-07 20:00:00,-64.911,180.739,0.3949,949191.09
2027-03-07 21:00:00,-56.088,300.454,0.0417,948649.15
2027-03-07 22:00:00,-38.947,393.497,0.0,948452.59
2027-03-07 23:00:00,-28.718,460.512,0.0,948569.69
2027-03-08 00:00:00,-14.643,505.678,0.0,948333.51
2027-03-08 01:00:00,-11.649,515.766,0.0,947707.64
2027-03-08 02:00:00,1.011,488.492,0.0,947601.5
2027-03-08 03:00:00,-1.811,426.532,0.0,947031.69
2027-03-08 04:00:00,-3.72,344.334,0.0,948213.74
2027-03-08 05:00:00,-7.785,237.712,0.0,948386.87
2027-03-08 06:00:00,-14.46,113.636,0.0,948064.0
2027-03-08 07:00:00,-25.334,1.568,0.0,948953.6
2027-03-08 08:00:00,-29.881,2.091,0.0,948619.11
2027-03-08 09:00:00,-41.421,4.898,0.0,947739.81
2027-03-08 10:00:00,-45.804,0.0,0.0,948938.29
2027-03-08 11:00:00,-63.62,0.0,0.384,949730.56
2027-03-08 12:00:00,-72.12,7.773,0.4492,949103.15
2027-03-08 13:00:00,-82.443,0.0,0.8795,949551.73
2027-03-08 14:00:00,-82.237,0.151,0.929,950199.36
2027-03-08 15:00:00,-96.497,0.0,1.4049,950471.27
2027-03-08 16:00:00,-93.521,5.665,1.1469,950585.29
2027-03-08 17:00:00,-92.683,5.859,1.4221,950623.84
2027-03-08 18:00:00,-93.823,5.566,1.2798,950790.54
2027-03-08 19:00:00,-76.82,0.133,0.8037,951481.53
2027-03-08 20:00:00,-77.223,94.489,0.7363,951942.77
2027-03-08 21:00:00,-61.466,232.143,0.4331,951830.35
2027-03-08 22:00:00,-43.056,336.083,0.0,952482.29
2027-03-08 23:00:00,-36.997,417.367,0.0,951859.66
2027-03-09 00:00:00,-23.489,487.514,0.0,950986.07
2027-03-09 01:00:00,-15.809,507.437,0.0,950643.36
2027-03-09 02:00:00,-6.952,513.949,0.0,951310.11
2027-03-09 03:00:00,1.221,478.339,0.0,951601.62
2027-03-09 04:00:00,-1.1,399.988,0.0,951707.08
2027-03-09 05:00:00,-9.286,315.037,0.0,951501.02
2027-03-09 06:00:00,-6.521,203.428,0.0,951325.09
2027-03-09 07:00:00,-14.023,87.11,0.0,951969.01
2027-03-09 08:00:00,-23.11,0.0,0.0,952022.38
2027-03-09 09:00:00,-32.977,7.163,0.0,951855.64
2027-03-09 10:00:00,-45.236,0.087,0.0,952023.6
2027-03-09 11:00:00,-54.747,0.0,0.2271,951146.41
2027-03-09 12:00:00,-59.155,0.0,0.2541,950421.17
2027-03-09 13:00:00,-74.216,0.012,0.6402,949999.61
2027-03-09 14:00:00,-79.736,0.0,0.9899,948904.25
2027-03-09 15:00:00,-91.044,1.561,1.3729,949285.11
2027-03-09 16:00:00,-92.857,4.789,1.5297,948664.05
2027-03-09 17:00:00,-96.195,1.191,1.3266,949569.09
2027-03-09 18:00:00,-87.819,0.0,1.2568,948876.11
2027-03-09 19:00:00,-92.303,0.0,1.2266,949555.12
2027-03-09 20:00:00,-80.178,13.209,1.0252,949522.29
2027-03-09 21:00:00,-68.691,142.964,0.7671,949960.15
2027-03-09 22:00:00,-56.21,266.899,0.2579,949899.05
2027-03-09 23:00:00,-51.153,365.294,0.321,950511.38
2027-03-10 00:00:00,-37.554,435.996,0.0,950665.8
2027-03-10 01:00:00,-20.012,490.661,0.0,950638.96
2027-03-10 02:00:00,-13.918,512.898,0.0,951271.32
2027-03-10 03:00:00,-6.217,503.22,0.0,952111.23
2027-03-10 04:00:00,-2.16,457.493,0.0,952209.74
2027-03-10 05:00:00,-2.897,384.166,0.0,952116.97
2027-03-10 06:00:00,-6.68,276.012,0.0,951217.77
2027-03-10 07:00:00,-9.619,161.473,0.0,950948.0
2027-03-10 08:00:00,-24.866,22.515,0.0,951082.02
2027-03-10 09:00:00,-29.342,2.149,0.0,950885.42
2027-03-10 10:00:00,-39.58,0.0,0.0,952049.63
2027-03-10 11:00:00,-47.835,0.0,0.0238,951612.86
2027-03-10 12:00:00,-51.288,15.149,0.0,951631.85
2027-03-10 13:00:00,-72.134,1.518,0.7128,952051.31
2027-03-10 14:00:00,-76.833,0.0,0.7376,952939.92
2027-03-10 15:00:00,-85.104,2.039,0.9574,952424.1
2027-03-10 16:00:00,-89.345,0.0,1.1847,952489.44
2027-03-10 17:00:00,-95.209,0.0,1.2789,953172.26
2027-03-10 18:00:00,-90.378,10.516,1.1623,953785.15
2027-03-10 19:00:00,-90.652,5.334,1.3163,952754.83
2027-03-10 20:00:00,-85.611,1.728,0.9655,952542.62
2027-03-10 21:00:00,-84.789,15.056,1.1281,952766.09
2027-03-10 22:00:00,-69.629,52.856,0.791,952540.29
2027-03-10 23:00:00,-60.817,96.001,0.3936,952634.39
2027-03-11 00:00:00,-50.266,117.995,0.1555,952447.85
2027-03-11 01:00:00,-38.671,121.7,0.0,953455.96
2027-03-11 02:00:00,-26.222,161.015,0.0,952506.33
2027-03-11 03:00:00,-16.71,152.006,0.0,952777.26
2027-03-11 04:00:00,-8.466,145.232,0.0,952268.32
2027-03-11 05:00:00,-4.282,132.107,0.0,952387.84
2027-03-11 06:00:00,-5.844,103.983,0.0,952302.88
2027-03-11 07:00:00,-8.825,73.811,0.0,951289.59
2027-03-11 08:00:00,-15.39,31.858,0.0,951278.81
2027-03-11 09:00:00,-22.888,0.0,0.0,951096.29
2027-03-11 10:00:00,-32.729,1.401,0.0,950848.26
2027-03-11 11:00:00,-41.263,7.158,0.0,950660.48
2027-03-11 12:00:00,-50.227,0.0,0.0,950248.86
2027-03-11 13:00:00,-57.133,0.0,0.2254,950121.09
2027-03-11 14:00:00,-71.958,6.105,0.5202,950317.14
2027-03-11 15:00:00,-83.036,0.0,0.8792,949366.74
2027-03-11 16:00:00,-84.848,0.0,0.9713,949383.46
2027-03-11 17:00:00,-98.245,0.0,1.2977,949486.47
2027-03-11 18:00:00,-90.604,0.0,1.2235,949688.73
2027-03-11 19:00:00,-97.254,0.0,1.2807,948609.42
2027-03-11 20:00:00,-87.41,0.0,1.1171,947800.41
2027-03-11 21:00:00,-85.327,1.152,0.9688,947471.26
2027-03-11 22:00:00,-72.726,102.245,0.7035,948296.14
2027-03-11 23:00:00,-54.635,229.874,0.2482,948465.18
2027-03-12 00:00:00,-50.716,341.755,0.2288,948595.38
2027-03-12 01:00:00,-38.339,427.11,0.0,947856.27
2027-03-12 02:00:00,-23.246,484.013,0.0,948952.87
2027-03-12 03:00:00,-9.128,507.626,0.0,949040.21
2027-03-12 04:00:00,-5.667,501.357,0.0,948614.66
2027-03-12 05:00:00,-1.483,468.093,0.0,949270.52
2027-03-12 06:00:00,-0.016,404.249,0.0,948867.9
2027-03-12 07:00:00,-6.006,312.843,0.0,948058.9
2027-03-12 08:00:00,-7.786,199.337,0.0,947850.88
2027-03-12 09:00:00,-17.267,70.446,0.0,948476.2
2027-03-12 10:00:00,-20.649,3.934,0.0,948103.53
2027-03-12 11:00:00,-31.262,6.304,0.0,948355.29
2027-03-12 12:00:00,-47.951,4.401,0.0583,948001.78
2027-03-12 13:00:00,-55.757,0.0,0.3323,948336.93
2027-03-12 14:00:00,-63.969,0.0,0.4554,948090.75
2027-03-12 15:00:00,-78.039,0.0,1.1268,948082.52
2027-03-12 16:00:00,-86.137,0.0,1.1759,948686.45
2027-03-12 17:00:00,-89.645,1.285,1.2132,948866.38
2027-03-12 18:00:00,-91.284,2.599,1.2728,949198.54
2027-03-12 19:00:00,-90.202,0.0,1.2751,948024.43
2027-03-12 20:00:00,-90.878,0.0,1.3026,948134.81
2027-03-12 21:00:00,-80.115,1.216,1.0711,948013.43
2027-03-12 22:00:00,-83.139,11.397,1.088,947665.04
2027-03-12 23:00:00,-67.002,146.099,0.7302,948620.67
2027-03-13 00:00:00,-59.139,261.12,0.27,948691.51
2027-03-13 01:00:00,-37.87,360.796,0.0,949083.58
2027-03-13 02:00:00,-26.269,442.895,0.0,949166.42
2027-03-13 03:00:00,-17.029,494.22,0.0,950132.3
2027-03-13 04:00:00,-15.796,505.856,0.0,949675.1
2027-03-13 05:00:00,-1.919,493.788,0.0,949321.06
2027-03-13 06:00:00,-2.754,450.283,0.0,949532.56
2027-03-13 07:00:00,0.767,368.16,0.0,949388.64
2027-03-13 08:00:00,-9.413,263.699,0.0,949431.56
2027-03-13 09:00:00,-10.415,146.771,0.0,949856.06
2027-03-13 10:00:00,-21.306,24.869,0.0,950269.61
2027-03-13 11:00:00,-31.331,0.0,0.0,950899.77
2027-03-13 12:00:00,-36.912,0.0,0.0,950306.82
2027-03-13 13:00:00,-48.874,8.325,0.0,950445.56
2027-03-13 14:00:00,-60.353,0.0,0.2575,950239.45
2027-03-13 15:00:00,-67.461,0.0,0.374,949560.65
2027-03-13 16:00:00,-72.56,10.662,0.7115,949214.41
2027-03-13 17:00:00,-85.298,2.041,1.0225,949256.99
2027-03-13 18:00:00,-97.171,0.0,1.4917,949270.7
2027-03-13 19:00:00,-99.279,0.0,1.4052,949386.74
2027-03-13 20:00:00,-94.609,2.147,1.2789,950005.64
2027-03-13 21:00:00,-89.708,8.479,1.3507,949462.06
2027-03-13 22:00:00,-86.897,0.0,0.9528,950167.71
2027-03-13 23:00:00,-76.884,56.138,0.8523,950415.62
2027-03-14 00:00:00,-66.724,178.646,0.5798,949234.31
2027-03-14 01:00:00,-51.167,299.677,0.2179,949336.31
2027-03-14 02:00:00,-39.439,386.426,0.0627,949199.47
2027-03-14 03:00:00,-32.231,460.015,0.0,949450.59
2027-03-14 04:00:00,-17.299,496.811,0.0,949240.26
2027-03-14 05:00:00,-15.456,513.371,0.0,948828.02
2027-03-14 06:00:00,-4.334,479.303,0.0,949185.59
2027-03-14 07:00:00,-4.217,426.566,0.0,949275.73
2027-03-14 08:00:00,-4.188,331.889,0.0,949331.47
2027-03-14 09:00:00,-7.806,233.957,0.0,949272.1
2027-03-14 10:00:00,-15.307,105.622,0.0,949376.58
2027-03-14 11:00:00,-20.528,0.0,0.0,949603.89
2027-03-14 12:00:00,-33.024,11.056,0.0,949157.71
2027-03-14 13:00:00,-42.845,4.661,0.0,949345.92
2027-03-14 14:00:00,-50.678,0.0,0.0,950699.3
2027-03-14 15:00:00,-59.332,15.995,0.2492,950613.97
2027-03-14 16:00:00,-75.905,0.0,0.667,950819.63
2027-03-14 17:00:00,-85.56,5.826,0.8539,950398.94
2027-03-14 18:00:00,-92.41,0.0,1.0212,949806.13
2027-03-14 19:00:00,-93.879,0.0,1.2717,949851.73
2027-03-14 20:00:00,-97.292,0.0,1.3131,950437.04
2027-03-14 21:00:00,-101.466,1.286,1.3178,950750.19
2027-03-14 22:00:00,-89.596,0.28,1.1836,950418.45
2027-03-14 23:00:00,-84.215,0.0,0.9336,950344.08
2027-03-15 00:00:00,-72.529,108.854,0.5413,949792.57
2027-03-15 01:00:00,-59.444,222.817,0.234,950664.1
2027-03-15 02:00:00,-49.332,334.963,0.1057,949908.63
2027-03-15 03:00:00,-35.913,423.575,0.0,948912.7
2027-03-15 04:00:00,-22.079,471.107,0.0,948993.58
2027-03-15 05:00:00,-18.272,502.929,0.0,948650.59
2027-03-15 06:00:00,-8.208,502.37,0.0,949002.59
2027-03-15 07:00:00,-2.637,468.264,0.0,948751.79
2027-03-15 08:00:00,1.53,405.204,0.0,947680.72
2027-03-15 09:00:00,-4.838,304.305,0.0,948464.78
2027-03-15 10:00:00,-10.949,191.382,0.0,947914.96
2027-03-15 11:00:00,-18.938,63.733,0.0,948912.15
2027-03-15 12:00:00,-24.809,1.65,0.0,948684.54
2027-03-15 13:00:00,-35.815,0.0,0.0,948166.72
2027-03-15 14:00:00,-50.501,0.0,0.0,948275.38
2027-03-15 15:00:00,-60.111,0.0,0.1808,947916.68
2027-03-15 16:00:00,-66.0,2.758,0.333,948010.87
2027-03-15 17:00:00,-75.701,0.0,0.5421,947504.84
2027-03-15 18:00:00,-85.322,0.0,0.883,947226.01
2027-03-15 19:00:00,-92.684,2.159,1.0965,948311.24
2027-03-15 20:00:00,-92.44,0.0,1.2887,948716.18
2027-03-15 21:00:00,-94.586,0.0,1.2738,949267.41
2027-03-15 22:00:00,-92.887,0.0,1.1545,948759.38
2027-03-15 23:00:00,-88.454,6.016,1.0148,948859.88
2027-03-16 00:00:00,-78.086,16.336,0.8613,948406.19
2027-03-16 01:00:00,-74.684,143.171,0.6837,948275.19
2027-03-16 02:00:00,-60.256,263.728,0.2794,948473.83
2027-03-16 03:00:00,-46.856,361.935,0.0,949550.04
2027-03-16 04:00:00,-29.379,440.268,0.0,949468.22
2027-03-16 05:00:00,-22.739,491.571,0.0,949587.52
2027-03-16 06:00:00,-15.439,506.067,0.0,949852.22
2027-03-16 07:00:00,-7.506,490.309,0.0,950762.01
2027-03-16 08:00:00,-3.699,439.888,0.0,950646.89
2027-03-16 09:00:00,-0.714,362.93,0.0,951171.78
2027-03-16 10:00:00,-8.439,268.963,0.0,950692.75
2027-03-16 11:00:00,-16.097,152.819,0.0,950160.35
2027-03-16 12:00:00,-25.553,17.014,0.0,950037.73
2027-03-16 13:00:00,-32.351,3.8,0.0,950156.67
2027-03-16 14:00:00,-32.494,3.82,0.0,950345.36
2027-03-16 15:00:00,-49.205,4.873,0.0,950782.08
2027-03-16 16:00:00,-59.661,1.499,0.25,950323.01
2027-03-16 17:00:00,-70.908,3.185,0.5598,950416.33
2027-03-16 18:00:00,-79.367,10.925,0.9924,951798.77
2027-03-16 19:00:00,-85.122,0.0,1.0592,952190.52
2027-03-16 20:00:00,-91.149,0.0,1.2681,951454.12
2027-03-16 21:00:00,-94.457,0.0,1.4666,951752.17
2027-03-16 22:00:00,-95.202,8.778,1.4123,952107.92
2027-03-16 23:00:00,-94.065,8.844,1.3518,952021.39
2027-03-17 00:00:00,-86.953,0.0,1.2172,952230.66
2027-03-17 01:00:00,-79.184,58.747,0.8997,952763.45
2027-03-17 02:00:00,-60.643,185.734,0.3068,953043.4
2027-03-17 03:00:00,-50.5,306.336,0.2216,953704.11
2027-03-17 04:00:00,-42.937,387.244,0.0304,954407.62
2027-03-17 05:00:00,-32.535,451.885,0.0,954311.98
2027-03-17 06:00:00,-19.359,510.774,0.0,954099.61
2027-03-17 07:00:00,-13.798,507.434,0.0,954080.07
2027-03-17 08:00:00,-6.255,481.416,0.0,953781.07
2027-03-17 09:00:00,-5.825,420.456,0.0,953941.59
2027-03-17 10:00:00,-4.938,338.941,0.0,953351.49
2027-03-17 11:00:00,-9.378,222.445,0.0,952811.25
2027-03-17 12:00:00,-15.193,104.375,0.0,953056.99
2027-03-17 13:00:00,-25.433,0.526,0.0,953423.7
2027-03-17 14:00:00,-36.333,0.0,0.0,952550.08
2027-03-17 15:00:00,-39.72,0.0,0.0,951847.69
2027-03-17 16:00:00,-52.818,0.0,0.0869,952600.66
2027-03-17 17:00:00,-66.278,0.0,0.5115,952622.52
2027-03-17 18:00:00,-76.837,0.0,0.6436,952647.73
2027-03-17 19:00:00,-87.057,0.0,0.8815,952016.29
2027-03-17 20:00:00,-94.282,0.0,1.2072,951704.15
2027-03-17 21:00:00,-91.065,0.724,1.0486,951733.33
2027-03-17 22:00:00,-92.771,0.0,1.2616,952035.97
2027-03-17 23:00:00,-96.685,0.0,1.3378,952091.17
2027-03-18 00:00:00,-87.383,0.313,1.2255,951981.87
2027-03-18 01:00:00,-83.54,0.0,0.866,951227.65
2027-03-18 02:00:00,-74.201,103.344,0.8287,951602.71
2027-03-18 03:00:00,-60.061,216.441,0.3168,951949.14
2027-03-18 04:00:00,-47.621,337.532,0.0617,951546.77
2027-03-18 05:00:00,-36.454,413.262,0.0,952264.31
2027-03-18 06:00:00,-25.542,477.963,0.0,952334.42
2027-03-18 07:00:00,-14.95,500.978,0.0,951733.35
2027-03-18 08:00:00,-12.573,497.839,0.0,951496.32
2027-03-18 09:00:00,-4.962,468.038,0.0,951510.78
2027-03-18 10:00:00,3.783,397.584,0.0,952004.79
2027-03-18 11:00:00,-5.902,307.733,0.0,952579.77
2027-03-18 12:00:00,-14.717,191.397,0.0,952461.49
2027-03-18 13:00:00,-15.225,67.147,0.0,951962.25
2027-03-18 14:00:00,-26.623,0.0,0.0,952583.66
2027-03-18 15:00:00,-35.585,0.0,0.0,952562.65
2027-03-18 16:00:00,-46.947,0.0,0.0,951708.44
2027-03-18 17:00:00,-54.23,6.118,0.0908,951662.58
2027-03-18 18:00:00,-63.066,0.0,0.2706,951697.52
2027-03-18 19:00:00,-78.372,1.324,0.5944,951189.19
2027-03-18 20:00:00,-83.003,1.129,0.9476,950711.77
2027-03-18 21:00:00,-87.407,5.788,0.9444,950586.45
2027-03-18 22:00:00,-95.22,0.0,1.3457,950219.85
2027-03-18 23:00:00,-89.897,4.139,1.1943,950212.29
2027-03-19 00:00:00,-89.757,0.0,1.1663,950414.48
2027-03-19 01:00:00,-92.384,0.0,1.3595,950095.24
2027-03-19 02:00:00,-76.774,9.75,0.9389,949711.56
2027-03-19 03:00:00,-72.975,151.945,0.696,949382.66
2027-03-19 04:00:00,-58.657,268.663,0.4564,949314.36
2027-03-19 05:00:00,-40.944,369.918,0.0,949498.47
2027-03-19 06:00:00,-27.108,438.58,0.0,949185.07
2027-03-19 07:00:00,-18.855,487.139,0.0,949504.93
2027-03-19 08:00:00,-12.19,505.701,0.0,949386.03
2027-03-19 09:00:00,-4.383,497.182,0.0,948846.21
2027-03-19 10:00:00,-1.67,450.456,0.0,948767.92
2027-03-19 11:00:00,2.156,369.446,0.0,949040.91
2027-03-19 12:00:00,-4.828,267.032,0.0,948827.08
2027-03-19 13:00:00,-10.925,154.829,0.0,948172.33
2027-03-19 14:00:00,-22.189,20.094,0.0,948956.56
2027-03-19 15:00:00,-28.417,0.0,0.0,949193.76
2027-03-19 16:00:00,-36.702,0.0,0.0,948546.7
2027-03-19 17:00:00,-50.864,0.0,0.0839,948339.55
2027-03-19 18:00:00,-64.156,0.0,0.4601,947217.3
2027-03-19 19:00:00,-66.2,0.0,0.3663,947414.11
2027-03-19 20:00:00,-81.595,5.125,1.03,947416.98
2027-03-19 21:00:00,-89.482,2.718,1.2377,947405.59
2027-03-19 22:00:00,-85.648,7.148,1.0957,946543.86
2027-03-19 23:00:00,-90.901,0.0,1.2339,946265.42
2027-03-20 00:00:00,-90.376,9.508,1.3814,946388.88
2027-03-20 01:00:00,-89.088,0.0,1.3111,947083.48
2027-03-20 02:00:00,-80.985,0.0,1.1553,947242.86
2027-03-20 03:00:00,-73.781,61.723,0.9715,947384.17
2027-03-20 04:00:00,-65.487,195.707,0.7194,948311.98
2027-03-20 05:00:00,-54.942,302.411,0.2355,949041.13
2027-03-20 06:00:00,-42.559,392.715,0.0036,948938.97
2027-03-20 07:00:00,-27.276,457.177,0.0,948412.05
2027-03-20 08:00:00,-19.594,491.686,0.0,948479.31
2027-03-20 09:00:00,-9.518,509.46,0.0,950020.82
2027-03-20 10:00:00,-2.787,480.491,0.0,950459.2
2027-03-20 11:00:00,3.934,425.198,0.0,950065.64
2027-03-20 12:00:00,-6.558,335.347,0.0,949938.77
2027-03-20 13:00:00,-7.013,213.563,0.0,950166.52
2027-03-20 14:00:00,-18.148,99.329,0.0,950326.94
2027-03-20 15:00:00,-25.394,2.324,0.0,950724.56
2027-03-20 16:00:00,-29.352,0.0,0.0,950180.57
2027-03-20 17:00:00,-44.519,0.0,0.0,950716.34
2027-03-20 18:00:00,-53.249,0.0,0.0032,949847.64
2027-03-20 19:00:00,-62.637,4.738,0.4664,948951.68
2027-03-20 20:00:00,-71.042,2.281,0.72,948639.48
2027-03-20 21:00:00,-83.549,2.506,0.8882,948643.16
2027-03-20 22:00:00,-85.053,0.0,0.9833,948558.84
2027-03-20 23:00:00,-94.482,0.881,1.2498,948396.08
2027-03-21 00:00:00,-94.284,0.0,1.2943,948807.62
2027-03-21 01:00:00,-95.382,0.0,1.3376,948194.12
2027-03-21 02:00:00,-89.417,0.0,1.3344,947882.07
2027-03-21 03:00:00,-79.763,0.0,0.9248,947915.05
2027-03-21 04:00:00,-76.605,106.284,0.8677,947549.8
2027-03-21 05:00:00,-63.08,240.679,0.6595,947469.6
2027-03-21 06:00:00,-51.67,325.922,0.2694,947328.42
2027-03-21 07:00:00,-39.114,413.195,0.0,947266.68
2027-03-21 08:00:00,-28.017,477.896,0.0,947743.81
2027-03-21 09:00:00,-15.832,512.266,0.0,947244.93
2027-03-21 10:00:00,-10.602,498.529,0.0,947617.23
2027-03-21 11:00:00,-6.299,463.006,0.0,948000.8
2027-03-21 12:00:00,-12.611,390.12,0.0,948014.8
2027-03-21 13:00:00,-1.951,296.275,0.0,947377.67
2027-03-21 14:00:00,-6.824,186.975,0.0,948053.02
2027-03-21 15:00:00,-18.036,58.972,0.0,947869.3
2027-03-21 16:00:00,-30.967,3.621,0.0,947548.81
2027-03-21 17:00:00,-41.473,0.0,0.0,947602.92
2027-03-21 18:00:00,-51.497,4.45,0.2876,947922.23
2027-03-21 19:00:00,-55.538,0.197,0.3128,947758.99
2027-03-21 20:00:00,-64.554,0.0,0.6055,947615.36
2027-03-21 21:00:00,-76.951,0.0,0.9003,948019.55
2027-03-21 22:00:00,-83.366,0.0,1.1802,948021.18
2027-03-21 23:00:00,-90.36,5.993,1.2745,948618.18
2027-03-22 00:00:00,-98.09,0.0,1.6347,949385.27
2027-03-22 01:00:00,-94.144,1.392,1.6305,949579.22
2027-03-22 02:00:00,-92.272,0.0,1.4196,949853.33
2027-03-22 03:00:00,-93.817,0.0,1.6318,951291.75
2027-03-22 04:00:00,-80.725,16.914,1.1857,950876.52
2027-03-22 05:00:00,-72.054,150.552,0.8715,950989.66
2027-03-22 06:00:00,-60.101,268.482,0.6011,951061.78
2027-03-22 07:00:00,-45.24,367.582,0.2541,952471.42
2027-03-22 08:00:00,-31.969,437.171,0.0,952254.45
2027-03-22 09:00:00,-18.912,487.163,0.0,952554.97
2027-03-22 10:00:00,-14.819,507.174,0.0,952178.43
2027-03-22 11:00:00,-4.143,486.471,0.0,953437.64
2027-03-22 12:00:00,-6.272,437.654,0.0,952810.96
2027-03-22 13:00:00,-2.167,371.825,0.0,952567.95
2027-03-22 14:00:00,-5.54,257.383,0.0,952573.63
2027-03-22 15:00:00,-8.367,150.455,0.0,953721.17
2027-03-22 16:00:00,-20.302,12.84,0.0,953872.03
2027-03-22 17:00:00,-29.806,3.274,0.0,953503.77
2027-03-22 18:00:00,-34.571,3.541,0.0,953439.61
2027-03-22 19:00:00,-50.748,0.0,0.1286,954496.56
2027-03-22 20:00:00,-61.206,0.0,0.4315,954112.42
2027-03-22 21:00:00,-76.113,0.0,0.9445,954123.17
2027-03-22 22:00:00,-80.281,0.0,0.9296,954367.64
2027-03-22 23:00:00,-89.884,2.631,1.1735,954519.01
2027-03-23 00:00:00,-93.687,0.0,1.3627,955161.85
2027-03-23 01:00:00,-95.114,0.485,1.4165,954787.35
2027-03-23 02:00:00,-98.953,0.0,1.556,953964.56
2027-03-23 03:00:00,-96.038,0.0,1.4912,953264.63
2027-03-23 04:00:00,-92.698,0.0,1.439,953297.34
2027-03-23 05:00:00,-80.24,66.869,1.0614,952636.54
2027-03-23 06:00:00,-69.319,188.479,0.8954,953617.86
2027-03-23 07:00:00,-47.165,296.415,0.283,953177.64
2027-03-23 08:00:00,-36.45,390.922,0.0,953330.89
2027-03-23 09:00:00,-25.098,455.932,0.0,953204.3
2027-03-23 10:00:00,-22.464,490.674,0.0,953175.79
2027-03-23 11:00:00,-10.891,507.189,0.0,952400.52
2027-03-23 12:00:00,-8.77,472.108,0.0,952369.74
2027-03-23 13:00:00,1.952,404.434,0.0,952233.04
2027-03-23 14:00:00,-1.913,327.047,0.0,952592.54
2027-03-23 15:00:00,-11.619,228.145,0.0,952216.64
2027-03-23 16:00:00,-15.523,98.747,0.0,951590.15
2027-03-23 17:00:00,-30.007,7.489,0.0,950755.07
2027-03-23 18:00:00,-35.241,0.0,0.0,950888.96
2027-03-23 19:00:00,-45.82,2.517,0.0,950966.53
2027-03-23 20:00:00,-53.771,5.183,0.2045,950966.53
2027-03-23 21:00:00,-62.68,2.251,0.4561,949726.54
2027-03-23 22:00:00,-75.265,0.0,0.9112,949487.85
2027-03-23 23:00:00,-84.097,0.0,1.0941,949643.45
2027-03-24 00:00:00,-99.493,5.85,1.52,949777.63
2027-03-24 01:00:00,-89.594,0.0,1.1526,950320.31
2027-03-24 02:00:00,-97.646,4.878,1.4917,950344.62
2027-03-24 03:00:00,-94.837,0.0,1.493,950430.17
2027-03-24 04:00:00,-84.652,0.707,1.2433,951024.85
2027-03-24 05:00:00,-88.664,0.0,1.0047,951676.5
2027-03-24 06:00:00,-74.11,107.094,0.8083,951655.89
2027-03-24 07:00:00,-59.77,226.012,0.3039,952174.05
2027-03-24 08:00:00,-44.74,336.883,0.0234,951487.32
2027-03-24 09:00:00,-34.704,419.899,0.0,951702.23
2027-03-24 10:00:00,-19.614,478.335,0.0,951862.09
2027-03-24 11:00:00,-14.052,499.417,0.0,951346.79
2027-03-24 12:00:00,-3.836,490.659,0.0,952133.86
2027-03-24 13:00:00,-0.008,457.684,0.0,952758.99
2027-03-24 14:00:00,-1.125,383.595,0.0,952668.33
2027-03-24 15:00:00,-2.247,301.013,0.0,951330.57
2027-03-24 16:00:00,-11.837,182.847,0.0,951576.34
2027-03-24 17:00:00,-18.484,57.756,0.0,950790.3
2027-03-24 18:00:00,-30.68,2.311,0.0,950434.76
2027-03-24 19:00:00,-36.847,0.0,0.0,951120.86
2027-03-24 20:00:00,-42.293,0.0,0.0,950925.98
2027-03-24 21:00:00,-55.106,0.0,0.2012,950692.64
2027-03-24 22:00:00,-66.177,5.289,0.4794,950354.46
2027-03-24 23:00:00,-81.837,0.419,0.9165,950142.4
2027-03-25 00:00:00,-84.896,0.0,0.8971,950727.97
2027-03-25 01:00:00,-91.416,1.761,1.2652,950995.37
2027-03-25 02:00:00,-93.725,0.0,1.3079,950154.14
2027-03-25 03:00:00,-92.568,0.0,1.3128,949212.53
2027-03-25 04:00:00,-95.645,0.0,1.346,949531.02
2027-03-25 05:00:00,-90.713,5.0,1.2735,949856.7
2027-03-25 06:00:00,-79.982,16.54,0.9207,949546.2
2027-03-25 07:00:00,-72.568,147.9,0.6409,949827.24
2027-03-25 08:00:00,-57.249,268.576,0.2359,949238.86
2027-03-25 09:00:00,-50.244,374.442,0.0,948820.69
2027-03-25 10:00:00,-33.4,444.218,0.0,948782.3
2027-03-25 11:00:00,-17.421,483.608,0.0,949194.61
2027-03-25 12:00:00,-10.941,510.371,0.0,949458.26
2027-03-25 13:00:00,-2.946,478.373,0.0,949532.83
2027-03-25 14:00:00,0.145,437.577,0.0,949317.69
2027-03-25 15:00:00,0.96,361.628,0.0,950167.9
2027-03-25 16:00:00,-7.585,254.538,0.0,950555.28
2027-03-25 17:00:00,-10.342,145.475,0.0,950440.72
2027-03-25 18:00:00,-16.537,13.305,0.0,950868.87
2027-03-25 19:00:00,-31.542,3.476,0.0,950372.22
2027-03-25 20:00:00,-44.72,0.0,0.0,950245.96
2027-03-25 21:00:00,-52.98,1.675,0.0,949702.99
2027-03-25 22:00:00,-60.298,0.0,0.025,948773.94
2027-03-25 23:00:00,-76.604,5.749,0.4495,949209.77
2027-03-26 00:00:00,-83.127,0.0,0.8133,950185.27
2027-03-26 01:00:00,-89.003,6.246,0.9007,949678.13
2027-03-26 02:00:00,-92.5,2.538,1.1063,948759.01
2027-03-26 03:00:00,-90.525,0.0,0.9839,949049.33
2027-03-26 04:00:00,-93.471,3.938,1.0315,949387.59
2027-03-26 05:00:00,-96.592,3.97,1.2486,948203.61
2027-03-26 06:00:00,-76.749,2.36,0.5588,948266.11
2027-03-26 07:00:00,-79.187,58.217,0.7575,948335.14
2027-03-26 08:00:00,-72.266,187.89,0.6116,948451.38
2027-03-26 09:00:00,-57.15,310.389,0.0,948710.88
2027-03-26 10:00:00,-43.691,388.249,0.0,948778.14
2027-03-26 11:00:00,-31.952,464.52,0.0,948399.78
2027-03-26 12:00:00,-16.246,499.505,0.0,947785.67
2027-03-26 13:00:00,-18.08,496.182,0.0,948248.92
2027-03-26 14:00:00,-2.11,461.4,0.0,948470.82
2027-03-26 15:00:00,0.08,409.665,0.0,948175.06
2027-03-26 16:00:00,-5.021,337.403,0.0,947436.49
2027-03-26 17:00:00,-6.144,216.094,0.0,947576.24
2027-03-26 18:00:00,-19.353,95.615,0.0,947607.72
2027-03-26 19:00:00,-28.311,0.0,0.0,947817.37
2027-03-26 20:00:00,-32.896,6.074,0.0,948461.45
2027-03-26 21:00:00,-45.26,0.0,0.0,948198.14
2027-03-26 22:00:00,-57.1,0.0,0.0576,947597.53
2027-03-26 23:00:00,-66.44,7.067,0.3488,947941.5
2027-03-27 00:00:00,-72.001,2.897,0.4148,947791.93
2027-03-27 01:00:00,-80.545,0.0,0.7117,947192.9
2027-03-27 02:00:00,-90.009,0.0,0.9279,947592.02
2027-03-27 03:00:00,-95.981,5.791,1.2871,948203.04
2027-03-27 04:00:00,-95.142,0.084,1.22,948396.69
2027-03-27 05:00:00,-98.706,0.0,1.3817,948209.18
2027-03-27 06:00:00,-88.45,0.0,1.043,948691.83
2027-03-27 07:00:00,-83.284,0.0,1.1235,948745.43
2027-03-27 08:00:00,-69.587,106.171,0.6681,948068.9
2027-03-27 09:00:00,-65.523,221.752,0.6532,948182.43
2027-03-27 10:00:00,-52.499,331.109,0.157,948438.7
2027-03-27 11:00:00,-35.48,414.893,0.0,948869.23
2027-03-27 12:00:00,-26.456,472.963,0.0,948458.19
2027-03-27 13:00:00,-12.725,508.837,0.0,949748.79
2027-03-27 14:00:00,-5.01,491.825,0.0,950096.37
2027-03-27 15:00:00,0.732,453.266,0.0,950295.93
2027-03-27 16:00:00,-3.617,388.278,0.0,950694.03
2027-03-27 17:00:00,-3.624,291.273,0.0,950556.2
2027-03-27 18:00:00,-13.232,182.314,0.0,949945.09
2027-03-27 19:00:00,-19.419,57.937,0.0,950195.99
2027-03-27 20:00:00,-28.735,0.613,0.0,949681.46
2027-03-27 21:00:00,-38.2,13.832,0.0,950220.94
2027-03-27 22:00:00,-42.65,4.556,0.0,950538.54
2027-03-27 23:00:00,-63.355,0.0,0.5256,950142.94
2027-03-28 00:00:00,-69.885,1.851,0.7794,950137.34
2027-03-28 01:00:00,-79.718,0.0,0.9254,949825.89
2027-03-28 02:00:00,-85.966,2.231,1.1242,950181.36
2027-03-28 03:00:00,-97.356,0.0,1.3631,950930.8
2027-03-28 04:00:00,-97.869,0.0,1.4056,951034.63
2027-03-28 05:00:00,-99.468,1.72,1.5943,950504.91
2027-03-28 06:00:00,-102.329,4.988,1.5705,950001.59
2027-03-28 07:00:00,-88.077,2.513,1.2676,950458.06
2027-03-28 08:00:00,-88.182,33.215,1.1761,951158.07
2027-03-28 09:00:00,-76.311,155.99,0.8989,950346.81
2027-03-28 10:00:00,-55.57,270.198,0.463,950641.23
2027-03-28 11:00:00,-46.922,364.631,0.2333,950388.46
2027-03-28 12:00:00,-34.377,445.314,0.0,950280.65
2027-03-28 13:00:00,-23.225,491.976,0.0,950963.55
2027-03-28 14:00:00,-10.587,500.699,0.0,951315.74
2027-03-28 15:00:00,-8.371,482.243,0.0,951605.92
2027-03-28 16:00:00,-1.78,441.425,0.0,951465.29
2027-03-28 17:00:00,-7.395,356.022,0.0,951436.14
2027-03-28 18:00:00,-6.654,256.171,0.0,951285.63
2027-03-28 19:00:00,-11.335,141.376,0.0,950693.26
2027-03-28 20:00:00,-18.588,12.666,0.0,950538.87
2027-03-28 21:00:00,-35.786,0.0,0.0,949847.01
2027-03-28 22:00:00,-41.622,1.89,0.0,949037.31
2027-03-28 23:00:00,-46.811,0.0,0.0,948795.92
2027-03-29 00:00:00,-58.845,9.211,0.3411,948691.99
2027-03-29 01:00:00,-72.579,3.942,0.6243,948063.0
2027-03-29 02:00:00,-81.191,0.0,0.8985,948093.66
2027-03-29 03:00:00,-88.377,3.645,1.0423,948446.82
2027-03-29 04:00:00,-95.619,1.539,1.3009,948594.24
2027-03-29 05:00:00,-95.485,6.547,1.2111,948877.71
2027-03-29 06:00:00,-96.375,0.0,1.4363,949216.9
2027-03-29 07:00:00,-98.041,0.943,1.4127,949448.17
2027-03-29 08:00:00,-91.093,0.0,1.2048,949364.42
2027-03-29 09:00:00,-81.058,72.38,0.9328,949075.63
2027-03-29 10:00:00,-67.887,190.201,0.6314,949311.5
2027-03-29 11:00:00,-53.405,307.468,0.3085,949138.99
2027-03-29 12:00:00,-40.287,396.964,0.0,949604.57
2027-03-29 13:00:00,-30.284,466.082,0.0,950425.06
2027-03-29 14:00:00,-14.101,494.703,0.0,951050.65
2027-03-29 15:00:00,-10.49,495.843,0.0,950830.17
2027-03-29 16:00:00,-1.536,472.849,0.0,950672.15
2027-03-29 17:00:00,0.335,405.659,0.0,950283.18
2027-03-29 18:00:00,-8.582,329.338,0.0,950279.07
2027-03-29 19:00:00,-11.271,222.704,0.0,950683.08
2027-03-29 20:00:00,-18.708,102.933,0.0,950250.17
2027-03-29 21:00:00,-26.073,1.883,0.0,950605.7
2027-03-29 22:00:00,-33.693,0.0,0.0,950474.39
2027-03-29 23:00:00,-45.79,0.546,0.0,950606.63
2027-03-30 00:00:00,-58.619,1.9,0.0818,949609.24
2027-03-30 01:00:00,-62.865,0.0,0.2545,949698.1
2027-03-30 02:00:00,-78.814,6.666,0.6929,950061.7
2027-03-30 03:00:00,-83.83,2.9,0.9566,950265.64
2027-03-30 04:00:00,-93.222,0.0,1.0467,949985.29
2027-03-30 05:00:00,-96.967,9.414,1.3157,949922.4
2027-03-30 06:00:00,-96.717,0.487,1.109,950315.17
2027-03-30 07:00:00,-92.573,0.0,1.0461,950116.62
2027-03-30 08:00:00,-92.542,0.0,1.0823,950209.56
2027-03-30 09:00:00,-88.644,7.439,1.1228,950607.28
2027-03-30 10:00:00,-71.913,123.722,0.5699,951499.02
2027-03-30 11:00:00,-62.193,238.634,0.307,950888.51
2027-03-30 12:00:00,-50.048,344.08,0.2328,950357.03
2027-03-30 13:00:00,-34.463,425.664,0.0,950845.22
2027-03-30 14:00:00,-24.539,477.364,0.0,951338.34
2027-03-30 15:00:00,-8.77,500.577,0.0,951765.3
2027-03-30 16:00:00,-8.772,493.766,0.0,951983.21
2027-03-30 17:00:00,-0.968,455.175,0.0,950793.36
2027-03-30 18:00:00,-2.242,379.067,0.0,949880.44
2027-03-30 19:00:00,-4.658,293.006,0.0,950056.02
2027-03-30 20:00:00,-12.705,184.536,0.0,949542.48
2027-03-30 21:00:00,-21.484,52.674,0.0,950300.82
2027-03-30 22:00:00,-27.905,0.0,0.0,950154.88
2027-03-30 23:00:00,-41.369,2.383,0.0,949995.22
2027-03-31 00:00:00,-50.811,0.0,0.0,949526.72
2027-03-31 01:00:00,-59.959,0.0,0.2025,948766.96
2027-03-31 02:00:00,-66.384,5.739,0.4089,948794.82
2027-03-31 03:00:00,-79.456,0.0,0.8906,948403.83
2027-03-31 04:00:00,-87.371,0.092,0.9573,948261.58
2027-03-31 05:00:00,-96.716,0.0,1.4297,947518.25
2027-03-31 06:00:00,-91.71,6.384,1.0373,947292.81
2027-03-31 07:00:00,-94.401,4.266,1.3654,946865.89
2027-03-31 08:00:00,-91.973,0.0,1.2069,947796.96
2027-03-31 09:00:00,-95.641,0.0,1.3526,947554.11
2027-03-31 10:00:00,-82.551,29.773,1.0601,948118.47
2027-03-31 11:00:00,-74.993,159.007,0.6611,948713.76
2027-03-31 12:00:00,-56.839,271.655,0.3311,948588.45
2027-03-31 13:00:00,-45.357,368.324,0.0,948251.25
2027-03-31 14:00:00,-32.655,442.149,0.0,948460.26
2027-03-31 15:00:00,-25.694,489.71,0.0,948461.57
2027-03-31 16:00:00,-18.32,499.154,0.0,946974.63
2027-03-31 17:00:00,-11.056,482.816,0.0,947377.91
2027-03-31 18:00:00,-4.792,425.808,0.0,947376.17
2027-03-31 19:00:00,-6.455,365.88,0.0,947643.81
2027-03-31 20:00:00,-9.605,251.267,0.0,946710.57
2027-03-31 21:00:00,-19.797,136.972,0.0,946575.37
2027-03-31 22:00:00,-26.268,13.287,0.0,945965.63
2027-03-31 23:00:00,-30.162,0.0,0.0,947515.52
2027-04-01 00:00:00,-43.046,0.039,0.0,947543.38
2027-04-01 01:00:00,-53.377,0.0,0.0623,947073.75
2027-04-01 02:00:00,-63.554,0.0,0.5022,946868.8
2027-04-01 03:00:00,-76.164,2.193,0.9072,945366.29
2027-04-01 04:00:00,-79.22,0.0,0.8948,946332.41
2027-04-01 05:00:00,-90.47,8.764,1.2896,946978.65
2027-04-01 06:00:00,-96.81,3.965,1.4217,947469.29
2027-04-01 07:00:00,-96.908,3.196,1.5717,947251.06
2027-04-01 08:00:00,-96.369,0.0,1.4452,946925.0
2027-04-01 09:00:00,-99.668,0.0,1.5472,947260.43
2027-04-01 10:00:00,-90.428,6.947,1.3113,947703.39
2027-04-01 11:00:00,-74.552,95.245,0.876,947774.79
2027-04-01 12:00:00,-64.412,202.43,0.6439,948263.63
2027-04-01 13:00:00,-56.821,310.915,0.465,949047.95
2027-04-01 14:00:00,-41.158,397.879,0.0141,948775.18
2027-04-01 15:00:00,-32.172,455.012,0.0,948138.56
2027-04-01 16:00:00,-19.753,498.564,0.0,947575.58
2027-04-01 17:00:00,-14.942,490.547,0.0,947991.79
2027-04-01 18:00:00,-10.264,460.436,0.0,948490.59
2027-04-01 19:00:00,-9.444,400.439,0.0,949295.5
2027-04-01 20:00:00,-3.763,325.742,0.0,949085.06
2027-04-01 21:00:00,-14.936,213.923,0.0,949425.64
2027-04-01 22:00:00,-17.93,94.239,0.0,949447.71
2027-04-01 23:00:00,-32.202,0.0,0.0,948165.52
2027-04-02 00:00:00,-41.15,0.0,0.0,948343.27
2027-04-02 01:00:00,-48.456,0.0,0.0,947972.0
2027-04-02 02:00:00,-64.132,0.0,0.4835,948279.46
2027-04-02 03:00:00,-68.872,0.0,0.4641,947806.25
2027-04-02 04:00:00,-80.969,0.0,0.9766,947279.05
2027-04-02 05:00:00,-90.84,0.0,1.2638,947157.53
2027-04-02 06:00:00,-98.108,2.888,1.4576,946824.2
2027-04-02 07:00:00,-94.741,3.305,1.3027,947227.32
2027-04-02 08:00:00,-102.441,0.0,1.4709,948272.26
2027-04-02 09:00:00,-101.409,0.0,1.4946,947650.23
2027-04-02 10:00:00,-94.622,9.28,1.216,948452.77
2027-04-02 11:00:00,-93.156,0.0,1.3852,948779.97
2027-04-02 12:00:00,-76.025,118.955,0.7727,948369.78
2027-04-02 13:00:00,-67.013,235.729,0.52,948082.17
2027-04-02 14:00:00,-57.655,343.85,0.1597,948593.4
2027-04-02 15:00:00,-41.71,421.189,0.0,948802.7
2027-04-02 16:00:00,-31.848,471.775,0.0,949498.91
2027-04-02 17:00:00,-19.395,497.88,0.0,949148.24
2027-04-02 18:00:00,-14.753,489.44,0.0,949658.6
2027-04-02 19:00:00,-11.295,448.487,0.0,949846.1
2027-04-02 20:00:00,-7.668,373.278,0.0,949461.55
2027-04-02 21:00:00,-9.931,292.495,0.0,949404.98
2027-04-02 22:00:00,-11.529,179.542,0.0,948078.16
2027-04-02 23:00:00,-20.622,45.679,0.0,948162.37
2027-04-03 00:00:00,-32.839,0.0,0.0,947921.79
2027-04-03 01:00:00,-40.586,0.0,0.0,947338.29
2027-04-03 02:00:00,-56.816,0.0,0.2659,947696.04
2027-04-03 03:00:00,-61.167,0.0,0.4868,947599.52
2027-04-03 04:00:00,-72.615,0.0,0.6895,947032.29
2027-04-03 05:00:00,-80.523,0.0,0.735,947001.25
2027-04-03 06:00:00,-92.639,0.0,1.2266,947685.23
2027-04-03 07:00:00,-98.076,0.885,1.327,947908.63
2027-04-03 08:00:00,-100.852,5.814,1.4205,947321.75
2027-04-03 09:00:00,-96.437,4.211,1.4499,947184.02
2027-04-03 10:00:00,-97.99,0.0,1.4257,947004.58
2027-04-03 11:00:00,-98.507,0.0,1.4891,945893.91
2027-04-03 12:00:00,-84.262,37.635,1.1306,945412.43
2027-04-03 13:00:00,-75.221,158.925,0.7855,946133.91
2027-04-03 14:00:00,-58.154,274.227,0.356,945968.51
2027-04-03 15:00:00,-46.244,378.119,0.0546,946250.01
2027-04-03 16:00:00,-32.11,436.851,0.0,946872.19
2027-04-03 17:00:00,-22.386,470.658,0.0,946516.38
2027-04-03 18:00:00,-12.838,492.502,0.0,947300.33
2027-04-03 19:00:00,-5.106,480.795,0.0,947301.57
2027-04-03 20:00:00,-3.197,428.21,0.0,947796.84
2027-04-03 21:00:00,-8.023,344.072,0.0,947780.99
2027-04-03 22:00:00,-13.14,242.524,0.0,948562.72
2027-04-03 23:00:00,-18.795,131.213,0.0,948430.18
2027-04-04 00:00:00,-23.854,1.542,0.0,948430.68
2027-04-04 01:00:00,-41.242,2.603,0.0,949023.71
2027-04-04 02:00:00,-43.615,0.0,0.0,950116.29
2027-04-04 03:00:00,-54.829,0.0,0.1057,951243.73
2027-04-04 04:00:00,-60.976,0.0,0.4345,951193.81
2027-04-04 05:00:00,-75.38,1.316,0.6125,951203.21
2027-04-04 06:00:00,-85.062,0.213,1.1842,950881.43
2027-04-04 07:00:00,-87.745,1.01,1.0862,950625.92
2027-04-04 08:00:00,-97.256,0.901,1.2533,950228.15
2027-04-04 09:00:00,-100.661,0.0,1.4746,949544.86
2027-04-04 10:00:00,-100.692,0.0,1.3042,949352.66
2027-04-04 11:00:00,-96.045,0.0,1.2285,949393.84
2027-04-04 12:00:00,-92.902,0.0,1.3257,949091.04
2027-04-04 13:00:00,-83.864,87.208,0.9885,949686.29
2027-04-04 14:00:00,-66.992,191.551,0.5802,949901.44
2027-04-04 15:00:00,-58.209,304.8,0.424,949546.6
2027-04-04 16:00:00,-46.344,396.162,0.0622,949329.53
2027-04-04 17:00:00,-36.087,457.375,0.0,948497.38
2027-04-04 18:00:00,-22.141,497.847,0.0,948669.24
2027-04-04 19:00:00,-16.5,492.721,0.0,948780.8
2027-04-04 20:00:00,-10.955,462.962,0.0,949496.69
2027-04-04 21:00:00,-9.506,408.114,0.0,949602.16
2027-04-04 22:00:00,-7.844,326.917,0.0,949143.62
2027-04-04 23:00:00,-16.87,218.207,0.0,949963.17
2027-04-05 00:00:00,-19.17,90.166,0.0,950064.95
2027-04-05 01:00:00,-31.336,0.0,0.0,950145.82
2027-04-05 02:00:00,-36.141,0.234,0.0,950501.11
2027-04-05 03:00:00,-46.936,0.735,0.0,950225.81
2027-04-05 04:00:00,-58.573,0.0,0.246,951206.25
2027-04-05 05:00:00,-66.716,4.683,0.4023,951144.45
2027-04-05 06:00:00,-74.515,1.033,0.5943,951158.45
2027-04-05 07:00:00,-84.234,0.0,0.9647,951174.85
2027-04-05 08:00:00,-97.825,0.0,1.2274,950761.66
2027-04-05 09:00:00,-99.676,0.311,1.3121,950520.87
2027-04-05 10:00:00,-101.448,0.0,1.3836,950930.08
2027-04-05 11:00:00,-97.087,0.0,1.2735,951542.19
2027-04-05 12:00:00,-97.334,0.0,1.2253,951579.88
2027-04-05 13:00:00,-90.96,1.435,1.0961,952144.73
2027-04-05 14:00:00,-80.124,128.444,0.8324,952277.57
2027-04-05 15:00:00,-64.582,239.69,0.3839,952539.95
2027-04-05 16:00:00,-50.685,346.558,0.0,952456.89
2027-04-05 17:00:00,-43.727,423.11,0.0,952218.46
2027-04-05 18:00:00,-29.779,478.96,0.0,952029.75
2027-04-05 19:00:00,-23.874,505.504,0.0,951977.87
2027-04-05 20:00:00,-18.357,483.402,0.0,951698.43
2027-04-05 21:00:00,-6.249,442.471,0.0,952353.68
2027-04-05 22:00:00,-5.857,380.372,0.0,952248.77
2027-04-05 23:00:00,-8.804,283.242,0.0,952198.99
2027-04-06 00:00:00,-10.454,172.313,0.0,951509.29
2027-04-06 01:00:00,-29.314,46.873,0.0,951473.11
2027-04-06 02:00:00,-39.643,0.0,0.0,951780.5
2027-04-06 03:00:00,-45.195,8.104,0.0,951225.3
2027-04-06 04:00:00,-59.028,0.0,0.2008,951314.9
2027-04-06 05:00:00,-65.029,3.432,0.2282,950506.19
2027-04-06 06:00:00,-71.854,2.621,0.4817,950854.82
2027-04-06 07:00:00,-82.215,0.0,0.8771,950218.95
2027-04-06 08:00:00,-87.952,0.0,1.0076,949724.67
2027-04-06 09:00:00,-95.391,0.0,1.2429,950470.92
2027-04-06 10:00:00,-100.935,2.823,1.3032,950332.05
2027-04-06 11:00:00,-102.232,0.0,1.2722,950727.81
2027-04-06 12:00:00,-97.256,0.0,1.4466,950983.34
2027-04-06 13:00:00,-98.964,0.0,1.414,950878.09
2027-04-06 14:00:00,-95.607,48.224,1.2159,950684.92
2027-04-06 15:00:00,-73.574,160.59,0.684,950926.1
2027-04-06 16:00:00,-61.341,276.012,0.2476,950112.59
2027-04-06 17:00:00,-44.233,366.428,0.0,949693.16
2027-04-06 18:00:00,-34.611,437.641,0.0,949684.39
2027-04-06 19:00:00,-24.629,493.767,0.0,948793.23
2027-04-06 20:00:00,-17.77,486.652,0.0,949379.15
2027-04-06 21:00:00,-13.267,477.618,0.0,949762.5
2027-04-06 22:00:00,-8.723,419.41,0.0,950061.59
2027-04-06 23:00:00,-4.921,345.218,0.0,950291.41
2027-04-07 00:00:00,-9.631,243.413,0.0,950196.06
2027-04-07 01:00:00,-14.158,125.119,0.0,949953.0
2027-04-07 02:00:00,-26.01,5.283,0.0,950124.66
2027-04-07 03:00:00,-37.608,0.0,0.0,949985.64
2027-04-07 04:00:00,-40.748,0.0,0.0,950048.61
2027-04-07 05:00:00,-51.149,0.0,0.0,950012.12
2027-04-07 06:00:00,-64.713,0.0,0.2294,950367.26
2027-04-07 07:00:00,-73.355,7.566,0.4615,950657.19
2027-04-07 08:00:00,-81.699,0.0,0.6177,951074.68
2027-04-07 09:00:00,-91.778,0.0,0.8419,951187.97
2027-04-07 10:00:00,-95.821,0.0,1.1895,951015.55
2027-04-07 11:00:00,-99.677,0.0,1.0318,950614.41
2027-04-07 12:00:00,-96.469,6.541,1.0786,950816.09
2027-04-07 13:00:00,-89.454,12.365,1.0624,949591.86
2027-04-07 14:00:00,-84.41,3.728,0.8501,949574.07
2027-04-07 15:00:00,-75.982,84.709,0.6736,950015.87
2027-04-07 16:00:00,-62.484,208.724,0.3524,949519.76
2027-04-07 17:00:00,-53.851,309.328,0.1908,949246.47
2027-04-07 18:00:00,-43.922,403.975,0.0,949947.9
2027-04-07 19:00:00,-29.606,462.543,0.0,950031.28
2027-04-07 20:00:00,-19.068,492.144,0.0,950063.27
2027-04-07 21:00:00,-8.759,494.286,0.0,950486.95
2027-04-07 22:00:00,-4.897,452.735,0.0,950661.37
2027-04-07 23:00:00,-0.789,402.793,0.0,950717.36
2027-04-08 00:00:00,-12.002,307.196,0.0,950254.81
2027-04-08 01:00:00,-12.998,200.043,0.0,949628.27
2027-04-08 02:00:00,-18.434,88.955,0.0,949447.74
2027-04-08 03:00:00,-25.814,0.0,0.0,949920.73
2027-04-08 04:00:00,-29.39,0.0,0.0,949972.7
2027-04-08 05:00:00,-48.329,0.692,0.0494,950779.69
2027-04-08 06:00:00,-57.904,0.915,0.3398,950831.79
2027-04-08 07:00:00,-67.433,0.0,0.6122,951288.14
2027-04-08 08:00:00,-78.558,4.493,0.9357,950932.99
2027-04-08 09:00:00,-87.141,0.0,1.0028,951610.71
2027-04-08 10:00:00,-91.176,2.205,1.0972,951033.62
2027-04-08 11:00:00,-92.628,0.0,1.2729,951237.24
2027-04-08 12:00:00,-96.904,0.0,1.3899,951409.17
2027-04-08 13:00:00,-98.428,5.486,1.3612,950819.64
2027-04-08 14:00:00,-92.836,4.851,1.3164,951247.19
2027-04-08 15:00:00,-89.358,0.0,1.3599,952130.7
2027-04-08 16:00:00,-71.59,118.54,0.9434,951495.47
2027-04-08 17:00:00,-58.077,233.532,0.4516,951501.63
2027-04-08 18:00:00,-54.216,336.994,0.4175,950784.56
2027-04-08 19:00:00,-36.593,413.103,0.0,951802.13
2027-04-08 20:00:00,-27.786,472.099,0.0,951387.33
2027-04-08 21:00:00,-15.931,498.116,0.0,951056.1
2027-04-08 22:00:00,-9.601,481.226,0.0,951613.4
2027-04-08 23:00:00,-9.809,443.574,0.0,950978.05
2027-04-09 00:00:00,-1.039,373.135,0.0,950660.45
2027-04-09 01:00:00,-7.559,285.564,0.0,951795.93
2027-04-09 02:00:00,-14.431,165.191,0.0,951120.8
2027-04-09 03:00:00,-20.897,42.478,0.0,950702.09
2027-04-09 04:00:00,-32.947,0.0,0.0,950857.12
2027-04-09 05:00:00,-40.334,0.0,0.0,950699.97
2027-04-09 06:00:00,-55.451,2.646,0.1879,950319.77
2027-04-09 07:00:00,-68.366,0.0,0.431,950449.86
2027-04-09 08:00:00,-75.141,0.274,0.7782,950134.18
2027-04-09 09:00:00,-83.349,6.373,0.9896,950598.76
2027-04-09 10:00:00,-95.221,6.66,1.3341,950205.44
2027-04-09 11:00:00,-97.447,0.0,1.4008,950658.73
2027-04-09 12:00:00,-100.557,3.239,1.5676,950612.09
2027-04-09 13:00:00,-99.533,1.128,1.4958,950890.29
2027-04-09 14:00:00,-94.802,0.0,1.3748,950944.66
2027-04-09 15:00:00,-86.815,1.638,1.206,950161.08
2027-04-09 16:00:00,-82.96,30.49,1.1492,950110.15
2027-04-09 17:00:00,-74.975,169.593,0.8713,950529.11
2027-04-09 18:00:00,-57.199,277.525,0.2307,950043.79
2027-04-09 19:00:00,-42.032,365.533,0.0019,949889.65
2027-04-09 20:00:00,-36.911,437.953,0.0,949672.98
2027-04-09 21:00:00,-25.707,474.914,0.0,949769.88
2027-04-09 22:00:00,-17.736,493.192,0.0,950334.05
2027-04-09 23:00:00,-8.704,471.734,0.0,949227.35
2027-04-10 00:00:00,-3.151,416.294,0.0,948937.18
2027-04-10 01:00:00,-0.234,348.272,0.0,949018.91
2027-04-10 02:00:00,-5.828,250.011,0.0,949003.51
2027-04-10 03:00:00,-14.296,127.005,0.0,948818.77
2027-04-10 04:00:00,-25.072,0.928,0.0,948337.13
2027-04-10 05:00:00,-32.423,2.175,0.0,948780.68
2027-04-10 06:00:00,-42.358,0.0,0.0,948576.16
2027-04-10 07:00:00,-50.165,0.0,0.0154,948700.26
2027-04-10 08:00:00,-64.657,0.0,0.2746,948692.36
2027-04-10 09:00:00,-74.542,0.0,0.6098,948604.0
2027-04-10 10:00:00,-85.669,1.241,1.1854,948891.79
2027-04-10 11:00:00,-90.649,0.047,1.1591,948863.66
2027-04-10 12:00:00,-96.452,1.052,1.1906,949067.53
2027-04-10 13:00:00,-101.519,0.0,1.4758,949264.78
2027-04-10 14:00:00,-95.183,3.326,1.2567,949259.2
2027-04-10 15:00:00,-90.341,0.017,1.3561,948367.89
2027-04-10 16:00:00,-89.14,12.764,1.1118,947876.31
2027-04-10 17:00:00,-79.038,79.712,0.7824,948252.33
2027-04-10 18:00:00,-65.278,203.617,0.4197,948168.84
2027-04-10 19:00:00,-55.167,323.444,0.0869,949023.13
2027-04-10 20:00:00,-42.156,397.588,0.0,948816.42
2027-04-10 21:00:00,-31.948,457.984,0.0,949124.94
2027-04-10 22:00:00,-22.916,485.495,0.0,949757.16
2027-04-10 23:00:00,-11.845,498.509,0.0,949888.3
2027-04-11 00:00:00,-7.347,453.817,0.0,949222.54
2027-04-11 01:00:00,-4.711,400.818,0.0,950610.78
2027-04-11 02:00:00,-8.853,309.647,0.0,952074.7
2027-04-11 03:00:00,-16.425,204.261,0.0,952443.57
2027-04-11 04:00:00,-16.954,78.038,0.0,952619.22
2027-04-11 05:00:00,-30.797,6.716,0.0,952119.2
2027-04-11 06:00:00,-39.551,0.0,0.0,952953.28
2027-04-11 07:00:00,-48.809,0.0,0.0,953677.58
2027-04-11 08:00:00,-62.875,6.263,0.4078,953407.11
2027-04-11 09:00:00,-69.313,0.0,0.6333,954324.9
2027-04-11 10:00:00,-76.293,1.673,0.7792,953742.98
2027-04-11 11:00:00,-87.554,4.207,1.0096,953327.58
2027-04-11 12:00:00,-88.903,2.37,1.212,953506.68
2027-04-11 13:00:00,-93.068,0.0,1.3349,952849.23
2027-04-11 14:00:00,-95.875,3.477,1.4211,953008.01
2027-04-11 15:00:00,-103.431,0.0,1.4954,952761.57
2027-04-11 16:00:00,-89.193,0.0,1.1485,952380.68
2027-04-11 17:00:00,-87.815,0.0,1.0687,951829.28
2027-04-11 18:00:00,-71.044,115.441,0.8909,951912.11
2027-04-11 19:00:00,-65.202,241.097,0.7144,952168.31
2027-04-11 20:00:00,-50.915,334.445,0.077,952190.12
2027-04-11 21:00:00,-38.112,418.928,0.0,951864.24
2027-04-11 22:00:00,-29.973,473.08,0.0,951147.89
2027-04-11 23:00:00,-22.9,499.112,0.0,951273.02
2027-04-12 00:00:00,-18.557,479.206,0.0,951712.11
2027-04-12 01:00:00,2.057,448.918,0.0,951831.86
2027-04-12 02:00:00,-11.071,376.237,0.0,952180.87
2027-04-12 03:00:00,-14.049,275.215,0.0,952241.86
2027-04-12 04:00:00,-13.493,159.776,0.0,952380.4
2027-04-12 05:00:00,-28.326,35.392,0.0,952690.5
2027-04-12 06:00:00,-36.632,1.359,0.0,953149.95
2027-04-12 07:00:00,-49.683,0.0,0.0724,952803.8
2027-04-12 08:00:00,-50.249,5.997,0.0,953242.36
2027-04-12 09:00:00,-65.889,0.0,0.3013,952843.19
2027-04-12 10:00:00,-71.501,0.0,0.5717,952951.42
2027-04-12 11:00:00,-82.995,1.168,0.7366,953490.32
2027-04-12 12:00:00,-90.476,0.0,1.0482,953458.65
2027-04-12 13:00:00,-97.714,0.043,1.206,954050.68
2027-04-12 14:00:00,-100.229,4.93,1.4372,953826.7
2027-04-12 15:00:00,-102.529,0.586,1.4438,953423.53
2027-04-12 16:00:00,-100.743,0.605,1.49,953733.67
2027-04-12 17:00:00,-97.271,1.026,1.42,954590.38
2027-04-12 18:00:00,-81.675,33.174,0.9137,953645.54
2027-04-12 19:00:00,-75.49,166.291,0.8678,953507.99
2027-04-12 20:00:00,-68.369,277.205,0.5037,953530.29
2027-04-12 21:00:00,-47.649,375.088,0.3394,952885.0
2027-04-12 22:00:00,-38.801,443.934,0.0,952032.31
2027-04-12 23:00:00,-25.7,481.704,0.0,951537.94
2027-04-13 00:00:00,-17.352,498.513,0.0,950740.77
2027-04-13 01:00:00,-6.277,470.67,0.0,950915.37
2027-04-13 02:00:00,-8.756,421.667,0.0,951606.1
2027-04-13 03:00:00,-6.465,340.032,0.0,951354.83
2027-04-13 04:00:00,-10.62,243.002,0.0,952084.32
2027-04-13 05:00:00,-23.391,122.382,0.0,952084.21
2027-04-13 06:00:00,-28.107,8.238,0.0,951796.36
2027-04-13 07:00:00,-39.444,10.087,0.0,952616.19
2027-04-13 08:00:00,-50.617,4.37,0.0619,952617.52
2027-04-13 09:00:00,-60.981,7.706,0.2209,953176.61
2027-04-13 10:00:00,-65.879,0.0,0.5946,953461.84
2027-04-13 11:00:00,-69.816,0.0,0.5859,952739.47
2027-04-13 12:00:00,-88.921,0.0,1.0451,952605.21
2027-04-13 13:00:00,-93.259,0.206,1.2178,952305.8
2027-04-13 14:00:00,-98.337,0.0,1.2262,951332.2
2027-04-13 15:00:00,-103.014,0.0,1.4355,951311.17
2027-04-13 16:00:00,-96.982,5.758,1.284,952021.52
2027-04-13 17:00:00,-90.655,10.771,1.1769,951733.14
2027-04-13 18:00:00,-93.449,6.405,1.3154,951923.73
2027-04-13 19:00:00,-76.509,89.456,0.6665,951627.48
2027-04-13 20:00:00,-71.076,205.001,0.6235,950692.77
2027-04-13 21:00:00,-59.089,306.326,0.2716,950182.43
2027-04-13 22:00:00,-44.461,397.515,0.0,950738.8
2027-04-13 23:00:00,-29.695,468.643,0.0,950761.57
2027-04-14 00:00:00,-22.375,487.734,0.0,950995.81
2027-04-14 01:00:00,-11.541,486.99,0.0,951642.23
2027-04-14 02:00:00,-8.411,462.981,0.0,952301.14
2027-04-14 03:00:00,-3.953,401.959,0.0,952520.19
2027-04-14 04:00:00,-8.206,304.926,0.0,952381.59
2027-04-14 05:00:00,-9.76,200.977,0.0,952692.97
2027-04-14 06:00:00,-24.593,79.84,0.0,952303.31
2027-04-14 07:00:00,-31.592,0.348,0.0,952034.91
2027-04-14 08:00:00,-40.266,5.518,0.0,951639.73
2027-04-14 09:00:00,-53.084,0.0,0.0,951876.53
2027-04-14 10:00:00,-64.069,5.448,0.3627,951531.09
2027-04-14 11:00:00,-70.705,0.508,0.57,950897.83
2027-04-14 12:00:00,-79.962,11.631,0.8325,950346.32
2027-04-14 13:00:00,-89.965,1.594,1.1369,950228.96
2027-04-14 14:00:00,-93.222,0.0,1.2221,950785.48
2027-04-14 15:00:00,-103.922,2.874,1.5434,950622.69
2027-04-14 16:00:00,-103.307,0.0,1.483,950301.48
2027-04-14 17:00:00,-104.519,0.0,1.5137,950632.4
2027-04-14 18:00:00,-96.773,0.0,1.3274,950931.26
2027-04-14 19:00:00,-89.213,0.21,1.1371,950789.25
2027-04-14 20:00:00,-75.226,117.754,0.8014,950809.86
2027-04-14 21:00:00,-69.574,241.449,0.643,950971.26
2027-04-14 22:00:00,-51.748,331.956,0.0904,950941.38
2027-04-14 23:00:00,-35.769,418.923,0.0,951104.17
2027-04-15 00:00:00,-30.613,473.082,0.0,951118.86
2027-04-15 01:00:00,-21.373,493.081,0.0,951750.25
2027-04-15 02:00:00,-15.544,479.465,0.0,951658.95
2027-04-15 03:00:00,-5.335,438.927,0.0,952263.49
2027-04-15 04:00:00,-9.602,364.903,0.0,952568.38
2027-04-15 05:00:00,-8.602,274.537,0.0,952239.94
2027-04-15 06:00:00,-15.932,162.716,0.0,952629.25
2027-04-15 07:00:00,-17.616,35.387,0.0,951975.91
2027-04-15 08:00:00,-29.21,1.338,0.0,952226.23
2027-04-15 09:00:00,-43.155,1.307,0.0,951745.55
2027-04-15 10:00:00,-51.785,0.0,0.0,950796.43
2027-04-15 11:00:00,-58.199,12.105,0.1827,951359.21
2027-04-15 12:00:00,-74.776,0.0,0.5614,951803.08
2027-04-15 13:00:00,-76.454,0.0,0.5083,951598.6
2027-04-15 14:00:00,-88.635,0.0,0.7315,950585.45
2027-04-15 15:00:00,-91.539,0.0,1.0819,950328.17
2027-04-15 16:00:00,-97.779,3.429,1.2489,950279.44
2027-04-15 17:00:00,-99.659,0.0,1.4108,950382.05
2027-04-15 18:00:00,-97.824,0.0,1.2711,950885.28
2027-04-15 19:00:00,-86.403,0.0,1.0285,951157.86
2027-04-15 20:00:00,-84.452,39.224,0.9594,950339.2
2027-04-15 21:00:00,-62.327,157.636,0.4334,950137.79
2027-04-15 22:00:00,-57.61,275.569,0.3797,950077.23
2027-04-15 23:00:00,-47.261,375.792,0.0156,949930.33
2027-04-16 00:00:00,-36.804,441.964,0.0,949730.8
2027-04-16 01:00:00,-17.645,489.858,0.0,949819.65
2027-04-16 02:00:00,-13.325,495.757,0.0,949692.8
2027-04-16 03:00:00,-5.267,472.802,0.0,950483.6
2027-04-16 04:00:00,2.071,427.417,0.0,949860.77
2027-04-16 05:00:00,-3.587,338.354,0.0,949259.65
2027-04-16 06:00:00,-8.241,238.117,0.0,948972.47
2027-04-16 07:00:00,-12.994,121.359,0.0,949338.38
2027-04-16 08:00:00,-23.554,7.719,0.0,949992.21
2027-04-16 09:00:00,-38.315,0.013,0.0,949799.45
2027-04-16 10:00:00,-40.389,0.0,0.0,950096.99
2027-04-16 11:00:00,-54.712,2.938,0.0505,949499.62
2027-04-16 12:00:00,-60.743,0.0,0.0691,948876.92
2027-04-16 13:00:00,-73.828,2.667,0.6082,948668.15
2027-04-16 14:00:00,-80.833,2.069,0.5305,948700.3
2027-04-16 15:00:00,-91.847,0.0,0.8983,949453.02
2027-04-16 16:00:00,-100.107,2.829,1.2425,949071.96
2027-04-16 17:00:00,-96.347,0.0,1.2343,949583.47
2027-04-16 18:00:00,-93.69,0.815,1.0523,949578.87
2027-04-16 19:00:00,-95.521,0.0,1.283,949732.78
2027-04-16 20:00:00,-88.211,14.311,1.1078,950278.4
2027-04-16 21:00:00,-85.105,87.183,0.9573,949831.67
2027-04-16 22:00:00,-66.492,202.773,0.5392,949719.28
2027-04-16 23:00:00,-56.689,304.921,0.3317,950160.69
2027-04-17 00:00:00,-38.614,404.257,0.0,950020.57
2027-04-17 01:00:00,-27.596,456.211,0.0,949118.0
2027-04-17 02:00:00,-17.88,484.662,0.0,949272.75
2027-04-17 03:00:00,-6.428,489.407,0.0,950559.88
2027-04-17 04:00:00,-4.708,458.589,0.0,951478.2
2027-04-17 05:00:00,-3.154,396.726,0.0,951639.22
2027-04-17 06:00:00,-4.588,306.465,0.0,951906.01
2027-04-17 07:00:00,-12.813,200.195,0.0,952125.38
2027-04-17 08:00:00,-15.587,80.724,0.0,952503.15
2027-04-17 09:00:00,-30.337,1.682,0.0,952138.54
2027-04-17 10:00:00,-34.774,2.124,0.0,951648.57
2027-04-17 11:00:00,-42.306,5.472,0.0,951651.2
2027-04-17 12:00:00,-59.812,0.282,0.3686,951597.41
2027-04-17 13:00:00,-71.191,0.0,0.4812,951709.01
2027-04-17 14:00:00,-80.411,0.0,0.949,951058.47
2027-04-17 15:00:00,-79.534,3.769,1.0339,951667.42
2027-04-17 16:00:00,-93.44,0.0,1.2415,951873.54
2027-04-17 17:00:00,-99.374,0.0,1.4271,951902.14
2027-04-17 18:00:00,-95.515,4.591,1.3688,951756.09
2027-04-17 19:00:00,-103.326,7.601,1.6354,952800.05
2027-04-17 20:00:00,-94.369,0.0,1.4733,952443.76
2027-04-17 21:00:00,-80.709,4.61,1.0531,953066.91
2027-04-17 22:00:00,-76.312,125.947,1.0601,952912.63
2027-04-17 23:00:00,-61.686,242.209,0.5882,953352.34
2027-04-18 00:00:00,-46.655,344.878,0.2071,952867.52
2027-04-18 01:00:00,-34.765,414.548,0.0,953015.04
2027-04-18 02:00:00,-25.838,465.949,0.0,952669.48
2027-04-18 03:00:00,-12.907,490.006,0.0,953483.67
2027-04-18 04:00:00,-3.242,479.074,0.0,952987.14
2027-04-18 05:00:00,-7.967,431.482,0.0,953359.45
2027-04-18 06:00:00,-5.583,370.149,0.0,953166.23
2027-04-18 07:00:00,-7.856,269.561,0.0,953241.34
2027-04-18 08:00:00,-10.932,157.455,0.0,953000.38
2027-04-18 09:00:00,-21.657,38.596,0.0,952508.66
2027-04-18 10:00:00,-30.418,0.0,0.0,952408.83
2027-04-18 11:00:00,-44.352,4.187,0.0,951711.92
2027-04-18 12:00:00,-53.424,0.0,0.2936,951798.75
2027-04-18 13:00:00,-60.145,0.0,0.5243,952031.75
2027-04-18 14:00:00,-71.655,0.0,0.8137,951844.14
2027-04-18 15:00:00,-80.083,0.301,0.9949,951020.87
2027-04-18 16:00:00,-86.617,0.0,1.2124,951093.33
2027-04-18 17:00:00,-84.349,0.0,1.292,950507.75
2027-04-18 18:00:00,-95.937,0.911,1.4701,949724.12
2027-04-18 19:00:00,-90.861,0.0,1.1949,949268.38
2027-04-18 20:00:00,-88.971,0.0,1.2218,948809.52
2027-04-18 21:00:00,-85.523,4.827,1.1362,948103.2
2027-04-18 22:00:00,-83.491,43.492,1.0644,948911.08
2027-04-18 23:00:00,-68.472,174.211,0.695,948841.25
2027-04-19 00:00:00,-57.325,279.53,0.6346,948418.19
2027-04-19 01:00:00,-37.221,373.741,0.0,949078.88
2027-04-19 02:00:00,-30.437,440.047,0.0,949152.57
2027-04-19 03:00:00,-21.969,468.181,0.0,950073.66
2027-04-19 04:00:00,-7.824,485.035,0.0,949840.74
2027-04-19 05:00:00,-7.733,467.667,0.0,949630.35
2027-04-19 06:00:00,-2.427,417.46,0.0,949748.8
2027-04-19 07:00:00,-3.637,327.196,0.0,949765.81
2027-04-19 08:00:00,-8.472,234.684,0.0,950059.1
2027-04-19 09:00:00,-16.569,112.984,0.0,949614.71
2027-04-19 10:00:00,-22.849,1.173,0.0,949338.6
2027-04-19 11:00:00,-35.936,0.0,0.0,948975.74
2027-04-19 12:00:00,-40.6,3.718,0.0,948633.58
2027-04-19 13:00:00,-55.383,5.334,0.0,948576.16
2027-04-19 14:00:00,-61.403,2.295,0.2631,949381.71
2027-04-19 15:00:00,-72.74,4.302,0.714,949950.83
2027-04-19 16:00:00,-83.203,0.0,0.9102,950584.0
2027-04-19 17:00:00,-92.282,14.116,1.2051,949980.76
2027-04-19 18:00:00,-93.515,0.0,1.0384,949970.83
2027-04-19 19:00:00,-96.972,0.0,1.2399,949513.31
2027-04-19 20:00:00,-108.114,4.507,1.5214,949351.45
2027-04-19 21:00:00,-98.05,3.764,1.221,949036.45
2027-04-19 22:00:00,-89.661,2.437,1.1756,948525.75
2027-04-19 23:00:00,-79.377,92.155,0.9044,949735.93
2027-04-20 00:00:00,-66.049,197.237,0.5905,949502.8
2027-04-20 01:00:00,-49.933,321.061,0.2023,948950.8
2027-04-20 02:00:00,-40.089,397.332,0.0,949173.24
2027-04-20 03:00:00,-35.571,464.092,0.0,949269.67
2027-04-20 04:00:00,-19.071,477.638,0.0,949843.24
2027-04-20 05:00:00,-8.549,487.534,0.0,950213.05
2027-04-20 06:00:00,-7.782,450.482,0.0,950762.19
2027-04-20 07:00:00,-5.243,393.942,0.0,950127.95
2027-04-20 08:00:00,-8.955,305.201,0.0,950170.07
2027-04-20 09:00:00,-9.505,198.381,0.0,950473.46
2027-04-20 10:00:00,-21.266,71.507,0.0,950733.65
2027-04-20 11:00:00,-27.243,0.0,0.0,951769.42
2027-04-20 12:00:00,-36.456,0.0,0.0,951502.63
2027-04-20 13:00:00,-47.735,2.477,0.0,951537.3
2027-04-20 14:00:00,-56.663,4.946,0.1287,950323.21
2027-04-20 15:00:00,-68.331,0.752,0.3905,950716.04
2027-04-20 16:00:00,-75.167,0.0,0.6371,950725.57
2027-04-20 17:00:00,-85.841,0.538,0.8592,950227.94
2027-04-20 18:00:00,-90.844,13.055,1.1045,950101.33
2027-04-20 19:00:00,-99.88,8.23,1.4277,950663.6
2027-04-20 20:00:00,-101.762,0.0,1.4102,950869.34
2027-04-20 21:00:00,-98.183,0.317,1.5138,951849.53
2027-04-20 22:00:00,-91.899,4.661,1.1967,951918.32
2027-04-20 23:00:00,-86.376,5.8,0.9372,951965.83
2027-04-21 00:00:00,-78.299,127.878,1.0176,951780.18
2027-04-21 01:00:00,-60.69,243.898,0.2371,952116.28
2027-04-21 02:00:00,-52.261,347.207,0.1199,951979.9
2027-04-21 03:00:00,-36.078,415.67,0.0,951834.79
2027-04-21 04:00:00,-25.921,477.108,0.0,952791.98
2027-04-21 05:00:00,-18.714,490.212,0.0,953500.09
2027-04-21 06:00:00,-13.057,473.473,0.0,953256.45
2027-04-21 07:00:00,-6.812,440.553,0.0,953493.03
2027-04-21 08:00:00,-6.898,355.908,0.0,953185.79
2027-04-21 09:00:00,-13.207,266.085,0.0,953403.41
2027-04-21 10:00:00,-15.001,153.876,0.0,952184.53
2027-04-21 11:00:00,-21.904,45.214,0.0,951263.38
2027-04-21 12:00:00,-31.446,0.0,0.0,951737.73
2027-04-21 13:00:00,-42.875,0.0,0.0,950855.87
2027-04-21 14:00:00,-55.037,0.0,0.0,951015.36
2027-04-21 15:00:00,-64.103,2.278,0.1236,950836.0
2027-04-21 16:00:00,-75.071,3.92,0.6185,950749.03
2027-04-21 17:00:00,-83.531,11.383,0.8694,950175.11
2027-04-21 18:00:00,-89.264,7.034,0.9977,950129.5
2027-04-21 19:00:00,-97.921,0.94,1.1695,949740.38
2027-04-21 20:00:00,-106.393,0.0,1.5161,949643.83
2027-04-21 21:00:00,-98.944,8.12,1.3894,950266.9
2027-04-21 22:00:00,-98.854,0.0,1.2454,949933.69
2027-04-21 23:00:00,-94.244,0.0,1.3908,949913.9
2027-04-22 00:00:00,-89.911,47.062,1.1917,948854.5
2027-04-22 01:00:00,-76.66,164.281,0.7036,948658.25
2027-04-22 02:00:00,-63.125,278.594,0.3979,949250.95
2027-04-22 03:00:00,-49.346,371.985,0.0097,950036.09
2027-04-22 04:00:00,-36.913,444.936,0.0,949602.13
2027-04-22 05:00:00,-28.897,478.978,0.0,949947.11
2027-04-22 06:00:00,-10.233,483.163,0.0,951002.06
2027-04-22 07:00:00,-6.435,458.456,0.0,951524.72
2027-04-22 08:00:00,-7.432,414.379,0.0,951731.26
2027-04-22 09:00:00,-8.801,333.865,0.0,951542.9
2027-04-22 10:00:00,-7.125,229.372,0.0,950639.81
2027-04-22 11:00:00,-14.43,113.465,0.0,950850.63
2027-04-22 12:00:00,-31.052,1.942,0.0,950089.32
2027-04-22 13:00:00,-35.949,6.953,0.0,950170.76
2027-04-22 14:00:00,-47.154,0.0,0.0,950300.07
2027-04-22 15:00:00,-57.542,0.445,0.0,950326.35
2027-04-22 16:00:00,-67.404,4.791,0.2879,950261.81
2027-04-22 17:00:00,-77.083,0.0,0.6775,949705.38
2027-04-22 18:00:00,-85.038,0.0,0.9751,949063.44
2027-04-22 19:00:00,-91.772,0.0,1.0664,948863.47
2027-04-22 20:00:00,-92.465,0.0,1.1596,948791.25
2027-04-22 21:00:00,-101.156,0.842,1.63,948715.64
2027-04-22 22:00:00,-95.27,0.158,1.3337,949286.69
2027-04-22 23:00:00,-97.901,2.775,1.2204,948955.89
2027-04-23 00:00:00,-88.579,0.0,1.178,948701.17
2027-04-23 01:00:00,-75.609,91.203,0.8044,948336.69
2027-04-23 02:00:00,-65.158,216.479,0.4678,948272.61
2027-04-23 03:00:00,-54.761,324.837,0.1298,948184.53
2027-04-23 04:00:00,-40.428,405.42,0.0,948824.52
2027-04-23 05:00:00,-25.091,451.934,0.0,949544.18
2027-04-23 06:00:00,-21.513,489.312,0.0,949507.3
2027-04-23 07:00:00,-10.965,482.427,0.0,949319.96
2027-04-23 08:00:00,-4.236,452.743,0.0,948946.05
2027-04-23 09:00:00,-7.436,384.804,0.0,948833.92
2027-04-23 10:00:00,-3.348,292.347,0.0,950195.93
2027-04-23 11:00:00,-7.542,192.017,0.0,949884.65
2027-04-23 12:00:00,-18.146,77.674,0.0,949668.81
2027-04-23 13:00:00,-26.804,1.44,0.0,948739.62
2027-04-23 14:00:00,-43.975,2.015,0.0,949578.1
2027-04-23 15:00:00,-52.358,1.082,0.0,949731.61
2027-04-23 16:00:00,-59.571,2.023,0.1913,950138.72
2027-04-23 17:00:00,-71.559,2.648,0.4918,949556.85
2027-04-23 18:00:00,-77.583,0.0,0.7045,949744.57
2027-04-23 19:00:00,-96.173,0.414,1.2673,950691.49
2027-04-23 20:00:00,-91.464,8.716,1.2323,950521.95
2027-04-23 21:00:00,-98.556,0.71,1.4023,950494.86
2027-04-23 22:00:00,-100.245,0.213,1.4904,950088.19
2027-04-23 23:00:00,-91.517,0.514,1.1021,949804.24
2027-04-24 00:00:00,-94.69,0.0,1.2627,949497.59
2027-04-24 01:00:00,-92.27,7.129,1.1528,949024.48
2027-04-24 02:00:00,-74.499,133.462,0.7633,949330.0
2027-04-24 03:00:00,-62.435,244.446,0.2953,948701.65
2027-04-24 04:00:00,-51.78,344.851,0.1975,948900.41
2027-04-24 05:00:00,-31.711,417.91,0.0,948455.11
2027-04-24 06:00:00,-27.013,471.444,0.0,947593.04
2027-04-24 07:00:00,-15.049,492.458,0.0,947907.83
2027-04-24 08:00:00,-10.94,475.501,0.0,948243.76
2027-04-24 09:00:00,-3.897,422.772,0.0,948973.89
2027-04-24 10:00:00,-7.84,364.075,0.0,948400.8
2027-04-24 11:00:00,-12.96,266.72,0.0,947446.12
2027-04-24 12:00:00,-13.425,148.971,0.0,947809.8
2027-04-24 13:00:00,-23.985,35.688,0.0,947575.85
2027-04-24 14:00:00,-31.338,0.0,0.0,948003.6
2027-04-24 15:00:00,-44.183,5.227,0.0,947260.64
2027-04-24 16:00:00,-51.494,0.0,0.0,946513.54
2027-04-24 17:00:00,-68.415,0.0,0.427,946771.92
2027-04-24 18:00:00,-75.516,0.892,0.4841,947297.73
2027-04-24 19:00:00,-84.966,0.0,0.9466,947422.88
2027-04-24 20:00:00,-89.088,0.0,1.1177,946084.12
2027-04-24 21:00:00,-97.976,0.0,1.3729,945765.68
2027-04-24 22:00:00,-102.76,0.0,1.3847,946111.36
2027-04-24 23:00:00,-101.184,0.0,1.2919,946557.34
2027-04-25 00:00:00,-95.368,0.0,1.34,946874.04
2027-04-25 01:00:00,-92.007,6.36,1.1965,946944.36
2027-04-25 02:00:00,-86.647,50.417,0.9666,946229.21
2027-04-25 03:00:00,-70.394,168.976,0.5557,946556.07
2027-04-25 04:00:00,-55.6,276.836,0.2774,946808.48
2027-04-25 05:00:00,-44.045,377.93,0.0367,947226.66
2027-04-25 06:00:00,-42.429,435.023,0.0,946979.12
2027-04-25 07:00:00,-23.511,481.113,0.0,947032.06
2027-04-25 08:00:00,-15.922,485.429,0.0,946952.02
2027-04-25 09:00:00,-15.757,462.092,0.0,946770.54
2027-04-25 10:00:00,-11.023,405.568,0.0,946336.02
2027-04-25 11:00:00,-5.367,327.811,0.0,947282.26
2027-04-25 12:00:00,-10.647,229.42,0.0,947599.55
2027-04-25 13:00:00,-18.556,114.212,0.0,948279.44
2027-04-25 14:00:00,-29.795,0.0,0.0,947909.76
2027-04-25 15:00:00,-33.245,0.0,0.0,948382.08
2027-04-25 16:00:00,-49.558,4.442,0.0,948148.91
2027-04-25 17:00:00,-59.404,0.0,0.1388,948650.07
2027-04-25 18:00:00,-68.071,0.0,0.4839,948279.38
2027-04-25 19:00:00,-82.264,0.0,0.7578,948942.99
2027-04-25 20:00:00,-89.694,0.0,1.0131,948747.28
2027-04-25 21:00:00,-90.815,1.305,1.0404,948746.43
2027-04-25 22:00:00,-100.743,0.0,1.3189,948175.94
2027-04-25 23:00:00,-97.799,0.0,1.2463,948564.45
2027-04-26 00:00:00,-97.303,6.621,1.3658,949131.71
2027-04-26 01:00:00,-96.216,4.6,1.4227,948368.68
2027-04-26 02:00:00,-94.522,0.0,1.4751,949100.98
2027-04-26 03:00:00,-79.917,86.158,0.9042,949419.87
2027-04-26 04:00:00,-74.062,214.473,0.8526,950107.82
2027-04-26 05:00:00,-56.572,314.394,0.3548,949361.71
2027-04-26 06:00:00,-41.334,407.237,0.0,949389.41
2027-04-26 07:00:00,-28.013,460.917,0.0,949169.11
2027-04-26 08:00:00,-21.176,487.868,0.0,949852.39
2027-04-26 09:00:00,-15.261,478.392,0.0,950130.46
2027-04-26 10:00:00,-10.932,451.87,0.0,949514.26
2027-04-26 11:00:00,-9.123,379.929,0.0,949431.33
2027-04-26 12:00:00,-7.35,304.789,0.0,949461.71
2027-04-26 13:00:00,-13.73,193.075,0.0,949840.0
2027-04-26 14:00:00,-22.767,67.216,0.0,949057.15
2027-04-26 15:00:00,-29.712,4.023,0.0,950117.09
2027-04-26 16:00:00,-40.262,11.208,0.0,949488.11
2027-04-26 17:00:00,-54.882,0.0,0.0,948513.1
2027-04-26 18:00:00,-64.405,2.752,0.4187,948726.53
2027-04-26 19:00:00,-69.49,0.0,0.5412,948292.62
2027-04-26 20:00:00,-85.437,0.427,1.0785,948194.77
2027-04-26 21:00:00,-90.489,0.0,1.1251,947752.53
2027-04-26 22:00:00,-95.406,0.0,1.289,947907.25
2027-04-26 23:00:00,-102.336,0.218,1.4491,947332.19
2027-04-27 00:00:00,-105.532,8.995,1.5279,948362.41
2027-04-27 01:00:00,-102.512,0.0,1.5254,948355.07
2027-04-27 02:00:00,-100.755,0.0,1.4559,948921.22
2027-04-27 03:00:00,-86.83,18.33,1.216,948966.55
2027-04-27 04:00:00,-76.54,133.457,0.9828,949218.78
2027-04-27 05:00:00,-67.085,247.885,0.7252,949118.7
2027-04-27 06:00:00,-56.226,342.584,0.4296,948310.94
2027-04-27 07:00:00,-36.211,417.702,0.0,948679.11
2027-04-27 08:00:00,-27.526,461.575,0.0,949063.81
2027-04-27 09:00:00,-20.934,485.502,0.0,949581.97
2027-04-27 10:00:00,-9.248,470.093,0.0,949421.46
2027-04-27 11:00:00,-9.175,431.35,0.0,948911.35
2027-04-27 12:00:00,-8.935,354.729,0.0,949249.21
2027-04-27 13:00:00,-15.693,261.023,0.0,948916.21
2027-04-27 14:00:00,-22.899,148.909,0.0,949483.47
2027-04-27 15:00:00,-31.33,28.923,0.0,949285.73
2027-04-27 16:00:00,-29.333,0.0,0.0,948989.43
2027-04-27 17:00:00,-47.517,0.0,0.0877,949169.67
2027-04-27 18:00:00,-54.322,0.429,0.1796,949876.81
2027-04-27 19:00:00,-63.782,5.337,0.3924,949516.08
2027-04-27 20:00:00,-75.811,0.642,0.8214,949105.76
2027-04-27 21:00:00,-85.456,0.0,1.2732,949623.14
2027-04-27 22:00:00,-92.912,0.0,1.3421,949425.23
2027-04-27 23:00:00,-96.205,0.0,1.5352,949813.05
2027-04-28 00:00:00,-103.936,0.0,1.5887,949441.42
2027-04-28 01:00:00,-102.617,0.0,1.6404,949453.07
2027-04-28 02:00:00,-105.883,0.0,1.7026,949350.84
2027-04-28 03:00:00,-99.846,0.0,1.5407,949411.92
2027-04-28 04:00:00,-90.084,52.077,1.243,948890.34
2027-04-28 05:00:00,-70.843,179.704,0.7694,949006.13
2027-04-28 06:00:00,-61.485,289.528,0.3759,948962.41
2027-04-28 07:00:00,-46.011,370.405,0.0,949419.37
2027-04-28 08:00:00,-34.832,439.213,0.0,949561.63
2027-04-28 09:00:00,-24.604,477.568,0.0,950218.38
2027-04-28 10:00:00,-19.507,491.309,0.0,950675.82
2027-04-28 11:00:00,-11.08,463.758,0.0,950580.63
2027-04-28 12:00:00,-7.667,409.366,0.0,950693.15
2027-04-28 13:00:00,-2.383,331.056,0.0,950375.67
2027-04-28 14:00:00,-14.296,223.667,0.0,950582.6
2027-04-28 15:00:00,-18.092,117.112,0.0,949705.72
2027-04-28 16:00:00,-29.684,0.0,0.0,949626.2
2027-04-28 17:00:00,-39.883,0.0,0.0,950319.23
2027-04-28 18:00:00,-45.392,0.0,0.0,950099.83
2027-04-28 19:00:00,-52.348,6.16,0.1516,950528.41
2027-04-28 20:00:00,-68.252,0.0,0.5251,951092.76
2027-04-28 21:00:00,-80.652,4.748,0.9105,951967.9
2027-04-28 22:00:00,-86.93,0.0,1.1379,951494.06
2027-04-28 23:00:00,-94.514,0.0,1.3226,950556.68
2027-04-29 00:00:00,-92.83,3.298,1.4236,950107.4
2027-04-29 01:00:00,-99.384,0.0,1.4847,950201.56
2027-04-29 02:00:00,-103.445,4.113,1.7469,949750.11
2027-04-29 03:00:00,-93.878,1.758,1.4674,950270.85
2027-04-29 04:00:00,-89.527,0.0,1.3841,951318.97
2027-04-29 05:00:00,-78.808,95.552,1.1328,950734.5
2027-04-29 06:00:00,-67.892,210.717,0.9404,950575.39
2027-04-29 07:00:00,-52.395,318.968,0.3795,950056.26
2027-04-29 08:00:00,-40.695,409.937,0.0273,949822.7
2027-04-29 09:00:00,-31.077,456.055,0.0,950209.84
2027-04-29 10:00:00,-19.608,488.42,0.0,950037.79
2027-04-29 11:00:00,-13.272,482.349,0.0,950330.31
2027-04-29 12:00:00,-7.511,447.687,0.0,949897.0
2027-04-29 13:00:00,-7.514,383.183,0.0,950201.67
2027-04-29 14:00:00,-11.177,291.372,0.0,950570.32
2027-04-29 15:00:00,-16.057,189.899,0.0,950365.88
2027-04-29 16:00:00,-23.568,67.195,0.0,950650.05
2027-04-29 17:00:00,-38.195,0.0,0.0,950394.88
2027-04-29 18:00:00,-38.598,5.071,0.0,949510.55
2027-04-29 19:00:00,-50.905,0.495,0.0008,949551.97
2027-04-29 20:00:00,-64.823,0.0,0.3366,949551.56
2027-04-29 21:00:00,-70.972,6.7,0.6685,950857.58
2027-04-29 22:00:00,-84.524,0.0,1.0643,950405.55
2027-04-29 23:00:00,-92.126,6.364,1.3593,950464.41
2027-04-30 00:00:00,-96.591,0.0,1.4617,950723.84
2027-04-30 01:00:00,-97.207,1.058,1.4651,950828.88
2027-04-30 02:00:00,-102.229,0.0,1.6308,951050.05
2027-04-30 03:00:00,-104.031,0.0,1.7518,951572.46
2027-04-30 04:00:00,-97.754,6.569,1.5228,952142.31
2027-04-30 05:00:00,-87.305,23.747,1.133,952640.67
2027-04-30 06:00:00,-77.763,135.817,0.896,952900.32
2027-04-30 07:00:00,-63.174,252.211,0.6012,952822.35
2027-04-30 08:00:00,-52.013,348.248,0.2035,951627.14
2027-04-30 09:00:00,-38.1,431.572,0.0,951147.7
2027-04-30 10:00:00,-23.962,460.0,0.0,950578.82
2027-04-30 11:00:00,-24.861,489.711,0.0,951087.04
2027-04-30 12:00:00,-7.424,469.951,0.0,950340.62
2027-04-30 13:00:00,-8.225,416.989,0.0,951002.82
2027-04-30 14:00:00,-2.727,354.465,0.0,950679.34
2027-04-30 15:00:00,-16.66,270.007,0.0,950629.09
2027-04-30 16:00:00,-18.916,145.152,0.0,950242.05
2027-04-30 17:00:00,-28.162,30.473,0.0,950122.56
2027-04-30 18:00:00,-34.215,5.993,0.0,949273.52
2027-04-30 19:00:00,-45.16,0.0,0.0,948819.8
2027-04-30 20:00:00,-55.851,0.602,0.2767,948472.84
2027-04-30 21:00:00,-65.088,0.0,0.4206,948055.73
2027-04-30 22:00:00,-78.334,0.0,0.9854,947755.88
2027-04-30 23:00:00,-88.305,4.535,1.3564,948015.85
2027-05-01 00:00:00,-93.013,0.303,1.2836,948810.63
2027-05-01 01:00:00,-101.645,1.837,1.6352,949058.79
2027-05-01 02:00:00,-103.757,0.666,1.7211,949695.23
2027-05-01 03:00:00,-107.666,10.96,1.8349,949018.82
2027-05-01 04:00:00,-101.13,0.0,1.6401,948563.85
2027-05-01 05:00:00,-98.568,8.027,1.7433,948706.39
2027-05-01 06:00:00,-87.489,57.282,1.5572,949133.88
2027-05-01 07:00:00,-78.331,185.335,1.1586,948777.68
2027-05-01 08:00:00,-62.896,279.563,0.6815,948310.65
2027-05-01 09:00:00,-47.017,376.984,0.3192,948438.59
2027-05-01 10:00:00,-38.943,440.179,0.0,947668.09
2027-05-01 11:00:00,-29.339,480.38,0.0,949162.65
2027-05-01 12:00:00,-15.897,492.355,0.0,949274.28
2027-05-01 13:00:00,-10.335,463.302,0.0,949669.7
2027-05-01 14:00:00,-9.266,412.882,0.0,949879.17
2027-05-01 15:00:00,-12.535,322.539,0.0,949855.83
2027-05-01 16:00:00,-17.627,219.847,0.0,950691.58
2027-05-01 17:00:00,-23.711,107.656,0.0,950015.42
2027-05-01 18:00:00,-32.681,0.0,0.0,950051.16
2027-05-01 19:00:00,-46.226,0.0,0.1876,950176.22
2027-05-01 20:00:00,-53.679,0.0,0.4941,950173.89
2027-05-01 21:00:00,-57.89,5.993,0.5625,949998.24
2027-05-01 22:00:00,-71.883,0.0,0.8594,950357.65
2027-05-01 23:00:00,-78.47,7.13,1.0069,950093.37
2027-05-02 00:00:00,-87.887,0.064,1.3831,950186.98
2027-05-02 01:00:00,-98.49,3.242,1.4937,950142.61
2027-05-02 02:00:00,-103.336,2.789,1.8101,949556.34
2027-05-02 03:00:00,-101.47,0.0,1.7498,949105.61
2027-05-02 04:00:00,-101.511,1.836,1.7293,949142.02
2027-05-02 05:00:00,-96.969,9.642,1.6787,948793.27
2027-05-02 06:00:00,-95.139,1.258,1.5207,948375.76
2027-05-02 07:00:00,-84.3,102.8,1.1917,947681.58
2027-05-02 08:00:00,-73.062,218.903,1.0929,947278.79
2027-05-02 09:00:00,-59.005,320.199,0.6237,946194.71
2027-05-02 10:00:00,-48.1,402.244,0.3231,947056.48
2027-05-02 11:00:00,-34.426,460.779,0.0,947108.65
2027-05-02 12:00:00,-24.604,489.013,0.0,946937.38
2027-05-02 13:00:00,-17.856,474.26,0.0,946625.59
2027-05-02 14:00:00,-9.503,447.022,0.0,946702.85
2027-05-02 15:00:00,-15.33,380.848,0.0,947846.85
2027-05-02 16:00:00,-12.642,291.146,0.0,948922.63
2027-05-02 17:00:00,-21.108,191.997,0.0,948350.9
2027-05-02 18:00:00,-29.032,62.291,0.0,948426.34
2027-05-02 19:00:00,-37.616,0.0,0.0,948159.71
2027-05-02 20:00:00,-42.958,3.979,0.0,948758.84
2027-05-02 21:00:00,-61.275,0.0,0.5528,948891.32
2027-05-02 22:00:00,-64.528,0.0,0.6448,948909.11
2027-05-02 23:00:00,-75.042,4.541,0.8275,949333.25
2027-05-03 00:00:00,-88.144,0.794,1.2508,949318.92
2027-05-03 01:00:00,-93.355,2.364,1.2854,949439.35
2027-05-03 02:00:00,-103.999,0.0,1.7418,949509.45
2027-05-03 03:00:00,-104.64,0.0,1.6543,949785.98
2027-05-03 04:00:00,-109.782,0.0,1.8677,949085.41
2027-05-03 05:00:00,-97.64,0.0,1.4394,948662.49
2027-05-03 06:00:00,-97.715,0.0,1.5568,949100.47
2027-05-03 07:00:00,-92.3,18.571,1.2288,948261.75
2027-05-03 08:00:00,-84.092,136.878,1.131,948370.93
2027-05-03 09:00:00,-68.902,253.278,0.6865,948567.92
2027-05-03 10:00:00,-55.644,349.993,0.3528,948121.14
2027-05-03 11:00:00,-41.203,425.462,0.0,948137.96
2027-05-03 12:00:00,-28.903,472.987,0.0,948479.23
2027-05-03 13:00:00,-20.494,485.351,0.0,948843.13
2027-05-03 14:00:00,-13.405,473.12,0.0,949032.8
2027-05-03 15:00:00,-11.025,428.022,0.0,948729.55
2027-05-03 16:00:00,-9.935,341.779,0.0,949006.03
2027-05-03 17:00:00,-15.664,261.389,0.0,949627.59
2027-05-03 18:00:00,-23.384,146.474,0.0,950073.27
2027-05-03 19:00:00,-23.273,26.708,0.0,949655.25
2027-05-03 20:00:00,-36.76,0.0,0.0,949787.54
2027-05-03 21:00:00,-41.493,0.0,0.0,950521.5
2027-05-03 22:00:00,-57.909,0.0,0.2489,951008.7
2027-05-03 23:00:00,-60.192,3.723,0.3306,950368.47
2027-05-04 00:00:00,-78.333,0.0,0.9347,949698.17
2027-05-04 01:00:00,-84.638,0.0,1.012,950826.19
2027-05-04 02:00:00,-94.855,2.672,1.3245,950818.61
2027-05-04 03:00:00,-99.908,0.0,1.4957,950561.02
2027-05-04 04:00:00,-104.173,0.0,1.6907,950187.87
2027-05-04 05:00:00,-105.243,4.534,1.784,950061.45
2027-05-04 06:00:00,-98.016,4.739,1.5827,949976.07
2027-05-04 07:00:00,-95.732,3.61,1.3673,949608.31
2027-05-04 08:00:00,-84.478,63.345,1.1957,950389.63
2027-05-04 09:00:00,-71.966,177.845,0.8482,950922.71
2027-05-04 10:00:00,-57.786,286.319,0.4849,951019.78
2027-05-04 11:00:00,-47.702,373.883,0.1731,950752.86
2027-05-04 12:00:00,-41.219,443.389,0.0,951464.1
2027-05-04 13:00:00,-27.23,476.76,0.0,951346.35
2027-05-04 14:00:00,-18.172,483.128,0.0,951252.05
2027-05-04 15:00:00,-12.546,462.851,0.0,951292.74
2027-05-04 16:00:00,-6.184,410.642,0.0,950949.22
2027-05-04 17:00:00,-7.866,325.447,0.0,950431.69
2027-05-04 18:00:00,-15.446,230.283,0.0,949488.53
2027-05-04 19:00:00,-15.355,101.353,0.0,949562.0
2027-05-04 20:00:00,-32.228,0.0,0.0,948802.78
2027-05-04 21:00:00,-40.565,3.573,0.0,948400.47
2027-05-04 22:00:00,-52.627,0.0,0.2474,949357.24
2027-05-04 23:00:00,-64.239,0.0,0.6471,949147.76
2027-05-05 00:00:00,-73.637,0.0,0.7178,949437.48
2027-05-05 01:00:00,-76.98,0.0,0.8285,949504.79
2027-05-05 02:00:00,-86.714,0.0,1.2422,949943.64
2027-05-05 03:00:00,-98.582,0.0,1.3948,949656.19
2027-05-05 04:00:00,-100.076,0.0,1.6728,949197.31
2027-05-05 05:00:00,-99.901,0.45,1.5636,948241.24
2027-05-05 06:00:00,-107.097,6.199,1.7579,947947.55
2027-05-05 07:00:00,-92.49,3.385,1.4956,948171.93
2027-05-05 08:00:00,-89.012,0.0,1.2136,948126.33
2027-05-05 09:00:00,-79.805,103.723,0.9017,947978.28
2027-05-05 10:00:00,-66.067,217.994,0.5653,947891.18
2027-05-05 11:00:00,-62.646,319.654,0.6249,947974.0
2027-05-05 12:00:00,-44.094,402.063,0.1724,947996.37
2027-05-05 13:00:00,-27.617,459.261,0.0,947064.88
2027-05-05 14:00:00,-21.422,481.25,0.0,946753.43
2027-05-05 15:00:00,-11.452,478.971,0.0,946757.11
2027-05-05 16:00:00,-4.522,449.99,0.0,947081.26
2027-05-05 17:00:00,-5.518,376.067,0.0,947205.72
2027-05-05 18:00:00,-11.182,285.446,0.0,947587.57
2027-05-05 19:00:00,-14.195,182.536,0.0,948123.39
2027-05-05 20:00:00,-29.578,57.638,0.0,947684.95
2027-05-05 21:00:00,-31.365,0.0,0.0,947377.11
2027-05-05 22:00:00,-39.873,0.0,0.0,947697.27
2027-05-05 23:00:00,-51.864,7.243,0.3149,948405.49
2027-05-06 00:00:00,-59.658,0.0,0.5681,948359.98
2027-05-06 01:00:00,-73.173,0.893,0.9119,947658.23
2027-05-06 02:00:00,-83.034,0.0,1.1101,947897.41
2027-05-06 03:00:00,-86.758,2.191,1.2333,948405.55
2027-05-06 04:00:00,-101.649,0.467,1.6995,949113.6
2027-05-06 05:00:00,-98.195,0.0,1.5386,949476.84
2027-05-06 06:00:00,-99.856,0.9,1.605,950632.42
2027-05-06 07:00:00,-99.101,0.851,1.5543,950935.51
2027-05-06 08:00:00,-98.555,0.0,1.5802,951927.7
2027-05-06 09:00:00,-88.759,21.259,1.5103,951137.12
2027-05-06 10:00:00,-80.399,147.455,1.2119,951055.78
2027-05-06 11:00:00,-67.166,253.061,0.7863,952012.11
2027-05-06 12:00:00,-52.522,346.177,0.3161,951791.54
2027-05-06 13:00:00,-42.691,423.305,0.1055,951521.89
2027-05-06 14:00:00,-29.333,474.751,0.0,951351.79
2027-05-06 15:00:00,-22.403,480.252,0.0,951866.75
2027-05-06 16:00:00,-10.205,473.775,0.0,952099.39
2027-05-06 17:00:00,-4.195,421.588,0.0,952038.94
2027-05-06 18:00:00,-2.2,352.845,0.0,952116.67
2027-05-06 19:00:00,-15.029,252.767,0.0,951828.96
2027-05-06 20:00:00,-20.351,140.209,0.0,951818.86
2027-05-06 21:00:00,-26.133,28.882,0.0,952014.46
2027-05-06 22:00:00,-32.242,0.0,0.0,951840.32
2027-05-06 23:00:00,-44.841,2.427,0.0157,952180.13
2027-05-07 00:00:00,-52.242,8.657,0.0903,953083.42
2027-05-07 01:00:00,-64.733,3.428,0.2528,952697.89
2027-05-07 02:00:00,-82.159,0.0,0.8444,952470.12
2027-05-07 03:00:00,-85.303,0.0,0.9712,952102.45
2027-05-07 04:00:00,-96.123,0.0,1.2446,951966.36
2027-05-07 05:00:00,-99.06,0.79,1.4504,951965.62
2027-05-07 06:00:00,-100.975,1.13,1.3994,952019.95
2027-05-07 07:00:00,-97.926,0.0,1.306,951343.69
2027-05-07 08:00:00,-98.205,0.0,1.448,952022.26
2027-05-07 09:00:00,-94.769,0.0,1.5454,951959.0
2027-05-07 10:00:00,-78.977,60.685,1.0423,953172.96
2027-05-07 11:00:00,-76.038,191.083,0.9045,954168.92
2027-05-07 12:00:00,-60.153,284.364,0.5401,953880.92
2027-05-07 13:00:00,-46.058,373.348,0.3015,954359.65
2027-05-07 14:00:00,-35.438,437.346,0.0,954933.81
2027-05-07 15:00:00,-28.16,482.36,0.0,955260.45
2027-05-07 16:00:00,-19.967,484.205,0.0,955258.02
2027-05-07 17:00:00,-10.171,453.882,0.0,955234.13
2027-05-07 18:00:00,-6.545,400.905,0.0,954440.3
2027-05-07 19:00:00,-11.292,317.116,0.0,955333.01
2027-05-07 20:00:00,-18.807,220.179,0.0,955323.21
2027-05-07 21:00:00,-21.714,115.63,0.0,955277.69
2027-05-07 22:00:00,-26.392,2.754,0.0,955067.53
2027-05-07 23:00:00,-42.956,0.0,0.0,953745.52
2027-05-08 00:00:00,-50.675,0.0,0.155,953754.69
2027-05-08 01:00:00,-59.903,0.0,0.3519,954318.86
2027-05-08 02:00:00,-68.02,3.668,0.7495,954603.69
2027-05-08 03:00:00,-82.386,3.397,1.2752,953334.82
2027-05-08 04:00:00,-88.489,0.0,1.2112,953526.01
2027-05-08 05:00:00,-92.299,6.067,1.3008,952933.34
2027-05-08 06:00:00,-104.903,0.106,1.7266,953253.97
2027-05-08 07:00:00,-105.849,3.874,1.7651,953186.24
2027-05-08 08:00:00,-101.961,1.481,1.6737,952783.35
2027-05-08 09:00:00,-95.357,0.0,1.5658,953511.48
2027-05-08 10:00:00,-90.954,0.0,1.3118,953763.08
2027-05-08 11:00:00,-78.513,102.351,1.0482,954770.71
2027-05-08 12:00:00,-74.421,223.668,1.1018,954690.74
2027-05-08 13:00:00,-55.598,319.121,0.3289,953888.14
2027-05-08 14:00:00,-52.14,405.292,0.2885,954161.01
2027-05-08 15:00:00,-28.718,453.081,0.0,954733.92
2027-05-08 16:00:00,-18.879,488.19,0.0,955092.2
2027-05-08 17:00:00,-16.379,480.378,0.0,954658.09
2027-05-08 18:00:00,-18.123,436.41,0.0,953672.96
2027-05-08 19:00:00,-10.608,376.342,0.0,953441.68
2027-05-08 20:00:00,-8.403,292.791,0.0,953115.46
2027-05-08 21:00:00,-16.079,173.909,0.0,953107.52
2027-05-08 22:00:00,-19.349,55.287,0.0,952892.48
2027-05-08 23:00:00,-34.136,0.0,0.0,952932.69
2027-05-09 00:00:00,-36.208,10.667,0.0,953107.09
2027-05-09 01:00:00,-58.328,0.0,0.1391,953160.83
2027-05-09 02:00:00,-65.024,2.476,0.5314,953196.07
2027-05-09 03:00:00,-77.054,1.301,0.6693,953988.69
2027-05-09 04:00:00,-80.264,0.0,1.0271,953947.32
2027-05-09 05:00:00,-94.523,0.806,1.1834,953465.86
2027-05-09 06:00:00,-94.414,0.0,1.2087,952835.94
2027-05-09 07:00:00,-98.991,0.0,1.4473,952557.93
2027-05-09 08:00:00,-101.698,0.0,1.5924,952678.01
2027-05-09 09:00:00,-100.118,0.0,1.4947,952359.68
2027-05-09 10:00:00,-98.77,4.495,1.5276,952350.03
2027-05-09 11:00:00,-86.699,22.446,1.2026,952789.7
2027-05-09 12:00:00,-78.26,149.215,0.9965,953157.57
2027-05-09 13:00:00,-61.391,258.981,0.6023,952721.31
2027-05-09 14:00:00,-46.665,351.56,0.0157,952061.34
2027-05-09 15:00:00,-40.302,421.774,0.0,952218.76
2027-05-09 16:00:00,-23.831,468.1,0.0,951874.48
2027-05-09 17:00:00,-18.315,478.412,0.0,952145.24
2027-05-09 18:00:00,-10.307,468.298,0.0,951627.36
2027-05-09 19:00:00,-12.42,423.908,0.0,951852.63
2027-05-09 20:00:00,-9.94,357.977,0.0,951985.95
2027-05-09 21:00:00,-13.515,255.705,0.0,951651.2
2027-05-09 22:00:00,-14.108,136.066,0.0,951417.84
2027-05-09 23:00:00,-28.944,11.458,0.0,951788.81
2027-05-10 00:00:00,-34.608,0.0,0.0,952435.06
2027-05-10 01:00:00,-46.092,4.059,0.0,952034.28
2027-05-10 02:00:00,-57.696,0.0,0.1851,952764.92
2027-05-10 03:00:00,-72.029,2.71,0.6176,952674.37
2027-05-10 04:00:00,-83.598,0.0,0.6548,953040.95
2027-05-10 05:00:00,-87.433,3.585,0.8818,952895.26
2027-05-10 06:00:00,-94.789,0.0,1.241,953221.14
2027-05-10 07:00:00,-102.03,8.021,1.2713,954177.6
2027-05-10 08:00:00,-101.447,0.0,1.3334,954503.54
2027-05-10 09:00:00,-96.216,3.969,1.2156,955220.07
2027-05-10 10:00:00,-94.566,0.0,1.2989,954369.66
2027-05-10 11:00:00,-94.031,0.0,1.2422,954821.52
2027-05-10 12:00:00,-84.971,62.872,0.9064,954340.43
2027-05-10 13:00:00,-70.574,184.614,0.716,954023.89
2027-05-10 14:00:00,-59.337,293.04,0.3386,954622.69
2027-05-10 15:00:00,-45.563,384.684,0.0,954745.59
2027-05-10 16:00:00,-34.683,450.572,0.0,953436.55
2027-05-10 17:00:00,-24.963,480.691,0.0,953262.18
2027-05-10 18:00:00,-17.935,492.168,0.0,953091.23
2027-05-10 19:00:00,-10.098,457.406,0.0,953635.55
2027-05-10 20:00:00,-16.107,406.167,0.0,953220.31
2027-05-10 21:00:00,-10.026,320.885,0.0,953725.91
2027-05-10 22:00:00,-21.374,213.379,0.0,952346.44
2027-05-10 23:00:00,-21.369,100.462,0.0,952177.13
2027-05-11 00:00:00,-34.46,2.516,0.0,952212.27
2027-05-11 01:00:00,-36.289,0.0,0.0,952576.45
2027-05-11 02:00:00,-48.999,2.064,0.0,952871.04
2027-05-11 03:00:00,-59.774,4.327,0.134,952634.09
2027-05-11 04:00:00,-69.15,0.0,0.3805,952888.93
2027-05-11 05:00:00,-82.22,0.0,0.8706,953167.91
2027-05-11 06:00:00,-84.915,8.391,0.9023,952018.93
2027-05-11 07:00:00,-93.423,0.0,1.2756,952952.75
2027-05-11 08:00:00,-101.758,0.0,1.4194,953511.07
2027-05-11 09:00:00,-105.311,0.0,1.6575,954094.42
2027-05-11 10:00:00,-103.17,0.0,1.7134,953201.5
2027-05-11 11:00:00,-98.795,0.0,1.4216,952947.6
2027-05-11 12:00:00,-95.696,0.0,1.2943,952699.81
2027-05-11 13:00:00,-83.331,102.073,1.0169,953176.3
2027-05-11 14:00:00,-71.075,224.154,0.7389,952752.86
2027-05-11 15:00:00,-56.654,333.374,0.3412,953451.3
2027-05-11 16:00:00,-44.552,408.168,0.0,953586.42
2027-05-11 17:00:00,-30.771,464.428,0.0,953613.7
2027-05-11 18:00:00,-22.39,482.051,0.0,953764.14
2027-05-11 19:00:00,-14.514,478.337,0.0,952938.07
2027-05-11 20:00:00,-10.099,442.969,0.0,953449.69
2027-05-11 21:00:00,-10.908,372.098,0.0,953150.18
2027-05-11 22:00:00,-10.84,283.59,0.0,954042.12
2027-05-11 23:00:00,-26.237,181.868,0.0,954188.58
2027-05-12 00:00:00,-27.017,63.458,0.0,953244.02
2027-05-12 01:00:00,-36.309,0.337,0.0,952842.11
2027-05-12 02:00:00,-43.115,0.0,0.0,952678.75
2027-05-12 03:00:00,-55.748,0.0,0.0,952186.88
2027-05-12 04:00:00,-62.812,0.0,0.0969,952392.11
2027-05-12 05:00:00,-72.814,0.376,0.304,952089.43
2027-05-12 06:00:00,-88.589,1.277,0.9358,952305.17
2027-05-12 07:00:00,-91.792,0.0,1.0308,951548.31
2027-05-12 08:00:00,-102.438,1.209,1.2407,951218.31
2027-05-12 09:00:00,-100.821,2.085,1.4089,950662.02
2027-05-12 10:00:00,-105.241,1.284,1.3686,949892.31
2027-05-12 11:00:00,-104.19,0.0,1.4436,949202.84
2027-05-12 12:00:00,-102.409,0.0,1.3921,949390.64
2027-05-12 13:00:00,-90.986,26.765,1.054,949543.74
2027-05-12 14:00:00,-82.129,153.963,0.9276,949813.92
2027-05-12 15:00:00,-70.639,256.628,0.4461,950223.01
2027-05-12 16:00:00,-52.868,356.0,0.1116,949822.86
2027-05-12 17:00:00,-38.41,430.083,0.0,949333.63
2027-05-12 18:00:00,-29.446,469.666,0.0,949847.96
2027-05-12 19:00:00,-26.092,490.958,0.0,949362.29
2027-05-12 20:00:00,-16.147,474.463,0.0,949040.18
2027-05-12 21:00:00,-9.803,428.343,0.0,949136.85
2027-05-12 22:00:00,-12.247,349.511,0.0,948889.46
2027-05-12 23:00:00,-13.191,262.38,0.0,948858.14
2027-05-13 00:00:00,-22.12,134.686,0.0,949792.93
2027-05-13 01:00:00,-30.411,26.673,0.0,949928.84
2027-05-13 02:00:00,-40.107,3.841,0.0,949542.88
2027-05-13 03:00:00,-45.787,6.702,0.0,949954.62
2027-05-13 04:00:00,-56.206,0.0,0.3257,950277.38
2027-05-13 05:00:00,-70.219,4.222,0.5458,949933.07
2027-05-13 06:00:00,-76.424,7.135,0.6805,949791.62
2027-05-13 07:00:00,-92.1,0.0,1.0332,949610.0
2027-05-13 08:00:00,-95.596,0.0,1.4357,949667.47
2027-05-13 09:00:00,-104.446,0.0,1.7397,949962.77
2027-05-13 10:00:00,-106.602,0.0,1.6315,950613.67
2027-05-13 11:00:00,-107.524,0.0,1.8212,951920.82
2027-05-13 12:00:00,-102.31,0.0,1.6862,952396.62
2027-05-13 13:00:00,-93.007,14.618,1.4732,952294.75
2027-05-13 14:00:00,-86.074,75.159,1.2222,951579.5
2027-05-13 15:00:00,-75.967,178.335,1.0644,950959.16
2027-05-13 16:00:00,-61.223,295.291,0.7201,951230.54
2027-05-13 17:00:00,-54.666,384.597,0.5298,950900.39
2027-05-13 18:00:00,-34.782,442.426,0.0,951367.47
2027-05-13 19:00:00,-33.202,479.841,0.0,950371.22
2027-05-13 20:00:00,-20.306,484.237,0.0,951581.51
2027-05-13 21:00:00,-13.368,448.854,0.0,951207.99
2027-05-13 22:00:00,-10.122,393.744,0.0,951554.94
2027-05-13 23:00:00,-11.611,317.321,0.0,952037.35
2027-05-14 00:00:00,-16.768,214.083,0.0,951635.77
2027-05-14 01:00:00,-19.728,93.381,0.0,951570.59
2027-05-14 02:00:00,-27.117,0.0,0.0,950516.0
2027-05-14 03:00:00,-41.648,0.0,0.0,950880.47
2027-05-14 04:00:00,-51.332,4.431,0.2792,951311.43
2027-05-14 05:00:00,-62.304,0.0,0.3756,952189.38
2027-05-14 06:00:00,-73.668,8.114,0.7614,951844.7
2027-05-14 07:00:00,-80.811,0.0,0.8939,950523.67
2027-05-14 08:00:00,-86.208,0.966,1.1819,950812.26
2027-05-14 09:00:00,-104.289,0.0,1.6207,950337.79
2027-05-14 10:00:00,-101.864,2.94,1.5855,950673.36
2027-05-14 11:00:00,-99.126,0.0,1.6586,950682.82
2027-05-14 12:00:00,-101.247,9.637,1.6425,950528.62
2027-05-14 13:00:00,-98.117,0.0,1.4953,950327.31
2027-05-14 14:00:00,-97.446,8.577,1.3729,950766.34
2027-05-14 15:00:00,-80.313,108.348,1.0632,950955.65
2027-05-14 16:00:00,-67.131,226.342,0.6213,951020.31
2027-05-14 17:00:00,-56.271,331.496,0.5069,949945.05
2027-05-14 18:00:00,-45.8,409.379,0.1071,949669.13
2027-05-14 19:00:00,-30.889,455.549,0.0,949167.13
2027-05-14 20:00:00,-25.104,486.657,0.0,948142.09
2027-05-14 21:00:00,-18.176,486.22,0.0,948564.3
2027-05-14 22:00:00,-8.385,434.882,0.0,948171.12
2027-05-14 23:00:00,-5.41,383.979,0.0,947946.63
2027-05-15 00:00:00,-12.841,285.277,0.0,947029.96
2027-05-15 01:00:00,-19.407,172.85,0.0,947130.24
2027-05-15 02:00:00,-26.459,50.92,0.0,947261.35
2027-05-15 03:00:00,-31.641,0.0,0.0,947155.33
2027-05-15 04:00:00,-45.287,0.0,0.0,947414.18
2027-05-15 05:00:00,-48.198,0.0,0.0473,947711.77
2027-05-15 06:00:00,-63.611,0.0,0.5783,947456.04
2027-05-15 07:00:00,-71.326,0.0,0.7586,946295.04
2027-05-15 08:00:00,-84.136,3.739,1.0662,946750.77
2027-05-15 09:00:00,-87.746,0.0,1.2378,946476.84
2027-05-15 10:00:00,-93.364,0.0,1.4002,946770.92
2027-05-15 11:00:00,-103.698,0.0,1.6613,946165.3
2027-05-15 12:00:00,-101.447,1.776,1.4453,945350.35
2027-05-15 13:00:00,-97.934,0.366,1.5087,945721.97
2027-05-15 14:00:00,-94.457,0.0,1.4017,946494.04
2027-05-15 15:00:00,-82.435,27.899,1.0094,947090.41
2027-05-15 16:00:00,-74.792,148.139,0.8784,947763.35
2027-05-15 17:00:00,-58.512,254.232,0.3616,948345.73
2027-05-15 18:00:00,-46.076,353.239,0.0,947799.31
2027-05-15 19:00:00,-34.99,429.426,0.0,947715.19
2027-05-15 20:00:00,-21.521,473.695,0.0,947067.07
2027-05-15 21:00:00,-20.129,483.587,0.0,947111.5
2027-05-15 22:00:00,-9.731,470.724,0.0,946635.88
2027-05-15 23:00:00,-9.26,414.867,0.0,946697.75
2027-05-16 00:00:00,-7.574,340.347,0.0,946512.96
2027-05-16 01:00:00,-12.258,246.879,0.0,946858.55
2027-05-16 02:00:00,-16.559,142.647,0.0,947641.05
2027-05-16 03:00:00,-26.08,14.274,0.0,947931.46
2027-05-16 04:00:00,-33.698,0.0,0.0,948053.71
2027-05-16 05:00:00,-43.386,7.721,0.0,948554.28
2027-05-16 06:00:00,-53.006,0.0,0.298,948877.03
2027-05-16 07:00:00,-68.891,11.174,0.5306,948371.2
2027-05-16 08:00:00,-73.815,0.0,0.5316,947911.98
2027-05-16 09:00:00,-88.588,0.0,0.9822,948428.28
2027-05-16 10:00:00,-100.02,0.0,1.2925,947994.24
2027-05-16 11:00:00,-90.578,0.0,1.1496,947667.33
2027-05-16 12:00:00,-102.591,0.0,1.4313,947172.22
2027-05-16 13:00:00,-100.476,13.01,1.5792,946910.47
2027-05-16 14:00:00,-102.782,1.593,1.4816,947045.54
2027-05-16 15:00:00,-93.166,2.321,1.2704,946170.27
2027-05-16 16:00:00,-81.792,66.757,0.8689,945954.51
2027-05-16 17:00:00,-69.349,184.863,0.5673,945293.57
2027-05-16 18:00:00,-61.237,299.439,0.3612,946226.6
2027-05-16 19:00:00,-46.63,373.485,0.0,947349.42
2027-05-16 20:00:00,-31.922,439.045,0.0,947427.58
2027-05-16 21:00:00,-21.645,477.698,0.0,947638.24
2027-05-16 22:00:00,-13.674,488.94,0.0,947554.78
2027-05-16 23:00:00,-7.583,452.428,0.0,947506.73
2027-05-17 00:00:00,-7.642,399.163,0.0,948286.25
2027-05-17 01:00:00,-3.976,314.365,0.0,949364.97
2027-05-17 02:00:00,-13.31,217.564,0.0,949581.55
2027-05-17 03:00:00,-18.049,86.387,0.0,949203.66
2027-05-17 04:00:00,-26.638,3.68,0.0,949870.69
2027-05-17 05:00:00,-41.997,0.0,0.0,949806.73
2027-05-17 06:00:00,-45.538,4.624,0.0,949887.16
2027-05-17 07:00:00,-59.616,0.0,0.3056,949906.53
2027-05-17 08:00:00,-71.218,0.122,0.5948,951177.51
2027-05-17 09:00:00,-79.404,0.0,0.8285,950956.56
2027-05-17 10:00:00,-86.24,0.0,1.2765,951761.32
2027-05-17 11:00:00,-98.741,0.0,1.3905,950963.45
2027-05-17 12:00:00,-98.157,0.0,1.3572,951946.89
2027-05-17 13:00:00,-100.242,0.65,1.4627,951745.96
2027-05-17 14:00:00,-95.207,0.0,1.4347,951544.84
2027-05-17 15:00:00,-96.321,0.0,1.4034,951812.16
2027-05-17 16:00:00,-84.892,0.0,1.1839,951207.8
2027-05-17 17:00:00,-76.536,108.47,0.8644,952281.03
2027-05-17 18:00:00,-64.818,230.801,0.4784,952760.7
2027-05-17 19:00:00,-47.73,329.995,0.0,952907.14
2027-05-17 20:00:00,-32.779,405.738,0.0,953684.15
2027-05-17 21:00:00,-27.931,460.866,0.0,953069.84
2027-05-17 22:00:00,-20.323,479.302,0.0,953526.8
2027-05-17 23:00:00,-9.553,484.144,0.0,953317.91
2027-05-18 00:00:00,-11.269,448.203,0.0,953892.9
2027-05-18 01:00:00,-10.714,372.259,0.0,953454.92
2027-05-18 02:00:00,-4.818,293.977,0.0,952958.39
2027-05-18 03:00:00,-12.829,169.067,0.0,951924.75
2027-05-18 04:00:00,-25.43,46.523,0.0,952130.78
2027-05-18 05:00:00,-21.991,0.0,0.0,952319.43
2027-05-18 06:00:00,-45.243,0.0,0.0,952155.45
2027-05-18 07:00:00,-49.394,11.56,0.0,952674.86
2027-05-18 08:00:00,-64.745,0.0,0.097,952788.37
2027-05-18 09:00:00,-67.451,0.0,0.3183,952405.81
2027-05-18 10:00:00,-84.429,0.0,0.7332,952129.37
2027-05-18 11:00:00,-91.857,5.7,0.9551,951993.52
2027-05-18 12:00:00,-102.529,4.987,1.345,951390.7
2027-05-18 13:00:00,-94.103,0.0,0.9925,951390.36
2027-05-18 14:00:00,-102.957,0.0,1.3853,950390.1
2027-05-18 15:00:00,-97.441,0.0,1.1614,950440.04
2027-05-18 16:00:00,-94.25,8.606,1.2369,950265.0
2027-05-18 17:00:00,-88.559,33.269,1.0301,949493.16
2027-05-18 18:00:00,-81.866,151.06,0.8734,949085.54
2027-05-18 19:00:00,-63.024,271.249,0.4549,948649.77
2027-05-18 20:00:00,-50.443,365.957,0.0,948640.83
2027-05-18 21:00:00,-37.12,427.246,0.0,948566.67
2027-05-18 22:00:00,-20.914,470.998,0.0,948735.05
2027-05-18 23:00:00,-16.364,481.417,0.0,948952.22
2027-05-19 00:00:00,-9.089,464.873,0.0,948727.86
2027-05-19 01:00:00,-9.936,410.725,0.0,948976.89
2027-05-19 02:00:00,-13.77,335.565,0.0,948413.49
2027-05-19 03:00:00,-13.83,237.118,0.0,948743.43
2027-05-19 04:00:00,-21.325,138.001,0.0,948916.77
2027-05-19 05:00:00,-29.201,3.062,0.0,949442.96
2027-05-19 06:00:00,-39.55,9.75,0.0,949057.27
2027-05-19 07:00:00,-53.257,0.0,0.0,949498.21
2027-05-19 08:00:00,-54.817,8.687,0.0,949735.8
2027-05-19 09:00:00,-70.309,0.0,0.1704,950139.01
2027-05-19 10:00:00,-80.793,0.0,0.5467,950070.64
2027-05-19 11:00:00,-92.26,6.419,0.9309,949908.25
2027-05-19 12:00:00,-97.643,7.009,1.2525,949815.0
2027-05-19 13:00:00,-103.245,0.0,1.3486,950253.91
2027-05-19 14:00:00,-106.776,0.0,1.4261,950321.49
2027-05-19 15:00:00,-102.633,0.0,1.3465,950485.19
2027-05-19 16:00:00,-101.761,0.0,1.1075,951092.73
2027-05-19 17:00:00,-92.555,0.539,1.0826,952040.81
2027-05-19 18:00:00,-86.495,69.813,0.9462,951471.01
2027-05-19 19:00:00,-73.5,180.899,0.5605,950680.94
2027-05-19 20:00:00,-60.682,293.244,0.2474,950458.67
2027-05-19 21:00:00,-47.014,386.697,0.0,950987.01
2027-05-19 22:00:00,-38.935,444.422,0.0,951597.57
2027-05-19 23:00:00,-22.768,477.352,0.0,950960.48
2027-05-20 00:00:00,-20.87,476.929,0.0,951168.23
2027-05-20 01:00:00,-12.032,450.031,0.0,951516.25
2027-05-20 02:00:00,-13.094,402.369,0.0,950870.19
2027-05-20 03:00:00,-11.404,306.343,0.0,951325.85
2027-05-20 04:00:00,-13.233,212.217,0.0,950820.89
2027-05-20 05:00:00,-21.175,91.951,0.0,950930.8
2027-05-20 06:00:00,-28.802,1.224,0.0,949754.83
2027-05-20 07:00:00,-42.374,0.0,0.0,949800.94
2027-05-20 08:00:00,-49.246,0.0,0.0,949052.96
2027-05-20 09:00:00,-64.248,0.0,0.0606,948151.16
2027-05-20 10:00:00,-74.668,0.0,0.4808,948534.16
2027-05-20 11:00:00,-82.233,1.657,0.753,948051.26
2027-05-20 12:00:00,-88.53,2.287,0.8357,948109.68
2027-05-20 13:00:00,-98.859,10.864,1.3377,947834.13
2027-05-20 14:00:00,-99.737,1.391,1.1631,947764.46
2027-05-20 15:00:00,-102.655,0.0,1.3397,947452.79
2027-05-20 16:00:00,-101.049,5.815,1.3778,947316.71
2027-05-20 17:00:00,-101.108,0.0,1.4572,946781.23
2027-05-20 18:00:00,-93.738,10.06,1.0712,946759.28
2027-05-20 19:00:00,-81.887,120.115,0.9029,947209.98
2027-05-20 20:00:00,-69.012,225.289,0.4824,947140.07
2027-05-20 21:00:00,-58.99,331.768,0.1245,947377.91
2027-05-20 22:00:00,-47.9,404.341,0.0,947509.82
2027-05-20 23:00:00,-38.698,460.176,0.0,947509.95
2027-05-21 00:00:00,-21.301,486.68,0.0,947319.13
2027-05-21 01:00:00,-13.95,480.796,0.0,946745.33
2027-05-21 02:00:00,-18.882,440.952,0.0,946888.26
2027-05-21 03:00:00,-11.591,369.914,0.0,946162.05
2027-05-21 04:00:00,-15.371,291.159,0.0,945985.53
2027-05-21 05:00:00,-15.577,168.122,0.0,945905.77
2027-05-21 06:00:00,-28.421,42.145,0.0,945970.79
2027-05-21 07:00:00,-35.04,0.0,0.0,946230.29
2027-05-21 08:00:00,-46.982,7.37,0.0,946917.14
2027-05-21 09:00:00,-58.515,0.0,0.0471,947532.52
2027-05-21 10:00:00,-65.195,0.795,0.5045,948349.32
2027-05-21 11:00:00,-74.304,0.0,0.4976,948441.66
2027-05-21 12:00:00,-90.609,0.0,1.0168,948521.37
2027-05-21 13:00:00,-91.09,0.0,1.0355,948512.5
2027-05-21 14:00:00,-102.776,2.356,1.2416,948174.94
2027-05-21 15:00:00,-110.144,0.0,1.4788,947960.31
2027-05-21 16:00:00,-104.186,2.175,1.3707,948188.47
2027-05-21 17:00:00,-100.5,1.697,1.2921,948365.57
2027-05-21 18:00:00,-102.466,0.0,1.2734,947914.37
2027-05-21 19:00:00,-96.574,25.086,1.219,947419.44
2027-05-21 20:00:00,-80.435,145.362,0.7704,947396.67
2027-05-21 21:00:00,-67.573,279.049,0.5967,947729.79
2027-05-21 22:00:00,-49.436,365.089,0.0904,947564.88
2027-05-21 23:00:00,-41.509,435.083,0.0,948530.2
2027-05-22 00:00:00,-28.654,468.032,0.0,947997.48
2027-05-22 01:00:00,-21.529,484.036,0.0,948018.62
2027-05-22 02:00:00,-11.016,461.244,0.0,947119.82
2027-05-22 03:00:00,-14.948,410.048,0.0,946476.8
2027-05-22 04:00:00,-13.065,338.051,0.0,946376.42
2027-05-22 05:00:00,-20.732,249.996,0.0,946085.85
2027-05-22 06:00:00,-19.616,134.226,0.0,946284.66
2027-05-22 07:00:00,-28.121,3.436,0.0,946645.81
2027-05-22 08:00:00,-37.178,0.0,0.0,945629.01
2027-05-22 09:00:00,-49.363,3.746,0.0,945635.25
2027-05-22 10:00:00,-64.103,0.0,0.1958,945961.01
2027-05-22 11:00:00,-70.083,0.398,0.385,946270.89
2027-05-22 12:00:00,-82.176,2.009,0.8026,945710.01
2027-05-22 13:00:00,-86.535,1.955,0.8761,944815.69
2027-05-22 14:00:00,-97.577,1.271,1.1977,945362.38
2027-05-22 15:00:00,-102.691,0.0,1.3573,945311.99
2027-05-22 16:00:00,-97.309,0.0,1.262,945226.37
2027-05-22 17:00:00,-101.928,0.0,1.59,945825.44
2027-05-22 18:00:00,-98.355,0.0,1.4081,946641.81
2027-05-22 19:00:00,-97.449,0.0,1.2715,946874.44
2027-05-22 20:00:00,-90.016,78.161,1.1851,946676.42
2027-05-22 21:00:00,-71.398,185.36,0.6732,946812.25
2027-05-22 22:00:00,-56.914,299.391,0.1167,946460.87
2027-05-22 23:00:00,-52.415,388.471,0.0,946315.06
2027-05-23 00:00:00,-38.014,437.053,0.0,946420.87
2027-05-23 01:00:00,-28.854,477.759,0.0,947170.89
2027-05-23 02:00:00,-16.575,489.282,0.0,947704.44
2027-05-23 03:00:00,-9.865,454.688,0.0,946963.31
2027-05-23 04:00:00,-12.568,384.272,0.0,948008.82
2027-05-23 05:00:00,-13.352,313.197,0.0,948160.92
2027-05-23 06:00:00,-23.372,202.438,0.0,948807.07
2027-05-23 07:00:00,-27.357,92.593,0.0,949525.25
2027-05-23 08:00:00,-29.104,0.0,0.0,949330.4
2027-05-23 09:00:00,-40.637,0.0,0.0,949602.62
2027-05-23 10:00:00,-48.468,0.0,0.0,949784.98
2027-05-23 11:00:00,-63.141,0.016,0.2822,949284.22
2027-05-23 12:00:00,-73.865,0.0,0.4448,948985.99
2027-05-23 13:00:00,-82.757,0.0,0.8245,948356.08
2027-05-23 14:00:00,-90.191,0.0,1.0453,948543.91
2027-05-23 15:00:00,-93.234,2.453,1.1967,948725.34
2027-05-23 16:00:00,-103.844,0.876,1.5118,948568.72
2027-05-23 17:00:00,-104.178,0.0,1.756,949209.2
2027-05-23 18:00:00,-105.467,4.965,1.5472,948081.98
2027-05-23 19:00:00,-105.857,0.0,1.5237,947754.37
2027-05-23 20:00:00,-91.173,0.809,1.3079,947145.48
2027-05-23 21:00:00,-77.626,119.035,0.981,946829.61
2027-05-23 22:00:00,-67.406,231.62,0.5367,947379.35
2027-05-23 23:00:00,-56.527,335.72,0.3654,947670.1
2027-05-24 00:00:00,-39.092,407.041,0.0,948589.59
2027-05-24 01:00:00,-31.902,465.915,0.0,948174.98
2027-05-24 02:00:00,-21.347,483.842,0.0,947622.03
2027-05-24 03:00:00,-16.441,477.048,0.0,947441.9
2027-05-24 04:00:00,-11.57,437.171,0.0,948246.98
2027-05-24 05:00:00,-11.564,373.902,0.0,949073.42
2027-05-24 06:00:00,-11.246,280.11,0.0,948595.2
2027-05-24 07:00:00,-22.263,165.24,0.0,949274.76
2027-05-24 08:00:00,-25.868,44.388,0.0,949825.18
2027-05-24 09:00:00,-37.843,0.0,0.0,949548.44
2027-05-24 10:00:00,-42.976,0.0,0.0,951125.06
2027-05-24 11:00:00,-47.267,0.0,0.0,951346.82
2027-05-24 12:00:00,-63.308,0.0,0.3727,951955.14
2027-05-24 13:00:00,-72.595,0.0,0.5638,952710.2
2027-05-24 14:00:00,-81.845,9.927,0.9528,952244.31
2027-05-24 15:00:00,-100.056,0.0,1.2837,952074.65
2027-05-24 16:00:00,-99.21,9.517,1.352,951593.31
2027-05-24 17:00:00,-101.697,2.016,1.5852,951687.06
2027-05-24 18:00:00,-110.357,0.0,1.8381,951117.83
2027-05-24 19:00:00,-103.282,0.0,1.7814,951179.82
2027-05-24 20:00:00,-98.311,0.023,1.5629,950934.62
2027-05-24 21:00:00,-93.679,44.398,1.5018,950191.65
2027-05-24 22:00:00,-81.022,163.258,0.9769,950377.55
2027-05-24 23:00:00,-61.867,267.334,0.5149,950577.6
2027-05-25 00:00:00,-64.123,353.538,0.4342,950557.59
2027-05-25 01:00:00,-39.84,424.615,0.0,950120.56
2027-05-25 02:00:00,-25.665,467.53,0.0,950633.03
2027-05-25 03:00:00,-19.782,490.111,0.0,950618.48
2027-05-25 04:00:00,-9.962,472.573,0.0,949702.45
2027-05-25 05:00:00,-12.266,416.101,0.0,949785.62
2027-05-25 06:00:00,-13.431,337.509,0.0,949976.99
2027-05-25 07:00:00,-14.692,248.781,0.0,949590.83
2027-05-25 08:00:00,-22.35,122.594,0.0,950804.69
2027-05-25 09:00:00,-31.926,5.965,0.0,950397.55
2027-05-25 10:00:00,-39.126,2.315,0.0,950611.01
2027-05-25 11:00:00,-50.62,0.0,0.0,950579.34
2027-05-25 12:00:00,-61.092,0.0,0.4104,950882.09
2027-05-25 13:00:00,-72.204,0.0,0.5599,950437.38
2027-05-25 14:00:00,-77.183,7.084,0.7329,950800.9
2027-05-25 15:00:00,-90.889,9.572,1.236,950470.25
2027-05-25 16:00:00,-99.31,0.574,1.333,949483.84
2027-05-25 17:00:00,-103.809,0.0,1.4147,949488.85
2027-05-25 18:00:00,-101.906,0.0,1.3484,950035.78
2027-05-25 19:00:00,-101.266,0.009,1.4549,950550.63
2027-05-25 20:00:00,-98.335,0.0,1.4339,950005.17
2027-05-25 21:00:00,-95.083,0.0,1.2781,949896.86
2027-05-25 22:00:00,-85.081,78.664,0.9831,949419.37
2027-05-25 23:00:00,-74.444,192.527,0.6618,949973.39
2027-05-26 00:00:00,-60.163,298.998,0.2792,950157.11
2027-05-26 01:00:00,-48.197,385.043,0.1168,950490.04
2027-05-26 02:00:00,-39.85,445.484,0.0,950226.69
2027-05-26 03:00:00,-29.942,477.098,0.0,949958.79
2027-05-26 04:00:00,-15.243,484.401,0.0,950173.42
2027-05-26 05:00:00,-13.998,441.989,0.0,950306.57
2027-05-26 06:00:00,-8.375,399.856,0.0,950117.22
2027-05-26 07:00:00,-16.454,308.494,0.0,949764.25
2027-05-26 08:00:00,-18.267,206.823,0.0,949808.24
2027-05-26 09:00:00,-28.941,90.198,0.0,950222.02
2027-05-26 10:00:00,-31.509,0.0,0.0,950571.58
2027-05-26 11:00:00,-43.596,0.0,0.0,950997.0
2027-05-26 12:00:00,-53.43,0.0,0.1571,950681.74
2027-05-26 13:00:00,-57.049,0.0,0.0921,950921.9
2027-05-26 14:00:00,-71.739,3.496,0.5947,951569.08
2027-05-26 15:00:00,-82.495,0.0,0.8007,951988.0
2027-05-26 16:00:00,-96.203,3.04,1.2993,951112.58
2027-05-26 17:00:00,-104.585,0.0,1.5907,950551.99
2027-05-26 18:00:00,-100.241,0.0,1.4851,951008.56
2027-05-26 19:00:00,-111.328,5.836,1.6349,951142.39
2027-05-26 20:00:00,-104.629,0.0,1.4922,950869.19
2027-05-26 21:00:00,-101.67,0.0,1.4112,950700.37
2027-05-26 22:00:00,-96.03,0.0,1.2526,951161.94
2027-05-26 23:00:00,-83.79,102.538,1.0764,951174.02
2027-05-27 00:00:00,-72.166,227.114,0.5035,950897.19
2027-05-27 01:00:00,-59.213,336.963,0.2913,950748.41
2027-05-27 02:00:00,-42.555,406.85,0.0,950860.31
2027-05-27 03:00:00,-28.716,459.067,0.0,951501.41
2027-05-27 04:00:00,-27.709,471.566,0.0,951380.53
2027-05-27 05:00:00,-15.022,465.704,0.0,950413.54
2027-05-27 06:00:00,-9.839,439.844,0.0,951541.91
2027-05-27 07:00:00,-9.466,369.0,0.0,950966.04
2027-05-27 08:00:00,-13.732,267.819,0.0,951726.58
2027-05-27 09:00:00,-20.185,161.835,0.0,951336.99
2027-05-27 10:00:00,-24.634,44.87,0.0,951128.45
2027-05-27 11:00:00,-34.309,0.0,0.0,951005.86
2027-05-27 12:00:00,-50.239,0.0,0.0,951276.83
2027-05-27 13:00:00,-55.4,0.0,0.0,950749.21
2027-05-27 14:00:00,-65.106,2.863,0.322,951019.68
2027-05-27 15:00:00,-79.691,2.959,0.6157,950752.98
2027-05-27 16:00:00,-87.596,4.376,0.9838,950276.45
2027-05-27 17:00:00,-93.257,0.0,1.1304,950292.07
2027-05-27 18:00:00,-103.262,0.29,1.4386,950415.71
2027-05-27 19:00:00,-103.964,0.0,1.2674,950277.49
2027-05-27 20:00:00,-108.549,0.0,1.4786,950336.78
2027-05-27 21:00:00,-106.887,0.0,1.5898,950390.39
2027-05-27 22:00:00,-96.557,0.0,1.2048,950734.4
2027-05-27 23:00:00,-87.133,22.409,1.0441,950578.2
2027-05-28 00:00:00,-81.774,163.679,1.0096,950985.33
2027-05-28 01:00:00,-63.033,269.697,0.4175,950395.85
2027-05-28 02:00:00,-52.94,353.495,0.1325,951422.75
2027-05-28 03:00:00,-46.801,432.847,0.0,950640.06
2027-05-28 04:00:00,-33.778,470.012,0.0,950804.96
2027-05-28 05:00:00,-18.925,481.429,0.0,951428.56
2027-05-28 06:00:00,-19.395,459.735,0.0,951783.54
2027-05-28 07:00:00,-13.582,416.381,0.0,951843.19
2027-05-28 08:00:00,-12.138,333.106,0.0,951656.57
2027-05-28 09:00:00,-14.031,233.262,0.0,951955.69
2027-05-28 10:00:00,-21.208,130.63,0.0,950665.63
2027-05-28 11:00:00,-25.942,2.234,0.0,949605.86
2027-05-28 12:00:00,-41.812,0.0,0.0,949869.66
2027-05-28 13:00:00,-48.804,3.462,0.0,949868.5
2027-05-28 14:00:00,-58.563,0.0,0.2592,950099.51
2027-05-28 15:00:00,-68.309,0.0,0.3792,950097.97
2027-05-28 16:00:00,-76.966,1.529,0.6805,949740.29
2027-05-28 17:00:00,-90.755,0.0,1.0867,949092.76
2027-05-28 18:00:00,-93.5,1.105,1.0223,948979.09
2027-05-28 19:00:00,-103.474,0.0,1.4137,949547.11
2027-05-28 20:00:00,-103.132,4.277,1.466,950038.67
2027-05-28 21:00:00,-101.172,2.733,1.4753,949871.61
2027-05-28 22:00:00,-96.81,2.073,1.3751,949985.33
2027-05-28 23:00:00,-92.925,0.0,1.2931,950048.91
2027-05-29 00:00:00,-84.455,78.61,1.0856,949586.15
2027-05-29 01:00:00,-73.243,190.988,0.8935,948714.84
2027-05-29 02:00:00,-58.942,301.725,0.5778,948767.27
2027-05-29 03:00:00,-41.897,375.873,0.0,949459.86
2027-05-29 04:00:00,-33.42,440.267,0.0,949787.45
2027-05-29 05:00:00,-23.884,485.513,0.0,950295.72
2027-05-29 06:00:00,-22.124,482.044,0.0,950788.72
2027-05-29 07:00:00,-15.388,448.054,0.0,951781.25
2027-05-29 08:00:00,-12.806,385.858,0.0,953124.06
2027-05-29 09:00:00,-10.637,300.351,0.0,953133.5
2027-05-29 10:00:00,-21.14,202.4,0.0,952828.54
2027-05-29 11:00:00,-23.749,82.304,0.0,951884.23
2027-05-29 12:00:00,-33.917,7.733,0.0,951723.41
2027-05-29 13:00:00,-41.816,0.0,0.0,951484.89
2027-05-29 14:00:00,-53.64,0.294,0.0098,951240.99
2027-05-29 15:00:00,-65.481,0.0,0.3445,950964.29
2027-05-29 16:00:00,-77.686,0.0,0.9424,951169.68
2027-05-29 17:00:00,-83.053,0.885,0.9509,951084.74
2027-05-29 18:00:00,-93.198,0.0,1.3133,950845.92
2027-05-29 19:00:00,-102.537,0.0,1.5209,950659.67
2027-05-29 20:00:00,-102.677,1.635,1.5934,951167.73
2027-05-29 21:00:00,-93.992,7.574,1.3334,951375.21
2027-05-29 22:00:00,-104.292,0.725,1.5632,952163.57
2027-05-29 23:00:00,-94.508,5.721,1.2216,952602.04
2027-05-30 00:00:00,-101.482,3.108,1.4133,951929.97
2027-05-30 01:00:00,-82.746,125.582,0.9682,951687.29
2027-05-30 02:00:00,-66.577,231.352,0.5291,952593.92
2027-05-30 03:00:00,-56.043,332.472,0.2603,952488.97
2027-05-30 04:00:00,-45.69,410.063,0.052,953243.4
2027-05-30 05:00:00,-31.607,464.836,0.0,952789.23
2027-05-30 06:00:00,-18.41,487.255,0.0,952385.1
2027-05-30 07:00:00,-7.989,473.901,0.0,951400.77
2027-05-30 08:00:00,-6.832,437.082,0.0,950851.58
2027-05-30 09:00:00,-11.191,361.366,0.0,951842.39
2027-05-30 10:00:00,-13.287,276.578,0.0,952552.25
2027-05-30 11:00:00,-18.728,167.625,0.0,952458.4
2027-05-30 12:00:00,-29.528,45.833,0.0,953028.98
2027-05-30 13:00:00,-35.697,0.671,0.0,953464.5
2027-05-30 14:00:00,-44.897,3.567,0.1264,953315.28
2027-05-30 15:00:00,-58.016,0.0,0.2912,952506.55
2027-05-30 16:00:00,-62.523,0.992,0.6654,952462.68
2027-05-30 17:00:00,-73.818,1.503,0.751,952559.01
2027-05-30 18:00:00,-86.373,0.0,1.1829,953035.14
2027-05-30 19:00:00,-91.932,2.373,1.2004,952447.74
2027-05-30 20:00:00,-101.611,0.0,1.4397,952035.18
2027-05-30 21:00:00,-103.326,0.0,1.618,952419.82
2027-05-30 22:00:00,-100.098,0.199,1.6473,952475.22
2027-05-30 23:00:00,-97.709,0.0,1.4548,952920.26
2027-05-31 00:00:00,-96.053,0.413,1.5095,952406.42
2027-05-31 01:00:00,-85.574,40.396,1.2054,952157.89
2027-05-31 02:00:00,-75.008,156.191,0.8614,952283.23
2027-05-31 03:00:00,-64.664,273.01,0.6663,952096.71
2027-05-31 04:00:00,-49.804,358.783,0.1745,951652.0
2027-05-31 05:00:00,-35.438,443.064,0.0,951937.08
2027-05-31 06:00:00,-25.071,472.227,0.0,951731.19
2027-05-31 07:00:00,-22.724,477.54,0.0,952049.81
2027-05-31 08:00:00,-10.968,457.885,0.0,952178.45
2027-05-31 09:00:00,-8.312,418.071,0.0,952641.82
2027-05-31 10:00:00,-14.642,333.189,0.0,952907.0
2027-05-31 11:00:00,-14.847,229.671,0.0,953663.62
2027-05-31 12:00:00,-17.528,126.744,0.0,954573.59
2027-05-31 13:00:00,-24.833,0.0,0.0,954898.36
2027-05-31 14:00:00,-42.2,3.267,0.0,953845.03
2027-05-31 15:00:00,-44.318,4.678,0.0,953319.66
2027-05-31 16:00:00,-64.266,1.372,0.568,952548.77
2027-05-31 17:00:00,-64.881,11.98,0.5092,952318.98
2027-05-31 18:00:00,-80.152,0.0,0.9451,952623.54
2027-05-31 19:00:00,-90.163,0.0,1.2704,952757.0
2027-05-31 20:00:00,-94.528,0.0,1.4119,953003.13
2027-05-31 21:00:00,-103.104,11.306,1.7833,953443.86
2027-05-31 22:00:00,-100.723,8.99,1.6126,952579.04
2027-05-31 23:00:00,-102.604,6.443,1.5811,951385.12
2027-06-01 00:00:00,-110.652,0.0,1.7848,951427.02
2027-06-01 01:00:00,-95.63,0.0,1.3355,952505.27
2027-06-01 02:00:00,-83.754,77.523,0.9899,952309.33
2027-06-01 03:00:00,-68.858,195.306,0.724,952825.73
2027-06-01 04:00:00,-57.488,311.379,0.4349,953266.75
2027-06-01 05:00:00,-42.912,387.766,0.0,953077.51
2027-06-01 06:00:00,-36.427,448.379,0.0,953366.99
2027-06-01 07:00:00,-21.13,483.773,0.0,953762.18
2027-06-01 08:00:00,-13.035,471.561,0.0,952315.71
2027-06-01 09:00:00,-14.888,449.133,0.0,952897.76
2027-06-01 10:00:00,-4.523,383.392,0.0,953547.51
2027-06-01 11:00:00,-8.272,302.302,0.0,952552.1
2027-06-01 12:00:00,-15.446,196.124,0.0,953176.83
2027-06-01 13:00:00,-23.436,78.295,0.0,952270.2
2027-06-01 14:00:00,-34.256,1.128,0.0,952133.65
2027-06-01 15:00:00,-37.746,1.106,0.0,952379.72
2027-06-01 16:00:00,-48.962,0.0,0.0,952553.47
2027-06-01 17:00:00,-58.128,1.853,0.1598,951895.65
2027-06-01 18:00:00,-70.416,0.0,0.5942,952974.77
2027-06-01 19:00:00,-79.621,3.408,0.9543,951908.51
2027-06-01 20:00:00,-89.493,0.0,1.0797,951996.03
2027-06-01 21:00:00,-92.335,0.0,1.3135,951607.04
2027-06-01 22:00:00,-97.915,0.0,1.4338,951359.83
2027-06-01 23:00:00,-99.894,0.0,1.542,951241.5
2027-06-02 00:00:00,-99.716,9.353,1.5138,952177.63
2027-06-02 01:00:00,-100.805,0.0,1.4522,952196.22
2027-06-02 02:00:00,-95.657,0.0,1.1835,952696.47
2027-06-02 03:00:00,-79.77,127.254,0.8431,952036.04
2027-06-02 04:00:00,-63.047,234.303,0.4768,951527.24
2027-06-02 05:00:00,-55.621,336.804,0.1928,951149.54
2027-06-02 06:00:00,-43.404,409.423,0.0,951387.15
2027-06-02 07:00:00,-32.339,469.29,0.0,951566.77
2027-06-02 08:00:00,-24.361,480.479,0.0,952232.46
2027-06-02 09:00:00,-16.139,479.753,0.0,952470.32
2027-06-02 10:00:00,-8.92,426.321,0.0,952655.9
2027-06-02 11:00:00,-11.149,361.04,0.0,953108.31
2027-06-02 12:00:00,-13.724,277.035,0.0,953583.12
2027-06-02 13:00:00,-19.857,160.969,0.0,954016.72
2027-06-02 14:00:00,-25.18,51.239,0.0,953631.77
2027-06-02 15:00:00,-34.033,0.0,0.0,952854.29
2027-06-02 16:00:00,-50.386,1.285,0.0333,953061.52
2027-06-02 17:00:00,-56.969,9.526,0.1756,953817.71
2027-06-02 18:00:00,-65.414,0.0,0.434,953419.32
2027-06-02 19:00:00,-74.433,0.0,0.8409,953868.19
2027-06-02 20:00:00,-85.199,0.0,0.8991,954746.67
2027-06-02 21:00:00,-90.92,4.067,1.2696,953907.2
2027-06-02 22:00:00,-103.777,0.0,1.5161,953872.64
2027-06-02 23:00:00,-101.311,2.985,1.6898,953623.54
2027-06-03 00:00:00,-97.35,2.634,1.4485,953877.37
2027-06-03 01:00:00,-100.685,10.072,1.3472,952867.38
2027-06-03 02:00:00,-95.901,5.227,1.3156,952693.76
2027-06-03 03:00:00,-86.312,44.455,1.0212,952495.38
2027-06-03 04:00:00,-78.462,169.533,1.0797,951555.3
2027-06-03 05:00:00,-67.629,275.027,0.5933,952015.79
2027-06-03 06:00:00,-51.372,362.044,0.2926,951676.93
2027-06-03 07:00:00,-44.623,427.107,0.0699,950941.61
2027-06-03 08:00:00,-28.163,470.522,0.0,950970.94
2027-06-03 09:00:00,-19.074,483.141,0.0,951727.15
2027-06-03 10:00:00,-19.605,462.98,0.0,951634.6
2027-06-03 11:00:00,-11.892,400.354,0.0,951074.51
2027-06-03 12:00:00,-13.153,332.316,0.0,950924.55
2027-06-03 13:00:00,-11.701,234.412,0.0,950306.56
2027-06-03 14:00:00,-18.829,122.734,0.0,950327.82
2027-06-03 15:00:00,-28.934,8.134,0.0,950797.77
2027-06-03 16:00:00,-36.295,0.928,0.0,950437.83
2027-06-03 17:00:00,-50.78,0.0,0.0,950558.26
2027-06-03 18:00:00,-59.151,0.0,0.2566,950929.03
2027-06-03 19:00:00,-71.072,3.435,0.5032,951150.1
2027-06-03 20:00:00,-83.816,0.0,0.8344,950855.13
2027-06-03 21:00:00,-89.397,4.334,1.0956,951132.63
2027-06-03 22:00:00,-96.791,6.987,1.2599,950507.82
2027-06-03 23:00:00,-102.407,0.0,1.4864,951625.43
2027-06-04 00:00:00,-104.421,2.769,1.3811,950907.67
2027-06-04 01:00:00,-104.075,6.463,1.5235,950749.11
2027-06-04 02:00:00,-99.574,5.095,1.3517,950819.26
2027-06-04 03:00:00,-98.694,0.0,1.3926,950288.55
2027-06-04 04:00:00,-91.06,79.95,1.1339,950379.78
2027-06-04 05:00:00,-73.391,195.2,0.6158,950805.25
2027-06-04 06:00:00,-59.21,308.584,0.4059,951173.35
2027-06-04 07:00:00,-48.293,392.643,0.0529,950730.93
2027-06-04 08:00:00,-41.016,436.478,0.0,951299.03
2027-06-04 09:00:00,-27.441,478.8,0.0,952080.87
2027-06-04 10:00:00,-17.566,483.632,0.0,952079.1
2027-06-04 11:00:00,-16.681,448.721,0.0,952931.89
2027-06-04 12:00:00,-14.629,388.14,0.0,953369.31
2027-06-04 13:00:00,-14.113,299.995,0.0,953129.11
2027-06-04 14:00:00,-14.455,191.447,0.0,952548.73
2027-06-04 15:00:00,-25.544,78.874,0.0,952883.13
2027-06-04 16:00:00,-36.704,0.26,0.0,952877.23
2027-06-04 17:00:00,-44.048,3.076,0.0,952604.11
2027-06-04 18:00:00,-55.571,3.482,0.0203,953021.8
2027-06-04 19:00:00,-66.377,0.429,0.3951,952052.97
2027-06-04 20:00:00,-73.479,5.475,0.5784,951615.26
2027-06-04 21:00:00,-91.488,0.0,0.8314,951369.22
2027-06-04 22:00:00,-89.574,0.0,0.9614,951238.44
2027-06-04 23:00:00,-93.306,2.385,1.0015,951241.21
2027-06-05 00:00:00,-103.595,0.632,1.342,951340.05
2027-06-05 01:00:00,-108.131,2.485,1.5114,951409.89
2027-06-05 02:00:00,-100.778,0.0,1.369,951246.9
2027-06-05 03:00:00,-99.246,8.954,1.2437,951298.47
2027-06-05 04:00:00,-95.671,6.866,1.2149,950973.26
2027-06-05 05:00:00,-85.711,123.738,0.9152,950569.66
2027-06-05 06:00:00,-71.733,234.283,0.5699,950428.11
2027-06-05 07:00:00,-57.618,342.699,0.0765,949883.06
2027-06-05 08:00:00,-42.98,408.378,0.0,950178.82
2027-06-05 09:00:00,-32.86,475.043,0.0,950375.73
2027-06-05 10:00:00,-23.272,480.576,0.0,949558.94
2027-06-05 11:00:00,-18.699,480.922,0.0,949143.92
2027-06-05 12:00:00,-11.6,429.576,0.0,948944.71
2027-06-05 13:00:00,-13.73,368.784,0.0,949185.29
2027-06-05 14:00:00,-10.848,264.284,0.0,949565.22
2027-06-05 15:00:00,-23.77,157.827,0.0,949489.94
2027-06-05 16:00:00,-29.623,41.346,0.0,948819.22
2027-06-05 17:00:00,-32.807,3.31,0.0,948853.53
2027-06-05 18:00:00,-45.479,5.504,0.0,948159.01
2027-06-05 19:00:00,-56.466,0.0,0.0,947940.46
2027-06-05 20:00:00,-68.79,0.424,0.4677,948538.06
2027-06-05 21:00:00,-79.985,6.242,0.7284,947773.75
2027-06-05 22:00:00,-90.623,0.0,1.1487,948149.07
2027-06-05 23:00:00,-99.612,2.863,1.4012,947926.5
2027-06-06 00:00:00,-108.106,0.0,1.6568,946995.3
2027-06-06 01:00:00,-105.303,1.029,1.5512,947579.81
2027-06-06 02:00:00,-112.451,0.423,1.6802,947324.02
2027-06-06 03:00:00,-103.416,0.0,1.4529,946863.95
2027-06-06 04:00:00,-101.516,0.0,1.4984,947192.51
2027-06-06 05:00:00,-95.213,45.938,1.4346,946970.11
2027-06-06 06:00:00,-76.827,164.694,0.8441,945733.18
2027-06-06 07:00:00,-72.39,282.4,0.7043,946085.79
2027-06-06 08:00:00,-57.144,371.188,0.4311,946216.5
2027-06-06 09:00:00,-44.756,435.55,0.0,945382.15
2027-06-06 10:00:00,-31.904,470.217,0.0,946344.04
2027-06-06 11:00:00,-25.729,479.236,0.0,945805.55
2027-06-06 12:00:00,-13.473,471.339,0.0,945826.6
2027-06-06 13:00:00,-19.976,404.736,0.0,946268.68
2027-06-06 14:00:00,-3.671,332.21,0.0,946402.75
2027-06-06 15:00:00,-23.303,233.885,0.0,946961.6
2027-06-06 16:00:00,-18.082,115.977,0.0,946708.06
2027-06-06 17:00:00,-32.236,0.0,0.0,946243.36
2027-06-06 18:00:00,-43.731,0.0,0.0,945915.27
2027-06-06 19:00:00,-52.241,0.0,0.0,945675.81
2027-06-06 20:00:00,-64.468,0.0,0.3277,945618.82
2027-06-06 21:00:00,-72.786,6.639,0.3929,945974.81
2027-06-06 22:00:00,-86.565,0.0,0.7926,946549.28
2027-06-06 23:00:00,-91.137,0.0,1.0885,947928.82
2027-06-07 00:00:00,-99.533,0.535,1.1561,948135.43
2027-06-07 01:00:00,-107.627,3.34,1.5652,948843.15
2027-06-07 02:00:00,-105.415,0.0,1.4244,949760.97
2027-06-07 03:00:00,-104.595,4.51,1.383,949320.29
2027-06-07 04:00:00,-104.878,0.0,1.4421,948785.26
2027-06-07 05:00:00,-98.192,5.857,1.2993,948723.69
2027-06-07 06:00:00,-86.301,86.739,1.0261,949205.76
2027-06-07 07:00:00,-71.516,203.769,0.447,949868.51
2027-06-07 08:00:00,-62.507,304.599,0.4997,949991.67
2027-06-07 09:00:00,-46.344,386.088,0.0,949882.63
2027-06-07 10:00:00,-34.035,442.732,0.0,950110.99
2027-06-07 11:00:00,-23.606,476.965,0.0,949562.27
2027-06-07 12:00:00,-18.505,482.386,0.0,949583.55
2027-06-07 13:00:00,-18.302,442.352,0.0,949555.34
2027-06-07 14:00:00,-12.262,378.254,0.0,950459.36
2027-06-07 15:00:00,-16.707,295.363,0.0,949536.99
2027-06-07 16:00:00,-19.231,192.53,0.0,949947.5
2027-06-07 17:00:00,-30.701,74.716,0.0,950030.48
2027-06-07 18:00:00,-39.363,0.0,0.0,950028.97
2027-06-07 19:00:00,-48.08,5.163,0.0,950220.59
2027-06-07 20:00:00,-60.22,6.246,0.1883,949986.92
2027-06-07 21:00:00,-68.385,10.027,0.3932,949647.03
2027-06-07 22:00:00,-80.124,0.0,0.8263,950073.96
2027-06-07 23:00:00,-85.539,0.0,0.8482,950209.49
2027-06-08 00:00:00,-98.436,3.492,1.2665,950083.97
2027-06-08 01:00:00,-103.529,0.0,1.4178,950217.94
2027-06-08 02:00:00,-104.697,4.304,1.4794,950238.38
2027-06-08 03:00:00,-100.493,1.036,1.4552,951309.31
2027-06-08 04:00:00,-106.606,7.896,1.588,951295.29
2027-06-08 05:00:00,-104.849,5.214,1.5823,951376.39
2027-06-08 06:00:00,-97.416,11.198,1.2441,950945.57
2027-06-08 07:00:00,-85.017,125.656,0.9523,950782.37
2027-06-08 08:00:00,-71.595,240.806,0.618,950748.22
2027-06-08 09:00:00,-49.858,337.766,0.097,951343.52
2027-06-08 10:00:00,-41.118,407.854,0.0,951099.09
2027-06-08 11:00:00,-32.924,472.014,0.0,950952.08
2027-06-08 12:00:00,-17.23,487.65,0.0,950385.15
2027-06-08 13:00:00,-18.193,470.22,0.0,950173.9
2027-06-08 14:00:00,-13.832,436.015,0.0,949841.95
2027-06-08 15:00:00,-14.407,356.155,0.0,949452.4
2027-06-08 16:00:00,-12.851,256.728,0.0,950348.52
2027-06-08 17:00:00,-21.682,160.397,0.0,950065.91
2027-06-08 18:00:00,-26.164,28.374,0.0,951047.42
2027-06-08 19:00:00,-38.465,0.0,0.0,950981.37
2027-06-08 20:00:00,-46.268,1.031,0.0,950231.98
2027-06-08 21:00:00,-64.635,1.927,0.2165,950303.84
2027-06-08 22:00:00,-74.757,4.242,0.6182,949901.97
2027-06-08 23:00:00,-85.357,2.904,0.907,950253.84
2027-06-09 00:00:00,-90.801,2.749,1.073,951276.06
2027-06-09 01:00:00,-101.941,0.0,1.3366,950144.28
2027-06-09 02:00:00,-98.824,1.471,1.2879,949552.95
2027-06-09 03:00:00,-106.61,0.0,1.609,949854.59
2027-06-09 04:00:00,-103.979,7.811,1.4989,950152.57
2027-06-09 05:00:00,-104.683,0.0,1.3267,949915.9
2027-06-09 06:00:00,-95.861,0.0,1.318,949161.71
2027-06-09 07:00:00,-95.988,41.206,1.355,948881.21
2027-06-09 08:00:00,-78.04,164.053,0.6202,948969.04
2027-06-09 09:00:00,-63.869,276.848,0.3326,948013.7
2027-06-09 10:00:00,-50.947,365.344,0.1203,947476.74
2027-06-09 11:00:00,-41.191,441.156,0.0,948111.9
2027-06-09 12:00:00,-34.094,475.901,0.0,947937.09
2027-06-09 13:00:00,-17.959,481.127,0.0,948264.95
2027-06-09 14:00:00,-15.821,460.234,0.0,946939.49
2027-06-09 15:00:00,-12.851,414.699,0.0,946692.24
2027-06-09 16:00:00,-6.006,334.459,0.0,947245.38
2027-06-09 17:00:00,-16.126,224.231,0.0,946737.33
2027-06-09 18:00:00,-24.128,111.684,0.0,947322.86
2027-06-09 19:00:00,-33.314,2.374,0.0,947177.38
2027-06-09 20:00:00,-37.622,1.767,0.0,946519.51
2027-06-09 21:00:00,-52.176,0.0,0.0,945541.73
2027-06-09 22:00:00,-58.835,3.746,0.0213,945331.5
2027-06-09 23:00:00,-68.297,0.0,0.2175,945590.44
2027-06-10 00:00:00,-81.956,6.519,0.6635,946054.34
2027-06-10 01:00:00,-87.462,2.647,0.9027,946460.58
2027-06-10 02:00:00,-97.661,0.0,1.3015,946239.37
2027-06-10 03:00:00,-103.695,0.0,1.4248,946326.43
2027-06-10 04:00:00,-108.137,0.0,1.4345,946090.46
2027-06-10 05:00:00,-101.883,0.799,1.282,946821.91
2027-06-10 06:00:00,-98.943,0.0,1.2838,947341.16
2027-06-10 07:00:00,-90.877,0.0,1.1221,946669.65
2027-06-10 08:00:00,-80.965,82.393,0.8583,946637.9
2027-06-10 09:00:00,-64.799,209.195,0.4031,945631.74
2027-06-10 10:00:00,-59.647,311.639,0.2463,946253.06
2027-06-10 11:00:00,-43.959,394.464,0.0,945870.16
2027-06-10 12:00:00,-35.705,453.583,0.0,945258.77
2027-06-10 13:00:00,-21.429,478.228,0.0,945980.43
2027-06-10 14:00:00,-19.352,480.257,0.0,946625.88
2027-06-10 15:00:00,-8.935,459.093,0.0,946503.91
2027-06-10 16:00:00,-12.484,390.511,0.0,947024.85
2027-06-10 17:00:00,-10.027,296.597,0.0,946830.07
2027-06-10 18:00:00,-14.336,189.577,0.0,946397.96
2027-06-10 19:00:00,-31.504,59.634,0.0,946740.43
2027-06-10 20:00:00,-39.107,5.343,0.0,947585.79
2027-06-10 21:00:00,-43.535,3.933,0.0,947706.25
2027-06-10 22:00:00,-54.142,0.0,0.1975,947404.67
2027-06-10 23:00:00,-66.26,0.0,0.3219,948104.61
2027-06-11 00:00:00,-77.656,0.0,0.6619,947269.28
2027-06-11 01:00:00,-88.774,2.222,1.0403,947356.12
2027-06-11 02:00:00,-93.179,0.0,1.043,948159.71
2027-06-11 03:00:00,-103.362,3.458,1.4392,947045.48
2027-06-11 04:00:00,-103.145,0.432,1.448,947539.12
2027-06-11 05:00:00,-106.883,4.834,1.6,947096.83
2027-06-11 06:00:00,-104.98,1.848,1.4055,946664.63
2027-06-11 07:00:00,-95.696,4.144,1.3762,947170.34
2027-06-11 08:00:00,-90.194,0.0,1.3871,947337.16
2027-06-11 09:00:00,-84.139,124.103,0.9823,946980.83
2027-06-11 10:00:00,-70.809,241.843,0.5755,947472.76
2027-06-11 11:00:00,-52.403,346.72,0.2758,947919.32
2027-06-11 12:00:00,-46.788,426.345,0.0,948935.59
2027-06-11 13:00:00,-27.069,464.82,0.0,948919.53
2027-06-11 14:00:00,-22.497,481.217,0.0,948745.32
2027-06-11 15:00:00,-17.667,461.863,0.0,949135.07
2027-06-11 16:00:00,-12.146,432.865,0.0,949763.68
2027-06-11 17:00:00,-8.072,355.033,0.0,949660.51
2027-06-11 18:00:00,-21.499,278.708,0.0,949498.96
2027-06-11 19:00:00,-18.499,149.309,0.0,949406.64
2027-06-11 20:00:00,-26.44,42.741,0.0,950054.59
2027-06-11 21:00:00,-39.104,3.742,0.0,949914.68
2027-06-11 22:00:00,-47.534,0.0,0.0,950649.4
2027-06-11 23:00:00,-57.441,1.161,0.5382,950296.87
2027-06-12 00:00:00,-66.864,3.857,0.4264,950741.67
2027-06-12 01:00:00,-82.472,0.0,1.0533,949869.4
2027-06-12 02:00:00,-89.858,4.19,1.3863,949537.08
2027-06-12 03:00:00,-98.224,4.08,1.3968,950326.69
2027-06-12 04:00:00,-101.302,2.982,1.597,950309.5
2027-06-12 05:00:00,-98.468,0.0,1.4911,950510.2
2027-06-12 06:00:00,-109.043,0.0,1.7714,949687.58
2027-06-12 07:00:00,-104.59,0.0,1.7258,949460.87
2027-06-12 08:00:00,-102.133,0.88,1.521,949434.5
2027-06-12 09:00:00,-93.679,41.016,1.3248,948963.15
2027-06-12 10:00:00,-83.307,171.074,1.1212,949783.34
2027-06-12 11:00:00,-71.58,278.585,0.6837,949552.09
2027-06-12 12:00:00,-50.794,363.409,0.2177,950369.83
2027-06-12 13:00:00,-40.809,435.169,0.0,950718.27
2027-06-12 14:00:00,-31.626,474.01,0.0,951179.73
2027-06-12 15:00:00,-26.505,493.248,0.0,951709.03
2027-06-12 16:00:00,-18.492,461.501,0.0,952452.44
2027-06-12 17:00:00,-18.678,412.654,0.0,952235.58
2027-06-12 18:00:00,-16.224,327.646,0.0,952481.19
2027-06-12 19:00:00,-18.556,218.43,0.0,952382.36
2027-06-12 20:00:00,-28.314,116.016,0.0,952549.18
2027-06-12 21:00:00,-38.507,0.0,0.0,952703.53
2027-06-12 22:00:00,-46.012,0.0,0.0,951362.13
2027-06-12 23:00:00,-51.676,0.0,0.0241,952190.8
2027-06-13 00:00:00,-64.229,0.364,0.5507,951957.05
2027-06-13 01:00:00,-80.504,5.326,0.7983,951748.96
2027-06-13 02:00:00,-83.311,4.664,1.0003,952526.16
2027-06-13 03:00:00,-92.481,7.931,1.1968,951803.94
2027-06-13 04:00:00,-100.597,8.64,1.4409,951642.72
2027-06-13 05:00:00,-100.945,0.0,1.4745,952246.77
2027-06-13 06:00:00,-107.976,0.0,1.6771,952855.24
2027-06-13 07:00:00,-106.217,0.0,1.7656,952557.96
2027-06-13 08:00:00,-102.828,3.16,1.5148,952679.24
2027-06-13 09:00:00,-96.256,0.0,1.5196,952520.82
2027-06-13 10:00:00,-89.832,89.514,1.198,952739.47
2027-06-13 11:00:00,-78.921,207.84,0.7488,953662.36
2027-06-13 12:00:00,-61.005,314.312,0.4345,954189.58
2027-06-13 13:00:00,-49.263,388.278,0.1098,954501.46
2027-06-13 14:00:00,-36.062,447.166,0.0,954220.32
2027-06-13 15:00:00,-28.471,481.944,0.0,954241.42
2027-06-13 16:00:00,-27.298,485.29,0.0,953914.56
2027-06-13 17:00:00,-16.756,445.579,0.0,953813.48
2027-06-13 18:00:00,-15.749,379.377,0.0,953756.95
2027-06-13 19:00:00,-14.618,285.47,0.0,953560.31
2027-06-13 20:00:00,-19.183,194.721,0.0,953157.75
2027-06-13 21:00:00,-28.109,67.757,0.0,952867.3
2027-06-13 22:00:00,-45.304,0.0,0.0,952462.74
2027-06-13 23:00:00,-50.561,0.0,0.0,952108.61
2027-06-14 00:00:00,-59.419,0.0,0.3442,951571.38
2027-06-14 01:00:00,-70.629,0.0,0.5228,952114.28
2027-06-14 02:00:00,-79.451,0.0,0.8887,952568.57
2027-06-14 03:00:00,-84.853,0.0,0.9853,952152.05
2027-06-14 04:00:00,-94.895,0.929,1.3116,951726.39
2027-06-14 05:00:00,-106.218,0.0,1.5767,951762.59
2027-06-14 06:00:00,-109.172,11.11,1.7397,952270.48
2027-06-14 07:00:00,-111.324,0.0,1.7247,951673.9
2027-06-14 08:00:00,-106.749,0.807,1.6912,950880.37
2027-06-14 09:00:00,-100.133,0.87,1.3534,951207.8
2027-06-14 10:00:00,-93.291,5.91,1.3458,950865.2
2027-06-14 11:00:00,-85.919,133.332,1.0398,949815.69
2027-06-14 12:00:00,-72.389,249.922,0.7432,950575.63
2027-06-14 13:00:00,-54.426,343.887,0.2682,950322.03
2027-06-14 14:00:00,-51.295,425.486,0.2529,950847.02
2027-06-14 15:00:00,-34.079,455.808,0.0,950871.99
2027-06-14 16:00:00,-25.283,480.485,0.0,950698.93
2027-06-14 17:00:00,-20.771,478.774,0.0,951048.27
2027-06-14 18:00:00,-16.773,432.223,0.0,950530.6
2027-06-14 19:00:00,-14.887,359.013,0.0,951460.53
2027-06-14 20:00:00,-19.616,268.115,0.0,951525.03
2027-06-14 21:00:00,-27.059,141.089,0.0,951524.07
2027-06-14 22:00:00,-35.891,33.641,0.0,951536.98
2027-06-14 23:00:00,-36.541,5.322,0.0,951660.3
2027-06-15 00:00:00,-53.253,0.0,0.0,950834.7
2027-06-15 01:00:00,-61.321,13.146,0.3336,950798.37
2027-06-15 02:00:00,-70.569,0.982,0.5749,950452.07
2027-06-15 03:00:00,-82.923,0.0,0.9272,950064.84
2027-06-15 04:00:00,-91.792,1.906,1.2369,950552.33
2027-06-15 05:00:00,-98.952,0.0,1.4465,950142.68
2027-06-15 06:00:00,-108.514,5.825,1.7779,949797.98
2027-06-15 07:00:00,-114.2,2.74,1.6911,950151.59
2027-06-15 08:00:00,-112.36,0.0,1.84,949689.19
2027-06-15 09:00:00,-102.803,7.512,1.6558,949621.19
2027-06-15 10:00:00,-105.105,4.697,1.6141,949446.11
2027-06-15 11:00:00,-95.031,48.865,1.3924,949618.86
2027-06-15 12:00:00,-86.993,172.019,1.2763,949149.17
2027-06-15 13:00:00,-66.036,283.985,0.6192,949498.51
2027-06-15 14:00:00,-57.735,370.032,0.5444,950768.4
2027-06-15 15:00:00,-45.976,436.626,0.1266,951069.3
2027-06-15 16:00:00,-33.978,476.626,0.0,951378.64
2027-06-15 17:00:00,-17.851,478.495,0.0,951890.62
2027-06-15 18:00:00,-17.988,448.8,0.0,951491.83
2027-06-15 19:00:00,-16.782,407.599,0.0,951839.06
2027-06-15 20:00:00,-26.278,316.655,0.0,952285.37
2027-06-15 21:00:00,-17.231,220.74,0.0,952179.61
2027-06-15 22:00:00,-30.447,101.376,0.0,952234.54
2027-06-15 23:00:00,-39.971,0.0,0.0,950806.63
2027-06-16 00:00:00,-47.989,2.132,0.0642,949874.32
2027-06-16 01:00:00,-50.856,0.0,0.228,949594.41
2027-06-16 02:00:00,-66.638,0.0,0.7027,949932.0
2027-06-16 03:00:00,-81.783,0.0,1.0728,950002.12
2027-06-16 04:00:00,-87.558,0.0,1.4576,949579.16
2027-06-16 05:00:00,-98.02,1.882,1.5607,949703.36
2027-06-16 06:00:00,-101.78,0.0,1.6427,948957.46
2027-06-16 07:00:00,-109.36,4.113,1.9361,949366.18
2027-06-16 08:00:00,-114.329,4.825,2.1169,948600.57
2027-06-16 09:00:00,-109.392,0.0,1.8919,948432.72
2027-06-16 10:00:00,-105.457,0.0,2.0304,948030.76
2027-06-16 11:00:00,-102.996,0.0,1.8602,948764.66
2027-06-16 12:00:00,-95.192,94.085,1.7538,949102.04
2027-06-16 13:00:00,-77.072,207.548,1.2536,949261.29
2027-06-16 14:00:00,-65.965,309.365,0.9207,950273.21
2027-06-16 15:00:00,-52.853,397.881,0.4761,950020.42
2027-06-16 16:00:00,-37.761,466.91,0.0231,949850.12
2027-06-16 17:00:00,-36.601,480.181,0.0,950263.91
2027-06-16 18:00:00,-22.937,479.309,0.0,950940.5
2027-06-16 19:00:00,-16.6,438.514,0.0,950836.15
2027-06-16 20:00:00,-17.05,388.302,0.0,951213.37
2027-06-16 21:00:00,-22.786,298.796,0.0,952201.7
2027-06-16 22:00:00,-25.428,191.775,0.0,951495.57
2027-06-16 23:00:00,-32.531,75.743,0.0,951028.92
2027-06-17 00:00:00,-44.656,0.0,0.0851,951396.71
2027-06-17 01:00:00,-48.008,0.0,0.3126,951317.04
2027-06-17 02:00:00,-60.065,8.549,0.3334,950772.83
2027-06-17 03:00:00,-72.822,3.164,1.0352,950289.86
2027-06-17 04:00:00,-78.536,0.0,1.1244,951397.09
2027-06-17 05:00:00,-93.006,2.274,1.2503,951234.9
2027-06-17 06:00:00,-95.718,0.0,1.4822,950827.01
2027-06-17 07:00:00,-107.188,4.491,1.8773,951244.76
2027-06-17 08:00:00,-113.089,2.041,1.9645,950308.8
2027-06-17 09:00:00,-114.122,0.0,2.0268,949789.06
2027-06-17 10:00:00,-110.239,1.344,2.138,949918.95
2027-06-17 11:00:00,-110.118,1.053,1.9186,950028.36
2027-06-17 12:00:00,-99.421,4.233,1.578,949705.36
2027-06-17 13:00:00,-92.062,26.836,1.5221,949316.5
2027-06-17 14:00:00,-81.642,51.435,1.0187,949893.37
2027-06-17 15:00:00,-70.05,63.184,0.8631,951314.04
2027-06-17 16:00:00,-55.939,74.442,0.462,951115.83
2027-06-17 17:00:00,-50.291,88.482,0.3571,950420.72
2027-06-17 18:00:00,-39.305,97.027,0.0,949735.05
2027-06-17 19:00:00,-32.284,87.92,0.0,949541.42
2027-06-17 20:00:00,-33.124,76.524,0.0,949685.01
2027-06-17 21:00:00,-25.384,64.93,0.0,949726.11
2027-06-17 22:00:00,-25.645,47.268,0.0,949437.22
2027-06-17 23:00:00,-28.679,26.332,0.0,949805.39
2027-06-18 00:00:00,-40.935,15.621,0.0,950388.08
2027-06-18 01:00:00,-48.997,0.0,0.1133,950764.76
2027-06-18 02:00:00,-55.465,5.775,0.2103,950822.94
2027-06-18 03:00:00,-65.613,0.0,0.4127,950456.27
2027-06-18 04:00:00,-75.696,0.0,0.7637,950518.8
2027-06-18 05:00:00,-87.312,0.0,1.0893,951034.48
2027-06-18 06:00:00,-94.973,0.0,1.3455,950802.73
2027-06-18 07:00:00,-110.239,2.888,1.7011,950201.1
2027-06-18 08:00:00,-107.016,0.457,1.6526,951071.54
2027-06-18 09:00:00,-107.33,0.0,1.697,951100.54
2027-06-18 10:00:00,-113.206,7.355,1.8999,951248.07
2027-06-18 11:00:00,-108.731,5.451,1.6878,950727.75
2027-06-18 12:00:00,-99.119,7.93,1.6381,951288.77
2027-06-18 13:00:00,-95.388,56.809,1.4977,951258.83
2027-06-18 14:00:00,-83.021,175.181,1.1779,951210.64
2027-06-18 15:00:00,-65.114,287.293,0.7083,951332.28
2027-06-18 16:00:00,-51.619,370.983,0.2163,951724.15
2027-06-18 17:00:00,-48.685,440.477,0.1417,951652.74
2027-06-18 18:00:00,-36.104,476.507,0.0,951011.17
2027-06-18 19:00:00,-23.707,476.814,0.0,949931.11
2027-06-18 20:00:00,-18.274,460.23,0.0,950471.88
2027-06-18 21:00:00,-15.041,403.185,0.0,950754.48
2027-06-18 22:00:00,-25.547,323.795,0.0,950619.31
2027-06-18 23:00:00,-27.474,225.457,0.0,949983.49
2027-06-19 00:00:00,-22.526,114.187,0.0,949982.57
2027-06-19 01:00:00,-35.426,0.0,0.0,950106.08
2027-06-19 02:00:00,-45.707,0.0,0.0934,949990.72
2027-06-19 03:00:00,-60.218,0.0,0.4078,948955.38
2027-06-19 04:00:00,-68.024,0.0,0.7061,949088.37
2027-06-19 05:00:00,-76.553,0.0,0.9517,948677.99
2027-06-19 06:00:00,-92.355,0.0,1.4637,948846.76
2027-06-19 07:00:00,-98.982,2.929,1.5786,948448.27
2027-06-19 08:00:00,-102.35,1.602,1.7267,947425.67
2027-06-19 09:00:00,-106.16,0.0,1.7193,947558.64
2027-06-19 10:00:00,-111.96,6.471,1.8446,947267.94
2027-06-19 11:00:00,-107.141,4.722,1.9243,947606.03
2027-06-19 12:00:00,-104.246,0.0,1.7827,948404.62
2027-06-19 13:00:00,-106.22,6.121,1.8717,949751.59
2027-06-19 14:00:00,-85.568,98.84,1.3902,949769.04
2027-06-19 15:00:00,-74.868,213.19,1.022,949587.85
2027-06-19 16:00:00,-64.626,318.717,0.7745,949310.56
2027-06-19 17:00:00,-53.297,399.291,0.4649,950128.39
2027-06-19 18:00:00,-37.993,458.849,0.0,950114.31
2027-06-19 19:00:00,-28.681,484.314,0.0,950219.02
2027-06-19 20:00:00,-23.409,477.732,0.0,950639.56
2027-06-19 21:00:00,-12.952,434.375,0.0,950345.47
2027-06-19 22:00:00,-22.078,383.522,0.0,950273.63
2027-06-19 23:00:00,-19.831,290.803,0.0,949949.61
2027-06-20 00:00:00,-21.555,189.446,0.0,949314.7
2027-06-20 01:00:00,-30.616,68.864,0.0,949967.11
2027-06-20 02:00:00,-37.292,0.0,0.0,948969.23
2027-06-20 03:00:00,-52.672,5.115,0.2186,949116.37
2027-06-20 04:00:00,-58.792,1.024,0.3642,949293.66
2027-06-20 05:00:00,-65.559,0.818,0.4206,948706.8
2027-06-20 06:00:00,-84.586,0.0,1.1044,948716.71
2027-06-20 07:00:00,-89.873,8.418,1.3752,948596.67
2027-06-20 08:00:00,-99.348,0.0,1.4512,948398.11
2027-06-20 09:00:00,-102.646,0.0,1.8074,947900.1
2027-06-20 10:00:00,-105.659,0.0,1.7804,947335.94
2027-06-20 11:00:00,-108.046,3.634,1.9712,947679.65
2027-06-20 12:00:00,-107.702,0.0,1.7435,947308.22
2027-06-20 13:00:00,-101.906,0.0,1.5718,946633.42
2027-06-20 14:00:00,-95.464,13.671,1.4891,946475.25
2027-06-20 15:00:00,-83.556,138.403,1.0965,945901.6
2027-06-20 16:00:00,-65.769,244.757,0.6824,946458.51
2027-06-20 17:00:00,-60.941,336.511,0.6851,946010.12
2027-06-20 18:00:00,-43.379,424.282,0.033,946500.86
2027-06-20 19:00:00,-35.838,458.446,0.0,946459.29
2027-06-20 20:00:00,-17.339,490.021,0.0,946713.32
2027-06-20 21:00:00,-15.922,478.914,0.0,947490.76
2027-06-20 22:00:00,-17.107,425.251,0.0,948801.63
2027-06-20 23:00:00,-13.232,360.006,0.0,948667.91
2027-06-21 00:00:00,-20.148,257.995,0.0,948601.56
2027-06-21 01:00:00,-23.937,154.05,0.0,948260.14
2027-06-21 02:00:00,-29.251,22.276,0.0,948641.51
2027-06-21 03:00:00,-35.419,0.0,0.0,947828.2
2027-06-21 04:00:00,-45.081,0.0,0.0,947185.88
2027-06-21 05:00:00,-58.724,8.54,0.3098,947851.61
2027-06-21 06:00:00,-67.833,2.675,0.563,947122.72
2027-06-21 07:00:00,-77.837,0.0,0.7685,946669.62
2027-06-21 08:00:00,-82.709,1.645,0.9218,946815.65
2027-06-21 09:00:00,-99.215,4.856,1.5389,947385.46
2027-06-21 10:00:00,-98.642,0.0,1.4795,947323.03
2027-06-21 11:00:00,-109.096,13.132,1.7931,946899.98
2027-06-21 12:00:00,-102.965,0.0,1.6324,947727.32
2027-06-21 13:00:00,-105.496,5.013,1.659,948150.76
2027-06-21 14:00:00,-100.954,3.81,1.5952,948287.29
2027-06-21 15:00:00,-92.115,54.758,1.3027,948487.01
2027-06-21 16:00:00,-82.166,175.849,1.1561,948184.85
2027-06-21 17:00:00,-65.526,291.287,0.6033,948498.27
2027-06-21 18:00:00,-50.537,376.669,0.4601,948238.74
2027-06-21 19:00:00,-48.845,443.112,0.2104,947323.88
2027-06-21 20:00:00,-32.047,470.217,0.0,947899.53
2027-06-21 21:00:00,-25.921,487.763,0.0,948024.0
2027-06-21 22:00:00,-14.518,460.722,0.0,947948.8
2027-06-21 23:00:00,-10.582,404.111,0.0,947922.21
2027-06-22 00:00:00,-16.35,325.263,0.0,948407.9
2027-06-22 01:00:00,-22.647,219.552,0.0,948182.44
2027-06-22 02:00:00,-32.177,102.466,0.0,947286.8
2027-06-22 03:00:00,-30.315,0.0,0.0,948074.27
2027-06-22 04:00:00,-41.376,0.0,0.0,947997.48
2027-06-22 05:00:00,-60.746,10.903,0.3688,947045.8
2027-06-22 06:00:00,-63.443,4.559,0.6684,946947.28
2027-06-22 07:00:00,-79.576,0.0,1.0214,946719.87
2027-06-22 08:00:00,-86.739,10.181,1.3199,946688.3
2027-06-22 09:00:00,-97.206,0.0,1.4071,946312.46
2027-06-22 10:00:00,-106.445,0.147,1.7552,946259.45
2027-06-22 11:00:00,-105.115,4.487,1.7299,945945.85
2027-06-22 12:00:00,-101.508,0.0,1.6628,947217.76
2027-06-22 13:00:00,-109.461,0.0,1.8284,947053.18
2027-06-22 14:00:00,-100.943,0.0,1.6996,947222.66
2027-06-22 15:00:00,-94.436,1.025,1.5473,947912.52
2027-06-22 16:00:00,-84.318,101.707,1.2361,948184.74
2027-06-22 17:00:00,-67.653,216.164,0.7565,948396.39
2027-06-22 18:00:00,-57.566,318.647,0.618,948464.36
2027-06-22 19:00:00,-43.019,406.693,0.0058,948816.49
2027-06-22 20:00:00,-40.982,459.064,0.0281,949617.37
2027-06-22 21:00:00,-25.132,484.409,0.0,950147.97
2027-06-22 22:00:00,-14.881,480.322,0.0,949993.04
2027-06-22 23:00:00,-16.889,453.175,0.0,950136.9
2027-06-23 00:00:00,-24.131,380.602,0.0,949980.06
2027-06-23 01:00:00,-19.167,288.386,0.0,950167.02
2027-06-23 02:00:00,-22.702,173.843,0.0,950868.1
2027-06-23 03:00:00,-26.469,56.802,0.0,951094.61
2027-06-23 04:00:00,-39.229,0.0,0.0,950585.74
2027-06-23 05:00:00,-46.431,0.0,0.0882,949913.87
2027-06-23 06:00:00,-57.818,0.0,0.3056,949357.86
2027-06-23 07:00:00,-66.854,1.756,0.631,948963.82
2027-06-23 08:00:00,-76.883,0.0,0.875,948913.11
2027-06-23 09:00:00,-88.21,0.0,1.1389,949021.14
2027-06-23 10:00:00,-91.89,3.063,1.2537,948294.22
2027-06-23 11:00:00,-95.772,6.847,1.5106,949190.08
2027-06-23 12:00:00,-107.513,0.0,1.7164,949225.95
2027-06-23 13:00:00,-104.754,1.219,1.6334,949410.28
2027-06-23 14:00:00,-108.277,0.0,1.9142,950133.0
2027-06-23 15:00:00,-105.017,0.0,1.8306,949547.88
2027-06-23 16:00:00,-90.263,15.921,1.2212,949600.91
2027-06-23 17:00:00,-75.369,146.419,1.0067,950234.26
2027-06-23 18:00:00,-70.038,249.647,0.5994,950377.8
2027-06-23 19:00:00,-50.313,345.889,0.135,950621.92
2027-06-23 20:00:00,-45.978,423.984,0.0,950562.79
2027-06-23 21:00:00,-33.343,470.46,0.0,950233.92
2027-06-23 22:00:00,-18.231,482.456,0.0,950250.0
2027-06-23 23:00:00,-19.074,481.013,0.0,950271.33
2027-06-24 00:00:00,-10.512,424.037,0.0,950495.86
2027-06-24 01:00:00,-13.879,352.745,0.0,950208.47
2027-06-24 02:00:00,-17.82,254.239,0.0,950382.03
2027-06-24 03:00:00,-23.177,145.968,0.0,951063.75
2027-06-24 04:00:00,-36.801,28.176,0.0,951825.81
2027-06-24 05:00:00,-34.4,8.318,0.0,951564.48
2027-06-24 06:00:00,-46.972,0.0,0.1815,950638.19
2027-06-24 07:00:00,-58.702,5.504,0.5245,950338.61
2027-06-24 08:00:00,-70.688,2.748,0.6926,950070.6
2027-06-24 09:00:00,-77.97,4.873,0.9348,950338.12
2027-06-24 10:00:00,-85.584,0.0,1.1736,950587.85
2027-06-24 11:00:00,-96.562,0.0,1.5639,950121.64
2027-06-24 12:00:00,-97.773,4.679,1.373,950084.78
2027-06-24 13:00:00,-102.105,4.773,1.5961,949843.18
2027-06-24 14:00:00,-103.33,7.829,1.7066,948780.1
2027-06-24 15:00:00,-97.387,0.993,1.5467,948996.22
2027-06-24 16:00:00,-96.604,0.0,1.4888,949133.42
2027-06-24 17:00:00,-89.918,48.606,1.1548,949220.46
2027-06-24 18:00:00,-74.221,172.557,0.8225,950133.61
2027-06-24 19:00:00,-61.194,286.691,0.4986,950919.51
2027-06-24 20:00:00,-48.573,372.572,0.0589,950771.81
2027-06-24 21:00:00,-32.31,447.152,0.0,949604.19
2027-06-24 22:00:00,-24.465,472.928,0.0,949555.36
2027-06-24 23:00:00,-18.503,482.409,0.0,949177.09
2027-06-25 00:00:00,-12.369,456.731,0.0,949646.21
2027-06-25 01:00:00,-9.173,409.549,0.0,948643.6
2027-06-25 02:00:00,-9.032,318.91,0.0,948399.23
2027-06-25 03:00:00,-14.996,221.846,0.0,948035.47
2027-06-25 04:00:00,-22.932,104.013,0.0,947639.6
2027-06-25 05:00:00,-35.756,4.516,0.0,947213.98
2027-06-25 06:00:00,-42.836,4.251,0.0,947657.75
2027-06-25 07:00:00,-50.083,0.0,0.0345,947755.02
2027-06-25 08:00:00,-60.81,0.0,0.1796,949121.43
2027-06-25 09:00:00,-76.711,0.0,0.8263,949415.3
2027-06-25 10:00:00,-83.85,0.0,0.914,948611.12
2027-06-25 11:00:00,-94.253,1.43,1.3204,948799.64
2027-06-25 12:00:00,-93.667,0.0,1.1807,948976.77
2027-06-25 13:00:00,-101.564,5.705,1.4944,948512.18
2027-06-25 14:00:00,-102.838,0.068,1.418,948539.44
2027-06-25 15:00:00,-103.536,0.0,1.5165,949074.84
2027-06-25 16:00:00,-101.688,0.0,1.4769,949323.49
2027-06-25 17:00:00,-95.481,9.643,1.3489,949359.76
2027-06-25 18:00:00,-82.648,105.851,0.8865,949011.31
2027-06-25 19:00:00,-72.774,224.407,0.8147,948441.06
2027-06-25 20:00:00,-57.815,316.446,0.2902,949017.27
2027-06-25 21:00:00,-45.726,399.932,0.0,948245.86
2027-06-25 22:00:00,-33.543,455.649,0.0,948231.87
2027-06-25 23:00:00,-23.86,486.018,0.0,948977.18
2027-06-26 00:00:00,-19.215,478.943,0.0,948019.56
2027-06-26 01:00:00,-14.299,441.1,0.0,948243.29
2027-06-26 02:00:00,-9.63,376.82,0.0,949000.35
2027-06-26 03:00:00,-9.115,285.311,0.0,948743.25
2027-06-26 04:00:00,-16.834,180.34,0.0,948811.62
2027-06-26 05:00:00,-36.205,67.056,0.0,950090.97
2027-06-26 06:00:00,-39.267,0.0,0.0,949391.95
2027-06-26 07:00:00,-45.34,1.732,0.0,949045.65
2027-06-26 08:00:00,-58.909,6.9,0.1719,949445.86
2027-06-26 09:00:00,-69.482,0.0,0.3752,950249.43
2027-06-26 10:00:00,-77.309,0.0,0.6016,950017.58
2027-06-26 11:00:00,-85.013,4.621,1.1312,949717.57
2027-06-26 12:00:00,-92.34,0.0,1.1251,949235.43
2027-06-26 13:00:00,-101.582,0.0,1.4588,949442.23
2027-06-26 14:00:00,-105.928,0.0,1.413,949743.24
2027-06-26 15:00:00,-108.446,0.0,1.5538,949675.94
2027-06-26 16:00:00,-102.827,0.0,1.5403,950038.34
2027-06-26 17:00:00,-98.858,0.0,1.3251,949592.46
2027-06-26 18:00:00,-90.536,21.424,1.1751,949940.25
2027-06-26 19:00:00,-81.189,149.0,0.9924,949549.15
2027-06-26 20:00:00,-71.909,265.383,0.6386,949243.99
2027-06-26 21:00:00,-56.912,352.733,0.3017,949626.8
2027-06-26 22:00:00,-40.383,430.773,0.0,949586.2
2027-06-26 23:00:00,-37.201,473.599,0.0,949493.61
2027-06-27 00:00:00,-23.521,485.165,0.0,949498.73
2027-06-27 01:00:00,-16.975,461.483,0.0,949760.11
2027-06-27 02:00:00,-7.82,432.845,0.0,950510.16
2027-06-27 03:00:00,-16.462,345.646,0.0,950556.07
2027-06-27 04:00:00,-17.685,261.324,0.0,950578.67
2027-06-27 05:00:00,-18.079,144.18,0.0,949948.67
2027-06-27 06:00:00,-34.539,14.562,0.0,950559.69
2027-06-27 07:00:00,-37.451,1.56,0.0,949436.19
2027-06-27 08:00:00,-48.787,10.665,0.0,948643.05
2027-06-27 09:00:00,-61.884,7.678,0.1572,949398.78
2027-06-27 10:00:00,-71.167,0.0,0.5165,949200.21
2027-06-27 11:00:00,-83.144,0.0,0.9572,947595.6
2027-06-27 12:00:00,-84.919,0.501,0.9549,948138.22
2027-06-27 13:00:00,-105.912,0.0,1.5718,948566.78
2027-06-27 14:00:00,-105.682,5.999,1.505,948880.78
2027-06-27 15:00:00,-108.135,3.698,1.6211,949218.91
2027-06-27 16:00:00,-107.608,0.0,1.5266,949915.5
2027-06-27 17:00:00,-101.453,2.293,1.2616,950655.81
2027-06-27 18:00:00,-100.814,0.0,1.411,950084.5
2027-06-27 19:00:00,-88.713,63.755,1.1063,950443.72
2027-06-27 20:00:00,-77.151,184.532,0.7551,949395.33
2027-06-27 21:00:00,-62.046,297.169,0.2715,949613.16
2027-06-27 22:00:00,-52.106,385.156,0.1991,949080.89
2027-06-27 23:00:00,-38.949,441.058,0.0,949343.94
2027-06-28 00:00:00,-29.68,480.335,0.0,948971.33
2027-06-28 01:00:00,-24.441,483.173,0.0,949518.57
2027-06-28 02:00:00,-11.111,450.451,0.0,949173.96
2027-06-28 03:00:00,-16.355,402.126,0.0,949964.29
2027-06-28 04:00:00,-16.546,329.706,0.0,949863.92
2027-06-28 05:00:00,-22.473,209.034,0.0,950163.82
2027-06-28 06:00:00,-25.605,100.531,0.0,950033.86
2027-06-28 07:00:00,-37.208,0.0,0.0,950520.3
2027-06-28 08:00:00,-39.242,1.439,0.0,950656.9
2027-06-28 09:00:00,-52.109,0.0,0.0417,950929.38
2027-06-28 10:00:00,-65.405,0.0,0.2777,951273.26
2027-06-28 11:00:00,-77.979,0.0,0.6299,951704.83
2027-06-28 12:00:00,-85.481,6.655,0.8195,951204.43
2027-06-28 13:00:00,-92.216,0.0,1.0931,951182.06
2027-06-28 14:00:00,-101.067,0.0,1.2494,951745.93
2027-06-28 15:00:00,-105.62,10.523,1.4623,950942.2
2027-06-28 16:00:00,-109.837,0.0,1.5205,950897.96
2027-06-28 17:00:00,-99.121,1.712,1.1947,950649.18
2027-06-28 18:00:00,-103.259,5.319,1.3685,951460.4
2027-06-28 19:00:00,-100.998,5.079,1.4618,951410.88
2027-06-28 20:00:00,-90.591,98.565,1.1255,951039.81
2027-06-28 21:00:00,-75.932,218.25,0.7344,950646.78
2027-06-28 22:00:00,-55.394,325.605,0.446,950298.25
2027-06-28 23:00:00,-49.272,415.091,0.0,950863.89
2027-06-29 00:00:00,-39.146,456.815,0.0,951260.11
2027-06-29 01:00:00,-25.939,483.59,0.0,951086.49
2027-06-29 02:00:00,-18.014,482.207,0.0,950912.02
2027-06-29 03:00:00,-13.853,446.257,0.0,950419.19
2027-06-29 04:00:00,-13.987,380.992,0.0,950030.94
2027-06-29 05:00:00,-20.761,283.406,0.0,949645.93
2027-06-29 06:00:00,-25.039,176.448,0.0,948794.61
2027-06-29 07:00:00,-35.019,60.086,0.0,947963.2
2027-06-29 08:00:00,-39.744,6.312,0.0,948239.62
2027-06-29 09:00:00,-49.539,0.0,0.0,948592.51
2027-06-29 10:00:00,-59.977,0.0,0.0698,948645.68
2027-06-29 11:00:00,-68.776,0.0,0.279,948408.88
2027-06-29 12:00:00,-81.456,9.316,0.6017,948067.79
2027-06-29 13:00:00,-89.985,0.771,1.0508,948147.58
2027-06-29 14:00:00,-99.064,5.389,1.2844,948000.34
2027-06-29 15:00:00,-104.315,0.149,1.5043,947620.74
2027-06-29 16:00:00,-107.052,0.426,1.7961,948039.4
2027-06-29 17:00:00,-112.869,0.0,1.8052,947443.01
2027-06-29 18:00:00,-105.972,0.0,1.5439,947620.14
2027-06-29 19:00:00,-101.877,6.26,1.318,948250.2
2027-06-29 20:00:00,-94.344,24.502,1.3851,948383.05
2027-06-29 21:00:00,-83.548,147.166,1.0402,948583.52
2027-06-29 22:00:00,-70.166,252.48,0.8882,948259.64
2027-06-29 23:00:00,-59.383,350.101,0.3042,947362.85
2027-06-30 00:00:00,-44.156,432.925,0.0,947674.14
2027-06-30 01:00:00,-30.809,481.702,0.0,947461.29
2027-06-30 02:00:00,-26.984,484.743,0.0,947353.51
2027-06-30 03:00:00,-20.483,474.554,0.0,947417.71
2027-06-30 04:00:00,-14.187,425.067,0.0,948150.49
2027-06-30 05:00:00,-17.156,349.046,0.0,948943.99
2027-06-30 06:00:00,-20.878,261.86,0.0,948597.9
2027-06-30 07:00:00,-23.64,136.97,0.0,947174.32
2027-06-30 08:00:00,-35.258,23.08,0.0,946516.09
2027-06-30 09:00:00,-38.557,1.907,0.0,946903.23
2027-06-30 10:00:00,-52.582,0.0,0.0,948192.81
2027-06-30 11:00:00,-64.043,6.86,0.2956,949267.52
2027-06-30 12:00:00,-72.659,1.451,0.5203,949679.01
2027-06-30 13:00:00,-81.757,0.0,0.9345,950099.99
2027-06-30 14:00:00,-91.055,6.897,1.1584,950001.9
2027-06-30 15:00:00,-97.721,6.246,1.4615,950727.13
2027-06-30 16:00:00,-106.259,6.01,1.7358,951006.24
2027-06-30 17:00:00,-104.218,0.0,1.5348,950731.27
2027-06-30 18:00:00,-111.886,2.201,1.7699,950802.68
2027-06-30 19:00:00,-106.716,1.061,1.6243,950727.61
2027-06-30 20:00:00,-99.338,0.0,1.5617,951355.66
2027-06-30 21:00:00,-92.17,69.298,1.1254,951132.97
2027-06-30 22:00:00,-78.708,187.298,0.8683,951030.45
2027-06-30 23:00:00,-67.314,297.125,0.503,950396.51
2027-07-01 00:00:00,-51.594,381.175,0.1254,950754.51
2027-07-01 01:00:00,-37.248,454.089,0.0,951265.96
2027-07-01 02:00:00,-30.068,485.741,0.0,952007.22
2027-07-01 03:00:00,-23.718,488.696,0.0,951647.25
2027-07-01 04:00:00,-17.531,461.208,0.0,951759.59
2027-07-01 05:00:00,-10.569,407.659,0.0,951576.19
2027-07-01 06:00:00,-12.213,324.161,0.0,951002.26
2027-07-01 07:00:00,-22.037,215.064,0.0,950776.99
2027-07-01 08:00:00,-26.257,103.226,0.0,951219.29
2027-07-01 09:00:00,-36.84,0.87,0.0,951128.02
2027-07-01 10:00:00,-41.399,9.585,0.0,951483.56
2027-07-01 11:00:00,-54.385,5.489,0.0775,951362.12
2027-07-01 12:00:00,-66.095,0.0,0.5479,950874.15
2027-07-01 13:00:00,-70.61,11.654,0.5116,950901.88
2027-07-01 14:00:00,-87.647,0.0,0.9485,950764.44
2027-07-01 15:00:00,-91.548,3.187,1.0463,950150.57
2027-07-01 16:00:00,-94.992,0.0,1.2044,950193.85
2027-07-01 17:00:00,-101.473,9.411,1.4154,950189.16
2027-07-01 18:00:00,-107.801,1.264,1.6117,950322.35
2027-07-01 19:00:00,-106.592,0.0,1.7008,950937.53
2027-07-01 20:00:00,-105.186,0.0,1.5162,951482.2
2027-07-01 21:00:00,-90.083,0.0,1.1315,951135.73
2027-07-01 22:00:00,-87.38,106.411,1.1226,950623.44
2027-07-01 23:00:00,-69.381,222.864,0.6742,951148.31
2027-07-02 00:00:00,-63.214,322.828,0.3471,950771.34
2027-07-02 01:00:00,-38.969,408.927,0.0,951550.74
2027-07-02 02:00:00,-39.262,464.212,0.0,951117.57
2027-07-02 03:00:00,-25.136,482.107,0.0,952049.9
2027-07-02 04:00:00,-14.797,472.179,0.0,952417.83
2027-07-02 05:00:00,-15.526,444.382,0.0,953254.43
2027-07-02 06:00:00,-10.933,379.248,0.0,953992.15
2027-07-02 07:00:00,-16.147,289.679,0.0,954745.82
2027-07-02 08:00:00,-19.544,179.751,0.0,955170.24
2027-07-02 09:00:00,-25.377,64.391,0.0,955224.66
2027-07-02 10:00:00,-38.769,4.985,0.0,955133.91
2027-07-02 11:00:00,-41.876,13.399,0.0,954483.04
2027-07-02 12:00:00,-54.957,15.503,0.106,953850.34
2027-07-02 13:00:00,-61.246,0.0,0.4275,953238.39
2027-07-02 14:00:00,-80.24,0.0,0.8299,953668.48
2027-07-02 15:00:00,-89.645,0.0,1.1721,953103.27
2027-07-02 16:00:00,-95.955,2.521,1.3327,953300.9
2027-07-02 17:00:00,-105.124,0.0,1.6844,953289.17
2027-07-02 18:00:00,-102.325,3.518,1.7507,952953.13
2027-07-02 19:00:00,-105.984,0.0,1.7031,953798.41
2027-07-02 20:00:00,-106.706,0.0,1.6413,953663.85
2027-07-02 21:00:00,-101.297,0.0,1.5252,953446.44
2027-07-02 22:00:00,-94.186,25.752,1.4874,953124.55
2027-07-02 23:00:00,-77.092,153.089,0.9991,952117.53
2027-07-03 00:00:00,-66.155,258.949,0.5502,952198.23
2027-07-03 01:00:00,-55.104,355.578,0.4871,950994.99
2027-07-03 02:00:00,-43.476,432.464,0.0,951007.06
2027-07-03 03:00:00,-31.913,473.472,0.0,951121.02
2027-07-03 04:00:00,-16.858,494.268,0.0,951175.16
2027-07-03 05:00:00,-16.489,466.751,0.0,950799.65
2027-07-03 06:00:00,-10.169,417.893,0.0,950935.2
2027-07-03 07:00:00,-13.843,349.972,0.0,950858.27
2027-07-03 08:00:00,-10.783,252.84,0.0,950462.0
2027-07-03 09:00:00,-26.134,132.662,0.0,951048.52
2027-07-03 10:00:00,-28.957,21.023,0.0,950821.04
2027-07-03 11:00:00,-42.025,9.625,0.0,950288.74
2027-07-03 12:00:00,-42.44,0.0,0.0,949265.51
2027-07-03 13:00:00,-57.204,7.437,0.1847,949425.06
2027-07-03 14:00:00,-74.886,0.0,0.617,948876.98
2027-07-03 15:00:00,-82.786,5.381,0.9726,948778.44
2027-07-03 16:00:00,-86.831,0.0,1.0495,947959.49
2027-07-03 17:00:00,-94.143,4.88,1.3312,948260.04
2027-07-03 18:00:00,-99.43,0.0,1.5216,947597.22
2027-07-03 19:00:00,-103.104,0.0,1.5629,948636.1
2027-07-03 20:00:00,-104.906,0.0,1.7014,948540.49
2027-07-03 21:00:00,-98.014,0.0,1.4741,948937.88
2027-07-03 22:00:00,-98.141,9.15,1.4812,949154.69
2027-07-03 23:00:00,-87.509,15.373,1.1278,949925.61
2027-07-04 00:00:00,-79.099,54.11,0.9616,950378.4
2027-07-04 01:00:00,-68.868,66.465,0.6999,951173.14
2027-07-04 02:00:00,-56.288,96.272,0.3373,950979.65
2027-07-04 03:00:00,-47.044,95.371,0.108,951136.21
2027-07-04 04:00:00,-33.929,110.071,0.0,951438.1
2027-07-04 05:00:00,-32.217,109.627,0.0,951399.51
2027-07-04 06:00:00,-20.124,113.548,0.0,952259.2
2027-07-04 07:00:00,-20.777,93.502,0.0,951966.86
2027-07-04 08:00:00,-19.286,62.873,0.0,951919.24
2027-07-04 09:00:00,-22.906,42.766,0.0,951125.98
2027-07-04 10:00:00,-28.79,17.07,0.0,952026.39
2027-07-04 11:00:00,-31.278,4.67,0.0,952042.89
2027-07-04 12:00:00,-44.52,4.025,0.0,951416.75
2027-07-04 13:00:00,-51.493,0.0,0.0,951418.07
2027-07-04 14:00:00,-62.371,0.0,0.4244,952121.2
2027-07-04 15:00:00,-76.228,3.582,0.758,951693.84
2027-07-04 16:00:00,-89.128,0.0,1.1181,950513.94
2027-07-04 17:00:00,-96.8,2.288,1.6507,950902.02
2027-07-04 18:00:00,-97.03,1.863,1.6273,950911.71
2027-07-04 19:00:00,-103.679,0.0,1.8405,950865.3
2027-07-04 20:00:00,-106.264,1.988,1.7847,950734.05
2027-07-04 21:00:00,-107.172,0.51,1.7535,949886.49
2027-07-04 22:00:00,-96.606,2.487,1.5792,949581.35
2027-07-04 23:00:00,-98.858,0.0,1.6462,948827.93
2027-07-05 00:00:00,-84.819,113.753,1.2592,949315.68
2027-07-05 01:00:00,-71.024,232.37,0.8623,949780.61
2027-07-05 02:00:00,-63.652,330.731,0.7568,950243.72
2027-07-05 03:00:00,-49.446,412.775,0.2168,949524.3
2027-07-05 04:00:00,-36.269,463.406,0.0,948544.68
2027-07-05 05:00:00,-23.034,492.644,0.0,948343.05
2027-07-05 06:00:00,-19.757,481.223,0.0,948739.96
2027-07-05 07:00:00,-18.399,436.813,0.0,949182.24
2027-07-05 08:00:00,-17.665,379.732,0.0,948381.29
2027-07-05 09:00:00,-18.135,276.279,0.0,949064.44
2027-07-05 10:00:00,-25.75,176.311,0.0,949468.72
2027-07-05 11:00:00,-27.392,52.123,0.0,950071.57
2027-07-05 12:00:00,-35.745,0.0,0.0,950171.44
2027-07-05 13:00:00,-47.372,0.86,0.0,949392.72
2027-07-05 14:00:00,-57.39,0.0,0.265,949312.01
2027-07-05 15:00:00,-65.202,2.561,0.4599,948946.41
2027-07-05 16:00:00,-75.381,0.284,0.7394,948548.44
2027-07-05 17:00:00,-89.823,0.0,1.1927,948165.93
2027-07-05 18:00:00,-97.236,6.691,1.4508,947717.45
2027-07-05 19:00:00,-98.181,1.024,1.4333,947644.72
2027-07-05 20:00:00,-103.557,3.154,1.5982,947534.87
2027-07-05 21:00:00,-103.193,7.083,1.6817,947915.04
2027-07-05 22:00:00,-106.14,7.001,1.7645,948020.4
2027-07-05 23:00:00,-101.565,2.899,1.6494,948332.1
2027-07-06 00:00:00,-90.758,27.893,1.4103,948825.48
2027-07-06 01:00:00,-83.047,144.489,1.0325,948948.11
2027-07-06 02:00:00,-73.243,265.117,0.9341,948699.98
2027-07-06 03:00:00,-57.498,364.957,0.61,948213.84
2027-07-06 04:00:00,-43.892,433.448,0.0642,947802.86
2027-07-06 05:00:00,-27.816,458.775,0.0,948233.8
2027-07-06 06:00:00,-25.8,493.937,0.0,947898.26
2027-07-06 07:00:00,-17.16,476.219,0.0,947186.19
2027-07-06 08:00:00,-8.034,421.581,0.0,947967.59
2027-07-06 09:00:00,-16.434,352.231,0.0,948055.13
2027-07-06 10:00:00,-14.368,252.202,0.0,947860.31
2027-07-06 11:00:00,-24.35,131.32,0.0,948352.66
2027-07-06 12:00:00,-30.114,18.082,0.0,949389.22
2027-07-06 13:00:00,-32.823,0.0,0.0,949066.99
2027-07-06 14:00:00,-47.528,0.0,0.1062,949924.61
2027-07-06 15:00:00,-60.08,0.0,0.4975,949324.12
2027-07-06 16:00:00,-74.315,0.0,0.909,949173.81
2027-07-06 17:00:00,-81.137,1.519,1.1932,948767.07
2027-07-06 18:00:00,-91.536,6.552,1.3756,949107.94
2027-07-06 19:00:00,-101.667,6.239,1.78,948676.44
2027-07-06 20:00:00,-109.466,3.618,2.0205,948654.97
2027-07-06 21:00:00,-108.13,0.0,1.8741,948199.05
2027-07-06 22:00:00,-106.012,0.0,1.8065,949065.69
2027-07-06 23:00:00,-99.489,0.831,1.8336,948458.96
2027-07-07 00:00:00,-100.478,0.0,1.6141,948322.49
2027-07-07 01:00:00,-88.595,69.175,1.3234,947907.85
2027-07-07 02:00:00,-82.53,201.039,1.1058,948358.88
2027-07-07 03:00:00,-67.341,299.529,0.6947,948175.36
2027-07-07 04:00:00,-59.491,389.898,0.4627,948186.0
2027-07-07 05:00:00,-33.642,455.315,0.0,949024.76
2027-07-07 06:00:00,-29.734,484.761,0.0,948577.47
2027-07-07 07:00:00,-21.184,500.271,0.0,948819.56
2027-07-07 08:00:00,-14.614,453.976,0.0,948711.76
2027-07-07 09:00:00,-6.503,397.39,0.0,948878.85
2027-07-07 10:00:00,-17.095,311.589,0.0,948648.94
2027-07-07 11:00:00,-22.955,219.571,0.0,948473.07
2027-07-07 12:00:00,-21.718,97.543,0.0,948454.94
2027-07-07 13:00:00,-40.361,0.0,0.0,948777.0
2027-07-07 14:00:00,-41.357,0.0,0.0,949237.18
2027-07-07 15:00:00,-55.836,6.924,0.0825,948488.26
2027-07-07 16:00:00,-64.689,1.808,0.6102,948170.33
2027-07-07 17:00:00,-80.438,7.052,0.8667,947709.74
2027-07-07 18:00:00,-77.903,0.0,0.782,947584.04
2027-07-07 19:00:00,-95.509,2.558,1.2615,947546.41
2027-07-07 20:00:00,-103.049,1.501,1.5357,947799.17
2027-07-07 21:00:00,-104.091,0.0,1.5128,948116.28
2027-07-07 22:00:00,-109.419,0.0,1.7907,948085.27
2027-07-07 23:00:00,-105.091,0.0,1.7169,948501.46
2027-07-08 00:00:00,-106.684,2.471,1.8572,948611.07
2027-07-08 01:00:00,-96.275,3.806,1.4996,948659.2
2027-07-08 02:00:00,-87.546,118.397,1.3095,948595.84
2027-07-08 03:00:00,-75.827,233.339,1.0208,948795.48
2027-07-08 04:00:00,-62.946,331.08,0.5379,949256.11
2027-07-08 05:00:00,-44.714,419.782,0.0,949995.97
2027-07-08 06:00:00,-36.988,470.184,0.0,949906.09
2027-07-08 07:00:00,-27.366,496.295,0.0,949830.41
2027-07-08 08:00:00,-18.28,488.642,0.0,949858.78
2027-07-08 09:00:00,-12.418,441.707,0.0,950354.98
2027-07-08 10:00:00,-17.362,376.658,0.0,949960.42
2027-07-08 11:00:00,-16.797,286.775,0.0,950050.78
2027-07-08 12:00:00,-25.87,167.067,0.0,949501.01
2027-07-08 13:00:00,-32.904,45.924,0.0,949646.15
2027-07-08 14:00:00,-37.511,0.0,0.0,949771.92
2027-07-08 15:00:00,-56.982,0.0,0.2058,949716.72
2027-07-08 16:00:00,-62.835,0.0,0.4046,948943.73
2027-07-08 17:00:00,-71.661,0.0,0.7724,949755.03
2027-07-08 18:00:00,-80.563,0.747,0.8956,949344.57
2027-07-08 19:00:00,-87.701,0.0,1.1021,948477.14
2027-07-08 20:00:00,-104.173,5.911,1.5978,949438.98
2027-07-08 21:00:00,-100.408,10.065,1.4034,949566.76
2027-07-08 22:00:00,-106.626,2.282,1.6151,950324.98
2027-07-08 23:00:00,-110.084,0.0,1.6505,950051.2
2027-07-09 00:00:00,-111.121,3.234,1.9288,949702.46
2027-07-09 01:00:00,-103.897,0.047,1.6334,949726.23
2027-07-09 02:00:00,-91.765,30.874,1.3995,949856.82
2027-07-09 03:00:00,-82.989,150.127,0.9943,950289.75
2027-07-09 04:00:00,-70.73,264.508,0.8632,950683.82
2027-07-09 05:00:00,-60.168,361.112,0.4261,950133.97
2027-07-09 06:00:00,-42.689,437.823,0.0976,949933.95
2027-07-09 07:00:00,-34.109,480.152,0.0,948889.77
2027-07-09 08:00:00,-24.805,499.682,0.0,949664.98
2027-07-09 09:00:00,-19.145,475.208,0.0,949667.32
2027-07-09 10:00:00,-17.381,424.771,0.0,949710.84
2027-07-09 11:00:00,-18.254,344.638,0.0,950590.07
2027-07-09 12:00:00,-23.922,242.143,0.0,949619.35
2027-07-09 13:00:00,-27.281,129.666,0.0,949494.45
2027-07-09 14:00:00,-40.985,5.638,0.0,949399.62
2027-07-09 15:00:00,-42.112,0.0,0.0,948659.38
2027-07-09 16:00:00,-54.744,0.0,0.1841,948520.1
2027-07-09 17:00:00,-64.454,8.011,0.4781,947550.57
2027-07-09 18:00:00,-74.714,1.843,0.8015,947825.08
2027-07-09 19:00:00,-86.662,0.0,1.1311,947826.32
2027-07-09 20:00:00,-97.382,1.992,1.3818,947859.5
2027-07-09 21:00:00,-100.389,0.0,1.5225,947352.85
2027-07-09 22:00:00,-100.088,1.41,1.5551,947613.71
2027-07-09 23:00:00,-105.329,6.387,1.7627,947864.1
2027-07-10 00:00:00,-104.057,0.0,1.4677,948321.65
2027-07-10 01:00:00,-109.078,0.0,1.7349,949071.66
2027-07-10 02:00:00,-100.285,0.0,1.6087,949433.05
2027-07-10 03:00:00,-91.067,80.8,1.5139,949798.04
2027-07-10 04:00:00,-74.378,195.618,1.0,949297.17
2027-07-10 05:00:00,-63.2,294.613,0.6946,949362.42
2027-07-10 06:00:00,-53.666,401.447,0.5073,948737.54
2027-07-10 07:00:00,-48.337,446.092,0.118,949307.19
2027-07-10 08:00:00,-35.412,484.692,0.0,949674.76
2027-07-10 09:00:00,-22.055,482.892,0.0,949856.11
2027-07-10 10:00:00,-19.654,453.554,0.0,950467.06
2027-07-10 11:00:00,-17.307,397.505,0.0,950112.7
2027-07-10 12:00:00,-16.813,318.162,0.0,949969.65
2027-07-10 13:00:00,-19.91,216.304,0.0,949171.24
2027-07-10 14:00:00,-33.136,89.234,0.0,948654.55
2027-07-10 15:00:00,-37.966,0.0,0.0,948926.43
2027-07-10 16:00:00,-43.915,2.393,0.0304,948191.57
2027-07-10 17:00:00,-54.384,2.54,0.2209,947543.65
2027-07-10 18:00:00,-70.805,1.202,0.7499,947430.24
2027-07-10 19:00:00,-78.808,1.379,0.8405,947518.8
2027-07-10 20:00:00,-87.659,0.0,1.1185,948009.2
2027-07-10 21:00:00,-98.257,0.491,1.3255,947961.03
2027-07-10 22:00:00,-105.323,0.0,1.5714,947557.47
2027-07-10 23:00:00,-113.685,5.351,1.8266,947685.35
2027-07-11 00:00:00,-112.438,11.142,1.7661,947300.33
2027-07-11 01:00:00,-110.539,0.898,1.8056,947327.48
2027-07-11 02:00:00,-108.497,0.0,1.8041,946487.34
2027-07-11 03:00:00,-98.542,1.279,1.6643,946661.58
2027-07-11 04:00:00,-85.657,112.948,1.0545,946062.54
2027-07-11 05:00:00,-76.759,236.641,0.8251,945323.76
2027-07-11 06:00:00,-69.655,336.574,0.6859,945443.8
2027-07-11 07:00:00,-50.961,412.234,0.1218,945468.98
2027-07-11 08:00:00,-37.972,472.064,0.0,945798.71
2027-07-11 09:00:00,-28.307,490.679,0.0,946509.17
2027-07-11 10:00:00,-24.721,477.087,0.0,946803.11
2027-07-11 11:00:00,-21.918,443.928,0.0,947043.66
2027-07-11 12:00:00,-14.875,375.034,0.0,947687.78
2027-07-11 13:00:00,-18.867,286.185,0.0,947635.89
2027-07-11 14:00:00,-27.562,174.899,0.0,947237.68
2027-07-11 15:00:00,-38.556,48.522,0.0,947253.72
2027-07-11 16:00:00,-41.626,0.0,0.0,948041.11
2027-07-11 17:00:00,-53.741,0.009,0.1997,948167.62
2027-07-11 18:00:00,-59.376,1.817,0.3154,948949.7
2027-07-11 19:00:00,-70.733,2.419,0.6757,949164.34
2027-07-11 20:00:00,-75.559,1.507,0.691,948878.38
2027-07-11 21:00:00,-91.865,0.0,1.1716,949146.0
2027-07-11 22:00:00,-93.589,4.984,1.3568,948700.02
2027-07-11 23:00:00,-105.052,0.0,1.7382,949057.59
2027-07-12 00:00:00,-110.078,12.397,1.9575,949065.66
2027-07-12 01:00:00,-111.958,3.815,1.8007,948270.32
2027-07-12 02:00:00,-109.784,0.0,1.7965,948252.97
2027-07-12 03:00:00,-101.524,0.926,1.6445,947813.03
2027-07-12 04:00:00,-93.96,38.622,1.3321,948398.04
2027-07-12 05:00:00,-88.566,155.516,1.1908,948848.86
2027-07-12 06:00:00,-66.877,262.144,0.485,948845.72
2027-07-12 07:00:00,-52.355,359.378,0.3054,948831.89
2027-07-12 08:00:00,-50.078,438.703,0.0927,948641.53
2027-07-12 09:00:00,-31.315,470.489,0.0,948702.95
2027-07-12 10:00:00,-20.756,484.341,0.0,947973.56
2027-07-12 11:00:00,-24.752,474.855,0.0,948288.84
2027-07-12 12:00:00,-18.232,421.151,0.0,949262.86
2027-07-12 13:00:00,-19.231,341.608,0.0,949095.96
2027-07-12 14:00:00,-17.421,243.148,0.0,948574.74
2027-07-12 15:00:00,-28.113,122.937,0.0,947593.88
2027-07-12 16:00:00,-37.032,8.961,0.0,947531.93
2027-07-12 17:00:00,-42.232,0.0,0.0,948188.39
2027-07-12 18:00:00,-48.625,0.0,0.0,948125.42
2027-07-12 19:00:00,-63.915,1.734,0.3418,948971.16
2027-07-12 20:00:00,-76.362,0.0,0.728,949413.48
2027-07-12 21:00:00,-85.934,0.0,0.8436,948807.99
2027-07-12 22:00:00,-91.71,0.0,1.0381,948009.17
2027-07-12 23:00:00,-104.821,1.837,1.4374,947537.82
2027-07-13 00:00:00,-105.156,0.395,1.5504,947859.54
2027-07-13 01:00:00,-110.278,0.0,1.5932,947822.46
2027-07-13 02:00:00,-111.099,0.0,1.7311,947509.03
2027-07-13 03:00:00,-110.313,0.064,1.6942,947923.99
2027-07-13 04:00:00,-101.133,2.402,1.4367,947976.84
2027-07-13 05:00:00,-87.25,77.652,1.1443,946992.62
2027-07-13 06:00:00,-84.503,205.363,1.0699,947213.87
2027-07-13 07:00:00,-64.112,307.982,0.4581,947094.91
2027-07-13 08:00:00,-54.973,391.555,0.385,947861.52
2027-07-13 09:00:00,-43.769,458.103,0.0,948213.99
2027-07-13 10:00:00,-29.443,487.636,0.0,948500.66
2027-07-13 11:00:00,-19.018,489.131,0.0,947932.82
2027-07-13 12:00:00,-12.734,465.329,0.0,948617.12
2027-07-13 13:00:00,-15.856,394.668,0.0,949721.35
2027-07-13 14:00:00,-18.254,313.807,0.0,949827.26
2027-07-13 15:00:00,-21.325,213.911,0.0,949144.32
2027-07-13 16:00:00,-22.774,90.343,0.0,949266.89
2027-07-13 17:00:00,-40.057,0.0,0.0,949064.65
2027-07-13 18:00:00,-44.465,0.0,0.0,948006.89
2027-07-13 19:00:00,-59.475,0.0,0.2571,948386.04
2027-07-13 20:00:00,-70.774,10.381,0.4736,948184.54
2027-07-13 21:00:00,-74.28,1.543,0.5248,948560.1
2027-07-13 22:00:00,-89.461,0.0,0.9458,948069.2
2027-07-13 23:00:00,-97.565,1.747,1.3175,947713.96
2027-07-14 00:00:00,-103.427,0.0,1.526,947709.75
2027-07-14 01:00:00,-111.528,0.0,1.7663,947693.23
2027-07-14 02:00:00,-111.204,0.0,1.7396,948164.77
2027-07-14 03:00:00,-110.297,0.0,1.7784,947516.31
2027-07-14 04:00:00,-103.289,0.0,1.4519,947874.74
2027-07-14 05:00:00,-97.024,0.0,1.2838,948164.83
2027-07-14 06:00:00,-88.329,124.162,1.088,948013.02
2027-07-14 07:00:00,-68.054,230.732,0.6608,947984.5
2027-07-14 08:00:00,-60.365,339.743,0.5054,947777.79
2027-07-14 09:00:00,-47.643,421.494,0.0231,946809.56
2027-07-14 10:00:00,-32.388,469.533,0.0,946872.5
2027-07-14 11:00:00,-30.041,490.387,0.0,946277.69
2027-07-14 12:00:00,-21.741,483.215,0.0,945579.33
2027-07-14 13:00:00,-16.042,439.976,0.0,946120.0
2027-07-14 14:00:00,-20.841,379.04,0.0,946457.45
2027-07-14 15:00:00,-20.077,289.273,0.0,946137.31
2027-07-14 16:00:00,-18.89,175.931,0.0,947100.35
2027-07-14 17:00:00,-28.361,35.815,0.0,947517.18
2027-07-14 18:00:00,-38.765,0.0,0.0,947880.25
2027-07-14 19:00:00,-47.18,0.021,0.0,947806.32
2027-07-14 20:00:00,-59.221,2.315,0.2708,947854.38
2027-07-14 21:00:00,-72.698,0.0,0.4499,947340.67
2027-07-14 22:00:00,-76.642,0.0,0.7339,946957.24
2027-07-14 23:00:00,-93.658,6.534,1.1796,946521.46
2027-07-15 00:00:00,-95.567,0.0,1.2505,946582.39
2027-07-15 01:00:00,-106.18,0.0,1.4854,947044.31
2027-07-15 02:00:00,-110.212,0.0,1.8195,947899.05
2027-07-15 03:00:00,-107.733,1.952,1.7777,948482.07
2027-07-15 04:00:00,-101.903,0.0,1.4043,949203.47
2027-07-15 05:00:00,-98.621,1.208,1.4376,949237.17
2027-07-15 06:00:00,-94.422,32.566,1.3686,949689.4
2027-07-15 07:00:00,-83.931,151.402,1.1468,948472.57
2027-07-15 08:00:00,-67.643,279.577,0.6819,947500.23
2027-07-15 09:00:00,-53.068,369.193,0.2753,947375.96
2027-07-15 10:00:00,-50.308,436.575,0.2045,946931.29
2027-07-15 11:00:00,-34.319,478.385,0.0,947269.84
2027-07-15 12:00:00,-27.869,500.009,0.0,947562.4
2027-07-15 13:00:00,-19.108,475.521,0.0,947045.26
2027-07-15 14:00:00,-19.764,427.66,0.0,947028.66
2027-07-15 15:00:00,-21.863,341.123,0.0,946605.64
2027-07-15 16:00:00,-24.122,244.189,0.0,947329.95
2027-07-15 17:00:00,-28.827,130.082,0.0,947416.88
2027-07-15 18:00:00,-34.826,1.179,0.0,947353.8
2027-07-15 19:00:00,-47.896,0.0,0.0156,947675.2
2027-07-15 20:00:00,-57.387,0.0,0.1546,947610.89
2027-07-15 21:00:00,-64.159,1.995,0.3511,947283.84
2027-07-15 22:00:00,-75.369,0.0,0.6078,947602.71
2027-07-15 23:00:00,-81.239,2.86,1.0636,946944.1
2027-07-16 00:00:00,-92.594,1.554,1.2869,947305.56
2027-07-16 01:00:00,-105.32,0.0,1.4841,946891.25
2027-07-16 02:00:00,-109.572,2.248,1.6096,946442.31
2027-07-16 03:00:00,-107.955,0.0,1.6668,947405.13
2027-07-16 04:00:00,-112.675,0.0,1.8497,947482.67
2027-07-16 05:00:00,-108.355,2.719,1.7791,947036.4
2027-07-16 06:00:00,-107.019,2.935,1.6357,947914.33
2027-07-16 07:00:00,-96.628,77.408,1.438,948253.84
2027-07-16 08:00:00,-77.204,197.093,1.0702,949176.13
2027-07-16 09:00:00,-67.278,306.346,0.6897,950000.88
2027-07-16 10:00:00,-56.312,391.871,0.2552,949327.62
2027-07-16 11:00:00,-43.7,464.151,0.0223,949106.21
2027-07-16 12:00:00,-27.066,490.527,0.0,949242.78
2027-07-16 13:00:00,-26.419,489.866,0.0,949921.6
2027-07-16 14:00:00,-18.354,454.351,0.0,950582.9
2027-07-16 15:00:00,-14.758,402.289,0.0,951492.83
2027-07-16 16:00:00,-14.705,309.374,0.0,951535.84
2027-07-16 17:00:00,-27.103,202.825,0.0,951363.8
2027-07-16 18:00:00,-35.785,90.294,0.0,951091.11
2027-07-16 19:00:00,-43.695,1.937,0.0,951269.55
2027-07-16 20:00:00,-46.78,0.0,0.0,951795.89
2027-07-16 21:00:00,-53.977,0.0,0.2057,951144.78
2027-07-16 22:00:00,-68.255,0.628,0.4228,950738.51
2027-07-16 23:00:00,-82.777,0.0,0.8721,949997.4
2027-07-17 00:00:00,-86.878,0.802,1.0356,950855.55
2027-07-17 01:00:00,-100.21,0.0,1.3414,950874.85
2027-07-17 02:00:00,-107.471,0.0,1.5449,950733.0
2027-07-17 03:00:00,-110.066,0.0,1.8586,950319.77
2027-07-17 04:00:00,-111.891,1.411,1.8105,950412.19
2027-07-17 05:00:00,-111.058,0.0,1.8439,950608.56
2027-07-17 06:00:00,-101.451,0.0,1.5799,950695.85
2027-07-17 07:00:00,-100.156,0.0,1.5181,952258.77
2027-07-17 08:00:00,-92.316,120.688,1.239,952309.48
2027-07-17 09:00:00,-73.352,248.349,0.7345,952804.33
2027-07-17 10:00:00,-65.236,338.735,0.4712,952334.6
2027-07-17 11:00:00,-52.302,418.609,0.0749,951721.38
2027-07-17 12:00:00,-35.583,475.608,0.0,951247.7
2027-07-17 13:00:00,-30.183,493.347,0.0,950075.13
2027-07-17 14:00:00,-22.525,482.147,0.0,950395.96
2027-07-17 15:00:00,-17.065,446.632,0.0,950015.23
2027-07-17 16:00:00,-17.679,374.591,0.0,950853.07
2027-07-17 17:00:00,-20.704,279.867,0.0,950747.58
2027-07-17 18:00:00,-32.864,165.938,0.0,951029.27
2027-07-17 19:00:00,-34.91,42.341,0.0,950594.01
2027-07-17 20:00:00,-37.106,4.586,0.0,951048.07
2027-07-17 21:00:00,-49.967,0.0,0.0,950379.27
2027-07-17 22:00:00,-63.081,6.156,0.2979,949941.4
2027-07-17 23:00:00,-71.257,0.0,0.4735,949764.34
2027-07-18 00:00:00,-80.816,7.169,0.8539,949647.07
2027-07-18 01:00:00,-95.097,2.36,1.1516,950715.14
2027-07-18 02:00:00,-96.505,0.0,1.3835,951159.98
2027-07-18 03:00:00,-105.655,2.545,1.668,951099.78
2027-07-18 04:00:00,-110.931,0.0,1.7659,951289.25
2027-07-18 05:00:00,-105.497,0.167,1.5892,951164.06
2027-07-18 06:00:00,-114.157,0.0,1.7864,951271.34
2027-07-18 07:00:00,-107.163,0.0,1.6641,950860.64
2027-07-18 08:00:00,-93.852,44.885,1.3187,950800.22
2027-07-18 09:00:00,-82.19,165.609,1.1216,951209.19
2027-07-18 10:00:00,-67.239,269.71,0.6918,951119.05
2027-07-18 11:00:00,-65.687,364.546,0.7731,951514.75
2027-07-18 12:00:00,-43.589,441.912,0.1639,951339.17
2027-07-18 13:00:00,-39.177,484.503,0.0112,952002.65
2027-07-18 14:00:00,-25.658,490.472,0.0,952494.75
2027-07-18 15:00:00,-20.853,480.969,0.0,953019.81
2027-07-18 16:00:00,-15.301,425.704,0.0,952744.99
2027-07-18 17:00:00,-19.686,339.902,0.0,953263.18
2027-07-18 18:00:00,-19.525,238.657,0.0,953001.62
2027-07-18 19:00:00,-32.155,124.716,0.0,952973.84
2027-07-18 20:00:00,-39.027,0.0,0.0,952830.62
2027-07-18 21:00:00,-46.637,6.281,0.0,953215.91
2027-07-18 22:00:00,-52.337,4.923,0.1872,952908.29
2027-07-18 23:00:00,-65.48,0.175,0.4969,952879.76
2027-07-19 00:00:00,-77.935,3.39,0.6805,952303.47
2027-07-19 01:00:00,-86.669,4.115,1.0649,951910.75
2027-07-19 02:00:00,-94.643,0.291,1.1764,951834.18
2027-07-19 03:00:00,-103.797,2.013,1.4894,951862.64
2027-07-19 04:00:00,-112.776,2.971,1.7379,951583.47
2027-07-19 05:00:00,-109.784,2.438,1.6626,951506.98
2027-07-19 06:00:00,-111.421,0.0,1.6533,950926.01
2027-07-19 07:00:00,-109.598,0.0,1.9793,950904.61
2027-07-19 08:00:00,-105.872,0.0,1.7681,950771.55
2027-07-19 09:00:00,-92.702,79.215,1.3841,951264.04
2027-07-19 10:00:00,-80.604,195.615,1.2007,951167.0
2027-07-19 11:00:00,-71.466,313.494,0.6603,950839.84
2027-07-19 12:00:00,-59.405,398.962,0.4615,950406.01
2027-07-19 13:00:00,-38.617,452.006,0.0,949549.91
2027-07-19 14:00:00,-31.442,489.355,0.0,949886.56
2027-07-19 15:00:00,-25.692,489.821,0.0,949841.4
2027-07-19 16:00:00,-18.858,460.146,0.0,949248.33
2027-07-19 17:00:00,-21.31,392.664,0.0,949549.48
2027-07-19 18:00:00,-21.673,304.433,0.0,950371.25
2027-07-19 19:00:00,-25.559,206.828,0.0,949282.51
2027-07-19 20:00:00,-30.861,76.392,0.0,949174.93
2027-07-19 21:00:00,-47.025,0.0,0.0,950327.07
2027-07-19 22:00:00,-54.592,0.0,0.1002,949999.82
2027-07-19 23:00:00,-65.386,0.0,0.4215,950349.66
2027-07-20 00:00:00,-70.052,1.264,0.4541,949853.51
2027-07-20 01:00:00,-83.506,7.993,0.9339,949382.84
2027-07-20 02:00:00,-96.259,0.0,1.3881,949451.24
2027-07-20 03:00:00,-101.934,4.383,1.5596,950969.69
2027-07-20 04:00:00,-109.666,0.0,1.6485,950489.5
2027-07-20 05:00:00,-115.169,6.969,2.0287,950449.55
2027-07-20 06:00:00,-108.582,0.0,1.8667,950652.83
2027-07-20 07:00:00,-111.044,12.182,2.0766,949897.99
2027-07-20 08:00:00,-103.537,0.0,1.8229,949435.64
2027-07-20 09:00:00,-105.377,6.461,1.6374,949898.51
2027-07-20 10:00:00,-88.15,130.196,1.286,950298.59
2027-07-20 11:00:00,-81.792,239.311,1.0956,950009.34
2027-07-20 12:00:00,-57.237,340.828,0.4977,950341.74
2027-07-20 13:00:00,-57.038,417.456,0.418,950878.27
2027-07-20 14:00:00,-34.697,477.374,0.0,950721.04
2027-07-20 15:00:00,-31.32,492.547,0.0,950671.05
2027-07-20 16:00:00,-24.878,479.857,0.0,950763.75
2027-07-20 17:00:00,-18.334,444.675,0.0,950305.46
2027-07-20 18:00:00,-22.702,366.996,0.0,950269.47
2027-07-20 19:00:00,-20.4,275.337,0.0,950152.37
2027-07-20 20:00:00,-25.79,165.125,0.0,950153.2
2027-07-20 21:00:00,-37.891,38.349,0.0,950207.14
2027-07-20 22:00:00,-45.74,0.0,0.0,949518.69
2027-07-20 23:00:00,-49.176,7.675,0.0819,949119.3
2027-07-21 00:00:00,-64.393,0.0,0.2645,949712.16
2027-07-21 01:00:00,-79.043,0.0,0.8336,949271.34
2027-07-21 02:00:00,-84.576,0.0,0.8953,948837.87
2027-07-21 03:00:00,-98.225,2.272,1.2456,949007.53
2027-07-21 04:00:00,-106.417,0.0,1.5027,948621.27
2027-07-21 05:00:00,-107.925,2.136,1.7798,948807.08
2027-07-21 06:00:00,-116.114,1.279,1.9587,948698.64
2027-07-21 07:00:00,-113.741,0.0,1.8072,948339.67
2027-07-21 08:00:00,-109.433,8.971,1.9536,949016.44
2027-07-21 09:00:00,-100.668,7.304,1.4233,949528.97
2027-07-21 10:00:00,-96.871,38.912,1.3843,949268.95
2027-07-21 11:00:00,-91.354,160.331,1.4095,949792.1
2027-07-21 12:00:00,-78.079,279.405,0.9165,949960.86
2027-07-21 13:00:00,-56.139,365.498,0.3433,950181.24
2027-07-21 14:00:00,-50.184,449.756,0.1715,950014.43
2027-07-21 15:00:00,-42.194,482.304,0.0,949610.79
2027-07-21 16:00:00,-31.882,503.174,0.0,950210.25
2027-07-21 17:00:00,-20.901,469.396,0.0,950679.64
2027-07-21 18:00:00,-20.357,420.831,0.0,950008.71
2027-07-21 19:00:00,-19.446,348.389,0.0,949576.7
2027-07-21 20:00:00,-25.041,239.003,0.0,951009.03
2027-07-21 21:00:00,-34.404,125.002,0.0,950848.93
2027-07-21 22:00:00,-46.336,5.463,0.0,950179.0
2027-07-21 23:00:00,-51.638,0.0,0.0024,949810.37
2027-07-22 00:00:00,-58.137,0.0,0.2113,949774.67
2027-07-22 01:00:00,-72.964,0.0,0.6025,950004.07
2027-07-22 02:00:00,-77.173,2.917,0.5202,950652.05
2027-07-22 03:00:00,-93.409,1.944,1.0883,950122.8
2027-07-22 04:00:00,-103.471,5.308,1.2048,949561.01
2027-07-22 05:00:00,-105.156,0.0,1.4658,950442.28
2027-07-22 06:00:00,-108.06,0.0,1.5683,949420.97
2027-07-22 07:00:00,-108.682,0.0,1.439,949375.81
2027-07-22 08:00:00,-116.964,14.34,1.627,949568.42
2027-07-22 09:00:00,-104.886,2.635,1.4176,949191.74
2027-07-22 10:00:00,-102.666,0.684,1.4041,949534.27
2027-07-22 11:00:00,-95.636,86.971,1.2333,950235.24
2027-07-22 12:00:00,-79.386,198.785,0.8434,949538.57
2027-07-22 13:00:00,-64.543,309.042,0.4034,950243.57
2027-07-22 14:00:00,-60.255,408.604,0.2643,950523.0
2027-07-22 15:00:00,-44.78,464.234,0.0,950161.71
2027-07-22 16:00:00,-34.493,488.42,0.0,951238.12
2027-07-22 17:00:00,-23.146,485.617,0.0,950343.65
2027-07-22 18:00:00,-15.824,456.932,0.0,949395.6
2027-07-22 19:00:00,-18.274,396.018,0.0,948906.32
2027-07-22 20:00:00,-20.787,320.247,0.0,948825.28
2027-07-22 21:00:00,-24.138,201.442,0.0,949154.87
2027-07-22 22:00:00,-33.392,75.741,0.0,949121.85
2027-07-22 23:00:00,-47.543,0.0,0.0,949589.67
2027-07-23 00:00:00,-48.336,1.322,0.0,949208.58
2027-07-23 01:00:00,-56.775,0.0,0.0,949139.42
2027-07-23 02:00:00,-66.389,2.011,0.4129,949485.94
2027-07-23 03:00:00,-83.102,6.045,0.8005,949698.33
2027-07-23 04:00:00,-87.837,0.693,0.839,949463.16
2027-07-23 05:00:00,-93.48,0.0,1.1774,950188.05
2027-07-23 06:00:00,-97.51,0.0,1.2164,949979.61
2027-07-23 07:00:00,-107.446,0.0,1.5802,950099.83
2027-07-23 08:00:00,-106.932,0.0,1.6081,949969.99
2027-07-23 09:00:00,-111.115,1.554,1.6615,950754.95
2027-07-23 10:00:00,-107.409,0.0,1.4643,950888.27
2027-07-23 11:00:00,-94.382,12.351,1.2359,951302.55
2027-07-23 12:00:00,-92.59,131.641,1.1499,951180.84
2027-07-23 13:00:00,-73.641,235.507,0.5278,950649.41
2027-07-23 14:00:00,-57.036,336.623,0.0699,950922.74
2027-07-23 15:00:00,-46.336,419.278,0.0,951331.16
2027-07-23 16:00:00,-34.978,483.391,0.0,953086.17
2027-07-23 17:00:00,-27.796,500.605,0.0,953440.68
2027-07-23 18:00:00,-21.556,492.859,0.0,953815.47
2027-07-23 19:00:00,-10.195,442.078,0.0,953627.79
2027-07-23 20:00:00,-12.402,369.721,0.0,953635.9
2027-07-23 21:00:00,-16.207,269.325,0.0,953318.87
2027-07-23 22:00:00,-23.8,164.303,0.0,953951.12
2027-07-23 23:00:00,-34.445,38.061,0.0,954002.57
2027-07-24 00:00:00,-37.954,0.0,0.0,953864.3
2027-07-24 01:00:00,-50.736,8.09,0.0,952889.92
2027-07-24 02:00:00,-59.93,0.0,0.0396,952964.27
2027-07-24 03:00:00,-69.592,6.655,0.312,953448.28
2027-07-24 04:00:00,-81.621,0.0,0.6804,952656.46
2027-07-24 05:00:00,-86.388,13.441,0.8287,953113.72
2027-07-24 06:00:00,-103.259,0.0,1.3984,953382.17
2027-07-24 07:00:00,-104.183,3.536,1.343,953350.58
2027-07-24 08:00:00,-100.518,4.331,1.5285,953052.57
2027-07-24 09:00:00,-105.111,0.0,1.4893,953459.6
2027-07-24 10:00:00,-106.501,4.095,1.4857,953044.44
2027-07-24 11:00:00,-98.916,4.355,1.2417,953500.31
2027-07-24 12:00:00,-93.686,42.106,1.152,952853.13
2027-07-24 13:00:00,-76.751,165.397,0.6947,952986.15
2027-07-24 14:00:00,-66.153,281.466,0.4071,952952.27
2027-07-24 15:00:00,-58.043,374.845,0.1308,953760.47
2027-07-24 16:00:00,-41.837,452.337,0.0,953738.8
2027-07-24 17:00:00,-30.391,490.081,0.0,954068.64
2027-07-24 18:00:00,-21.686,495.995,0.0,952875.68
2027-07-24 19:00:00,-16.362,477.107,0.0,952599.23
2027-07-24 20:00:00,-12.692,410.96,0.0,952460.42
2027-07-24 21:00:00,-13.73,338.03,0.0,951807.77
2027-07-24 22:00:00,-20.661,240.427,0.0,951932.11
2027-07-24 23:00:00,-26.791,127.006,0.0,951145.13
2027-07-25 00:00:00,-36.379,0.999,0.0,950741.29
2027-07-25 01:00:00,-43.62,7.291,0.0,950698.19
2027-07-25 02:00:00,-54.564,4.34,0.0,951281.68
2027-07-25 03:00:00,-61.236,0.0,0.1557,951189.22
2027-07-25 04:00:00,-78.349,0.0,0.6236,951078.02
2027-07-25 05:00:00,-90.525,2.042,1.0844,950720.26
2027-07-25 06:00:00,-88.123,0.0,1.0975,950014.59
2027-07-25 07:00:00,-103.515,7.656,1.4769,949955.8
2027-07-25 08:00:00,-102.94,0.0,1.559,950238.24
2027-07-25 09:00:00,-107.063,1.581,1.5896,950014.98
2027-07-25 10:00:00,-110.705,3.677,1.7858,949633.76
2027-07-25 11:00:00,-105.304,0.0,1.7352,949294.58
2027-07-25 12:00:00,-99.741,0.0,1.6597,950063.14
2027-07-25 13:00:00,-88.2,88.051,1.1396,949684.2
2027-07-25 14:00:00,-78.497,213.001,1.081,949026.69
2027-07-25 15:00:00,-64.082,313.47,0.7611,949669.23
2027-07-25 16:00:00,-51.317,397.257,0.1081,950580.76
2027-07-25 17:00:00,-36.31,468.997,0.0,950368.28
2027-07-25 18:00:00,-31.28,495.976,0.0,950342.34
2027-07-25 19:00:00,-25.142,497.858,0.0,950291.56
2027-07-25 20:00:00,-19.237,463.632,0.0,950918.99
2027-07-25 21:00:00,-15.024,408.055,0.0,949889.51
2027-07-25 22:00:00,-23.657,314.401,0.0,949194.03
2027-07-25 23:00:00,-20.344,196.927,0.0,949329.68
2027-07-26 00:00:00,-31.898,81.662,0.0,949611.34
2027-07-26 01:00:00,-39.415,0.0,0.0,949272.91
2027-07-26 02:00:00,-48.294,0.0,0.0787,949333.27
2027-07-26 03:00:00,-60.4,0.0,0.3671,950259.46
2027-07-26 04:00:00,-72.085,0.0,0.6685,949957.3
2027-07-26 05:00:00,-81.612,2.725,0.9338,949137.82
2027-07-26 06:00:00,-94.103,0.0,1.2969,949557.37
2027-07-26 07:00:00,-96.621,0.0,1.402,948136.45
2027-07-26 08:00:00,-104.631,0.0,1.6903,948035.45
2027-07-26 09:00:00,-112.359,10.559,1.6987,948313.73
2027-07-26 10:00:00,-110.552,1.626,1.9718,948445.12
2027-07-26 11:00:00,-105.407,0.0,1.783,948724.84
2027-07-26 12:00:00,-98.702,2.309,1.8161,949305.91
2027-07-26 13:00:00,-100.194,16.257,1.7601,949623.64
2027-07-26 14:00:00,-78.518,133.715,1.1478,948406.26
2027-07-26 15:00:00,-75.608,233.555,1.1275,949362.54
2027-07-26 16:00:00,-64.528,361.658,0.7004,949766.43
2027-07-26 17:00:00,-41.886,417.567,0.1052,949677.83
2027-07-26 18:00:00,-38.267,476.646,0.0281,950081.55
2027-07-26 19:00:00,-20.647,492.031,0.0,949991.55
2027-07-26 20:00:00,-20.357,481.883,0.0,950336.76
2027-07-26 21:00:00,-16.148,443.535,0.0,949982.34
2027-07-26 22:00:00,-18.943,359.735,0.0,950345.63
2027-07-26 23:00:00,-13.62,273.712,0.0,950778.88
2027-07-27 00:00:00,-20.01,166.262,0.0,950650.1
2027-07-27 01:00:00,-34.363,32.296,0.0,949959.72
2027-07-27 02:00:00,-41.367,0.0,0.0,950933.67
2027-07-27 03:00:00,-48.594,0.0,0.1606,950993.3
2027-07-27 04:00:00,-62.035,0.0,0.3328,950348.52
2027-07-27 05:00:00,-66.784,0.0,0.7115,950158.37
2027-07-27 06:00:00,-82.038,0.0,1.0878,950620.32
2027-07-27 07:00:00,-92.768,2.596,1.4765,950606.22
2027-07-27 08:00:00,-104.261,2.976,1.6928,950906.93
2027-07-27 09:00:00,-108.457,0.0,1.8333,950436.27
2027-07-27 10:00:00,-105.675,0.0,1.6931,951022.43
2027-07-27 11:00:00,-107.916,0.682,1.811,950692.44
2027-07-27 12:00:00,-104.0,0.0,1.743,950497.75
2027-07-27 13:00:00,-103.442,0.893,1.7744,949971.44
2027-07-27 14:00:00,-98.553,55.789,1.7138,950523.22
2027-07-27 15:00:00,-83.052,171.6,1.1714,950804.2
2027-07-27 16:00:00,-62.411,278.192,0.6736,951383.08
2027-07-27 17:00:00,-58.195,380.235,0.5637,952992.16
2027-07-27 18:00:00,-43.509,446.981,0.0,953066.62
2027-07-27 19:00:00,-40.182,487.8,0.095,952638.51
2027-07-27 20:00:00,-25.943,500.065,0.0,952397.06
2027-07-27 21:00:00,-20.06,478.144,0.0,952728.96
2027-07-27 22:00:00,-15.343,421.213,0.0,951496.13
2027-07-27 23:00:00,-17.851,339.887,0.0,951182.5
2027-07-28 00:00:00,-25.729,247.689,0.0,950775.01
2027-07-28 01:00:00,-30.541,125.219,0.0,950638.24
2027-07-28 02:00:00,-38.606,4.168,0.0,950324.86
2027-07-28 03:00:00,-48.882,0.656,0.1377,950482.3
2027-07-28 04:00:00,-57.947,0.0,0.1454,950318.94
2027-07-28 05:00:00,-62.81,5.637,0.4156,951151.81
2027-07-28 06:00:00,-78.359,0.721,0.9162,951616.97
2027-07-28 07:00:00,-85.315,0.0,1.0892,952595.77
2027-07-28 08:00:00,-95.655,0.0,1.4102,951838.13
2027-07-28 09:00:00,-105.735,0.0,1.7636,951258.65
2027-07-28 10:00:00,-107.286,5.287,1.9831,951636.71
2027-07-28 11:00:00,-108.202,3.415,1.8491,951768.07
2027-07-28 12:00:00,-103.766,0.908,1.78,951986.67
2027-07-28 13:00:00,-108.1,0.0,1.9194,951332.56
2027-07-28 14:00:00,-100.281,0.0,1.5154,951035.05
2027-07-28 15:00:00,-86.754,80.661,1.3245,950667.91
2027-07-28 16:00:00,-73.948,204.916,0.8389,951006.26
2027-07-28 17:00:00,-66.64,315.258,0.7225,950798.38
2027-07-28 18:00:00,-52.423,400.909,0.4027,951063.57
2027-07-28 19:00:00,-36.612,467.055,0.0,951211.37
2027-07-28 20:00:00,-27.743,499.838,0.0,951092.8
2027-07-28 21:00:00,-18.419,493.3,0.0,950961.32
2027-07-28 22:00:00,-13.724,467.253,0.0,950756.19
2027-07-28 23:00:00,-13.874,392.84,0.0,950936.93
2027-07-29 00:00:00,-16.379,306.998,0.0,951261.24
2027-07-29 01:00:00,-23.808,198.467,0.0,950654.41
2027-07-29 02:00:00,-30.913,82.388,0.0,950419.06
2027-07-29 03:00:00,-39.961,0.529,0.0,950709.98
2027-07-29 04:00:00,-44.59,0.668,0.0,950553.65
2027-07-29 05:00:00,-57.464,0.0,0.2832,950535.74
2027-07-29 06:00:00,-68.755,0.0,0.6161,950553.02
2027-07-29 07:00:00,-82.987,5.48,1.161,950269.66
2027-07-29 08:00:00,-85.893,0.0,1.06,950321.8
2027-07-29 09:00:00,-99.434,6.715,1.3884,950081.16
2027-07-29 10:00:00,-104.3,2.498,1.8247,951447.06
2027-07-29 11:00:00,-103.163,0.0,1.6909,951186.63
2027-07-29 12:00:00,-105.635,0.0,1.8261,951387.04
2027-07-29 13:00:00,-108.922,9.48,1.6084,951477.29
2027-07-29 14:00:00,-105.654,7.057,1.4655,951877.01
2027-07-29 15:00:00,-96.528,7.389,1.3296,951149.77
2027-07-29 16:00:00,-86.632,134.25,1.1327,951408.96
2027-07-29 17:00:00,-76.54,247.323,0.8666,951042.64
2027-07-29 18:00:00,-61.756,352.034,0.4378,950953.32
2027-07-29 19:00:00,-55.068,426.118,0.1418,950743.11
2027-07-29 20:00:00,-32.954,479.495,0.0,951713.7
2027-07-29 21:00:00,-23.547,508.356,0.0,951458.71
2027-07-29 22:00:00,-15.794,486.003,0.0,950382.97
2027-07-29 23:00:00,-15.675,437.003,0.0,951100.94
2027-07-30 00:00:00,-17.682,362.613,0.0,951301.72
2027-07-30 01:00:00,-15.808,273.419,0.0,951217.83
2027-07-30 02:00:00,-26.816,154.695,0.0,950462.66
2027-07-30 03:00:00,-37.798,35.204,0.0,949969.22
2027-07-30 04:00:00,-43.475,0.0,0.0,950271.23
2027-07-30 05:00:00,-51.453,3.451,0.0,949861.92
2027-07-30 06:00:00,-65.968,0.0,0.4246,949862.01
2027-07-30 07:00:00,-76.827,0.231,0.8041,949481.08
2027-07-30 08:00:00,-84.823,0.0,1.0352,948969.71
2027-07-30 09:00:00,-91.799,8.592,1.1518,949154.48
2027-07-30 10:00:00,-100.761,0.857,1.3428,949425.66
2027-07-30 11:00:00,-97.326,9.727,1.1953,949358.94
2027-07-30 12:00:00,-109.495,2.804,1.7338,949558.26
2027-07-30 13:00:00,-107.509,7.127,1.5323,948476.13
2027-07-30 14:00:00,-112.582,0.0,1.7693,948252.39
2027-07-30 15:00:00,-101.618,1.728,1.6038,947677.43
2027-07-30 16:00:00,-96.289,57.341,1.2917,947392.54
2027-07-30 17:00:00,-83.015,179.455,1.0398,947877.78
2027-07-30 18:00:00,-65.814,289.982,0.5001,949571.4
2027-07-30 19:00:00,-59.631,379.541,0.4311,949048.59
2027-07-30 20:00:00,-50.102,449.634,0.1519,948908.79
2027-07-30 21:00:00,-38.574,496.284,0.0,949747.34
2027-07-30 22:00:00,-26.834,505.816,0.0,950081.95
2027-07-30 23:00:00,-22.01,472.387,0.0,950420.73
2027-07-31 00:00:00,-19.257,417.201,0.0,950209.2
2027-07-31 01:00:00,-24.57,334.782,0.0,949194.92
2027-07-31 02:00:00,-18.452,239.917,0.0,948561.39
2027-07-31 03:00:00,-27.849,112.354,0.0,948870.15
2027-07-31 04:00:00,-40.676,4.088,0.0,948735.77
2027-07-31 05:00:00,-54.727,2.728,0.1567,948900.32
2027-07-31 06:00:00,-55.332,0.0,0.0713,949605.25
2027-07-31 07:00:00,-66.669,7.819,0.7033,949974.16
2027-07-31 08:00:00,-80.368,0.0,1.0378,949600.38
2027-07-31 09:00:00,-87.059,8.298,1.3648,949853.72
2027-07-31 10:00:00,-101.33,1.594,1.6082,949111.42
2027-07-31 11:00:00,-109.815,0.0,1.8028,949063.43
2027-07-31 12:00:00,-111.419,7.959,1.6817,948666.49
2027-07-31 13:00:00,-118.795,4.861,2.1476,949012.24
2027-07-31 14:00:00,-117.047,0.0,2.1172,947770.61
2027-07-31 15:00:00,-108.991,0.0,1.6972,947676.77
2027-07-31 16:00:00,-103.85,0.0,1.6198,948314.17
2027-07-31 17:00:00,-98.642,106.295,1.4265,948406.6
2027-07-31 18:00:00,-84.328,210.442,0.9794,948223.4
2027-07-31 19:00:00,-74.284,315.705,0.7366,948871.82
2027-07-31 20:00:00,-58.641,409.543,0.3164,949816.2
2027-07-31 21:00:00,-47.416,459.842,0.0,948862.53
2027-07-31 22:00:00,-32.578,492.735,0.0,949468.73
2027-07-31 23:00:00,-28.571,500.097,0.0,949646.5
2027-08-01 00:00:00,-24.56,462.951,0.0,949616.82
2027-08-01 01:00:00,-23.826,394.458,0.0,948851.42
2027-08-01 02:00:00,-29.814,306.64,0.0,949215.92
2027-08-01 03:00:00,-29.67,194.692,0.0,948800.46
2027-08-01 04:00:00,-35.707,74.226,0.0,948608.22
2027-08-01 05:00:00,-45.598,0.0,0.0,949266.35
2027-08-01 06:00:00,-52.696,0.0,0.0,948866.9
2027-08-01 07:00:00,-62.46,0.0,0.3045,949001.39
2027-08-01 08:00:00,-69.177,0.0,0.4343,948700.42
2027-08-01 09:00:00,-90.624,5.22,0.7784,948681.84
2027-08-01 10:00:00,-96.657,3.851,1.0823,948819.72
2027-08-01 11:00:00,-104.381,0.0,1.4857,949266.79
2027-08-01 12:00:00,-112.268,0.0,1.5605,949141.86
2027-08-01 13:00:00,-117.609,0.0,1.6529,949758.0
2027-08-01 14:00:00,-114.898,10.776,1.6883,950607.43
2027-08-01 15:00:00,-113.714,0.0,1.7674,950582.33
2027-08-01 16:00:00,-113.456,0.0,1.5492,950716.44
2027-08-01 17:00:00,-108.597,11.123,1.4232,950833.37
2027-08-01 18:00:00,-92.67,136.03,1.0999,950342.88
2027-08-01 19:00:00,-80.36,251.369,0.707,950567.86
2027-08-01 20:00:00,-63.089,360.153,0.3408,951820.14
2027-08-01 21:00:00,-55.284,434.492,0.0171,951073.79
2027-08-01 22:00:00,-41.416,486.389,0.0,951018.12
2027-08-01 23:00:00,-37.241,503.916,0.0,950744.22
2027-08-02 00:00:00,-30.141,491.901,0.0,951408.22
2027-08-02 01:00:00,-23.927,450.339,0.0,951284.05
2027-08-02 02:00:00,-21.601,375.486,0.0,951773.94
2027-08-02 03:00:00,-26.352,283.045,0.0,951355.17
2027-08-02 04:00:00,-29.368,162.563,0.0,950819.67
2027-08-02 05:00:00,-44.024,28.07,0.0,951182.75
2027-08-02 06:00:00,-47.597,4.237,0.0,951058.24
2027-08-02 07:00:00,-57.233,3.552,0.0,950641.42
2027-08-02 08:00:00,-70.911,9.601,0.3849,950039.58
2027-08-02 09:00:00,-76.821,0.0,0.6059,950475.52
2027-08-02 10:00:00,-94.646,2.79,1.0322,950228.58
2027-08-02 11:00:00,-99.557,0.0,1.3505,949316.09
2027-08-02 12:00:00,-102.212,2.563,1.3857,949184.96
2027-08-02 13:00:00,-117.145,0.0,1.7884,948733.61
2027-08-02 14:00:00,-111.902,2.397,1.7326,948803.4
2027-08-02 15:00:00,-117.632,0.0,2.0017,949097.58
2027-08-02 16:00:00,-113.996,3.966,1.7063,948557.39
2027-08-02 17:00:00,-102.58,1.03,1.4257,948003.35
2027-08-02 18:00:00,-99.627,54.831,1.4567,947814.83
2027-08-02 19:00:00,-80.291,187.749,0.9783,947866.34
2027-08-02 20:00:00,-73.423,288.53,0.6711,947657.75
2027-08-02 21:00:00,-59.098,385.853,0.3041,948170.24
2027-08-02 22:00:00,-43.666,453.546,0.0,947438.75
2027-08-02 23:00:00,-34.092,493.689,0.0,947771.67
2027-08-03 00:00:00,-26.106,511.651,0.0,946863.17
2027-08-03 01:00:00,-22.947,476.383,0.0,947438.41
2027-08-03 02:00:00,-23.906,418.006,0.0,947433.26
2027-08-03 03:00:00,-24.943,347.796,0.0,947240.45
2027-08-03 04:00:00,-20.827,232.64,0.0,947738.72
2027-08-03 05:00:00,-27.036,106.758,0.0,947888.39
2027-08-03 06:00:00,-41.038,0.0,0.0,948056.5
2027-08-03 07:00:00,-55.201,0.0,0.0,948791.15
2027-08-03 08:00:00,-62.184,0.0,0.2358,948727.98
2027-08-03 09:00:00,-72.857,0.0,0.5854,948180.11
2027-08-03 10:00:00,-82.226,0.0,0.7436,948232.61
2027-08-03 11:00:00,-93.451,5.903,1.1196,948184.9
2027-08-03 12:00:00,-97.756,3.147,1.1492,948409.03
2027-08-03 13:00:00,-105.445,2.919,1.3937,948792.22
2027-08-03 14:00:00,-106.06,0.0,1.4972,948154.53
2027-08-03 15:00:00,-113.971,4.425,1.9695,948019.02
2027-08-03 16:00:00,-111.788,6.956,1.6193,949002.25
2027-08-03 17:00:00,-106.862,1.973,1.6149,948711.28
2027-08-03 18:00:00,-100.112,2.113,1.4485,949278.17
2027-08-03 19:00:00,-97.137,90.829,1.3438,950589.33
2027-08-03 20:00:00,-79.98,223.45,0.8353,950684.75
2027-08-03 21:00:00,-67.589,334.03,0.638,950886.3
2027-08-03 22:00:00,-54.214,412.704,0.1384,951349.43
2027-08-03 23:00:00,-42.934,467.543,0.0,951277.55
2027-08-04 00:00:00,-27.54,498.753,0.0,951187.62
2027-08-04 01:00:00,-27.753,494.254,0.0,951632.14
2027-08-04 02:00:00,-23.453,459.294,0.0,951549.59
2027-08-04 03:00:00,-21.609,399.3,0.0,952324.29
2027-08-04 04:00:00,-22.486,306.84,0.0,952148.96
2027-08-04 05:00:00,-26.057,200.113,0.0,951739.55
2027-08-04 06:00:00,-36.43,73.991,0.0,952453.31
2027-08-04 07:00:00,-41.162,0.0,0.0,952411.27
2027-08-04 08:00:00,-53.094,0.0,0.0,952285.63
2027-08-04 09:00:00,-63.972,0.0,0.3416,951870.72
2027-08-04 10:00:00,-78.717,0.0,0.6512,951257.01
2027-08-04 11:00:00,-79.244,8.974,0.725,951103.95
2027-08-04 12:00:00,-94.767,9.774,1.1114,951098.39
2027-08-04 13:00:00,-98.273,4.183,1.2042,950454.62
2027-08-04 14:00:00,-111.299,0.594,1.6254,949784.05
2027-08-04 15:00:00,-111.085,0.0,1.4381,950553.64
2027-08-04 16:00:00,-116.015,1.1,1.6693,950681.35
2027-08-04 17:00:00,-107.796,0.0,1.463,951365.94
2027-08-04 18:00:00,-105.527,8.153,1.5309,951841.69
2027-08-04 19:00:00,-100.167,5.36,1.2537,951346.06
2027-08-04 20:00:00,-92.995,141.524,1.2205,950871.95
2027-08-04 21:00:00,-72.684,252.439,0.5683,949935.25
2027-08-04 22:00:00,-59.103,357.399,0.2834,949637.44
2027-08-04 23:00:00,-53.264,438.341,0.0172,949864.37
2027-08-05 00:00:00,-40.581,489.601,0.0,949729.09
2027-08-05 01:00:00,-29.449,502.388,0.0,949009.78
2027-08-05 02:00:00,-31.573,492.239,0.0,949296.77
2027-08-05 03:00:00,-18.359,439.321,0.0,948701.53
2027-08-05 04:00:00,-18.417,369.475,0.0,949000.87
2027-08-05 05:00:00,-25.724,275.086,0.0,949341.88
2027-08-05 06:00:00,-36.939,156.115,0.0,949397.81
2027-08-05 07:00:00,-37.935,26.203,0.0,949918.83
2027-08-05 08:00:00,-50.676,0.0,0.0,949584.64
2027-08-05 09:00:00,-61.124,5.078,0.0224,949052.21
2027-08-05 10:00:00,-66.252,0.0,0.1871,949259.95
2027-08-05 11:00:00,-74.629,0.0,0.5207,949466.1
2027-08-05 12:00:00,-89.055,3.008,0.8178,948634.97
2027-08-05 13:00:00,-93.763,0.0,1.047,948362.41
2027-08-05 14:00:00,-102.048,0.0,1.351,949045.32
2027-08-05 15:00:00,-113.954,6.754,1.5977,948551.49
2027-08-05 16:00:00,-114.44,0.0,1.5477,948677.14
2027-08-05 17:00:00,-110.164,0.0,1.5609,948666.7
2027-08-05 18:00:00,-112.911,0.0,1.5705,948647.78
2027-08-05 19:00:00,-103.961,0.0,1.2747,948577.41
2027-08-05 20:00:00,-99.0,52.493,1.2553,948140.89
2027-08-05 21:00:00,-83.579,184.673,0.9025,948972.83
2027-08-05 22:00:00,-71.572,294.158,0.3884,948386.69
2027-08-05 23:00:00,-60.209,392.076,0.2447,948502.89
2027-08-06 00:00:00,-44.988,452.674,0.0,948646.63
2027-08-06 01:00:00,-42.345,505.527,0.0,948924.84
2027-08-06 02:00:00,-31.118,492.529,0.0,949743.07
2027-08-06 03:00:00,-23.717,468.898,0.0,950209.51
2027-08-06 04:00:00,-16.206,429.569,0.0,949341.88
2027-08-06 05:00:00,-24.964,339.975,0.0,949563.32
2027-08-06 06:00:00,-25.303,234.305,0.0,949651.88
2027-08-06 07:00:00,-31.364,114.719,0.0,950037.08
2027-08-06 08:00:00,-41.258,2.856,0.0,949942.24
2027-08-06 09:00:00,-50.773,1.499,0.0,949657.42
2027-08-06 10:00:00,-62.55,0.0,0.107,948902.0
2027-08-06 11:00:00,-72.01,4.091,0.3622,949113.59
2027-08-06 12:00:00,-79.207,3.303,0.591,949325.65
2027-08-06 13:00:00,-94.357,7.142,0.9073,948679.05
2027-08-06 14:00:00,-107.466,8.821,1.2858,947944.0
2027-08-06 15:00:00,-107.492,1.652,1.4134,947272.04
2027-08-06 16:00:00,-109.662,0.0,1.3192,946675.12
2027-08-06 17:00:00,-118.804,8.863,1.5391,947368.86
2027-08-06 18:00:00,-111.04,0.0,1.5305,948214.23
2027-08-06 19:00:00,-110.412,1.69,1.495,948127.97
2027-08-06 20:00:00,-109.333,0.0,1.5336,947591.14
2027-08-06 21:00:00,-97.868,97.962,1.2004,947916.65
2027-08-06 22:00:00,-85.57,225.158,0.9582,948174.25
2027-08-06 23:00:00,-70.07,329.5,0.5514,949033.53
2027-08-07 00:00:00,-57.567,416.597,0.134,949992.06
2027-08-07 01:00:00,-42.016,468.978,0.0,950032.06
2027-08-07 02:00:00,-32.688,500.67,0.0,950177.53
2027-08-07 03:00:00,-32.303,493.794,0.0,949481.18
2027-08-07 04:00:00,-27.972,460.612,0.0,949844.9
2027-08-07 05:00:00,-20.77,395.169,0.0,949339.3
2027-08-07 06:00:00,-25.774,313.577,0.0,949749.33
2027-08-07 07:00:00,-30.227,191.99,0.0,949344.1
2027-08-07 08:00:00,-35.584,59.099,0.0,948828.32
2027-08-07 09:00:00,-43.337,6.975,0.0,948505.27
2027-08-07 10:00:00,-58.346,2.246,0.0921,948032.91
2027-08-07 11:00:00,-71.204,0.0,0.5387,947955.19
2027-08-07 12:00:00,-75.469,0.0,0.5078,947703.48
2027-08-07 13:00:00,-88.049,0.0,0.8171,947281.85
2027-08-07 14:00:00,-94.766,9.69,0.9778,946883.06
2027-08-07 15:00:00,-104.307,0.259,1.3549,947738.58
2027-08-07 16:00:00,-112.993,0.0,1.6187,947862.22
2027-08-07 17:00:00,-107.364,1.639,1.7244,948487.89
2027-08-07 18:00:00,-114.371,6.031,1.7979,949004.8
2027-08-07 19:00:00,-114.657,0.782,1.6626,948873.93
2027-08-07 20:00:00,-108.108,0.0,1.7285,948935.93
2027-08-07 21:00:00,-100.31,11.166,1.3639,949308.0
2027-08-07 22:00:00,-91.653,138.077,1.1084,949722.28
2027-08-07 23:00:00,-70.081,267.613,0.7431,949935.51
2027-08-08 00:00:00,-68.769,360.21,0.6743,949430.56
2027-08-08 01:00:00,-55.972,429.464,0.3963,950034.68
2027-08-08 02:00:00,-45.122,488.801,0.0,950477.89
2027-08-08 03:00:00,-30.927,505.174,0.0,951032.4
2027-08-08 04:00:00,-23.215,487.239,0.0,950569.65
2027-08-08 05:00:00,-22.225,437.787,0.0,951585.31
2027-08-08 06:00:00,-19.755,362.372,0.0,951028.05
2027-08-08 07:00:00,-22.891,274.176,0.0,952069.21
2027-08-08 08:00:00,-30.915,153.669,0.0,952135.02
2027-08-08 09:00:00,-37.774,28.66,0.0,952023.08
2027-08-08 10:00:00,-49.003,1.224,0.0,951868.26
2027-08-08 11:00:00,-59.334,1.638,0.3974,951742.26
2027-08-08 12:00:00,-69.969,0.0,0.5686,951685.92
2027-08-08 13:00:00,-78.562,0.0,0.8545,951920.49
2027-08-08 14:00:00,-85.353,5.825,1.0738,951842.9
2027-08-08 15:00:00,-101.431,7.073,1.4393,952635.08
2027-08-08 16:00:00,-107.073,0.0,1.6942,952337.89
2027-08-08 17:00:00,-111.11,0.0,1.7297,951991.83
2027-08-08 18:00:00,-109.543,4.196,1.6145,952242.09
2027-08-08 19:00:00,-113.582,9.41,1.8493,952370.38
2027-08-08 20:00:00,-115.362,8.91,1.8915,952347.08
2027-08-08 21:00:00,-110.991,0.0,1.6781,951649.21
2027-08-08 22:00:00,-95.844,66.161,1.3533,951772.27
2027-08-08 23:00:00,-87.658,184.535,1.2299,951209.62
2027-08-09 00:00:00,-77.292,302.034,0.8992,951569.35
2027-08-09 01:00:00,-57.946,394.169,0.4914,951599.73
2027-08-09 02:00:00,-48.052,452.133,0.2006,951399.08
2027-08-09 03:00:00,-41.817,499.832,0.0,951504.65
2027-08-09 04:00:00,-33.787,508.644,0.0,951418.56
2027-08-09 05:00:00,-30.631,477.529,0.0,950937.35
2027-08-09 06:00:00,-23.372,419.568,0.0,951499.74
2027-08-09 07:00:00,-21.7,328.933,0.0,950942.86
2027-08-09 08:00:00,-23.514,234.445,0.0,951116.24
2027-08-09 09:00:00,-32.587,111.378,0.0,950751.36
2027-08-09 10:00:00,-46.706,0.0,0.0,950112.65
2027-08-09 11:00:00,-52.412,0.0,0.1019,949683.57
2027-08-09 12:00:00,-57.146,0.773,0.087,949800.8
2027-08-09 13:00:00,-73.106,0.0,0.6704,950152.76
2027-08-09 14:00:00,-80.035,0.013,0.8615,950077.72
2027-08-09 15:00:00,-90.84,0.0,1.2137,950455.89
2027-08-09 16:00:00,-99.15,6.747,1.3209,950194.63
2027-08-09 17:00:00,-106.649,0.08,1.4919,950827.72
2027-08-09 18:00:00,-111.026,0.0,1.8134,950610.59
2027-08-09 19:00:00,-119.672,0.0,1.8758,951396.02
2027-08-09 20:00:00,-110.035,5.146,1.6488,951358.63
2027-08-09 21:00:00,-116.715,2.79,1.9147,950735.55
2027-08-09 22:00:00,-104.68,1.053,1.5933,951051.44
2027-08-09 23:00:00,-94.852,107.425,1.3864,950882.37
2027-08-10 00:00:00,-84.064,228.841,0.9278,951028.05
2027-08-10 01:00:00,-71.758,332.451,0.5649,949853.35
2027-08-10 02:00:00,-53.97,415.756,0.0938,950007.19
2027-08-10 03:00:00,-41.499,473.57,0.0,950469.79
2027-08-10 04:00:00,-34.35,505.679,0.0,950586.15
2027-08-10 05:00:00,-27.251,505.963,0.0,950595.33
2027-08-10 06:00:00,-18.084,461.646,0.0,950424.66
2027-08-10 07:00:00,-22.205,402.879,0.0,950595.99
2027-08-10 08:00:00,-23.244,305.153,0.0,950331.73
2027-08-10 09:00:00,-29.126,193.388,0.0,951000.52
2027-08-10 10:00:00,-29.146,79.332,0.0,950474.21
2027-08-10 11:00:00,-48.347,8.263,0.0,950813.83
2027-08-10 12:00:00,-52.532,8.393,0.0125,950419.17
2027-08-10 13:00:00,-70.032,0.0,0.3051,950814.71
2027-08-10 14:00:00,-78.307,10.961,0.6703,950499.14
2027-08-10 15:00:00,-86.692,0.0,0.949,951329.67
2027-08-10 16:00:00,-95.712,0.0,1.2914,952388.01
2027-08-10 17:00:00,-104.658,0.0,1.4625,952427.43
2027-08-10 18:00:00,-110.131,1.631,1.5005,952340.17
2027-08-10 19:00:00,-116.062,0.0,1.6175,952529.02
2027-08-10 20:00:00,-110.925,2.041,1.6515,952344.4
2027-08-10 21:00:00,-116.263,0.0,1.9323,951593.47
2027-08-10 22:00:00,-106.248,8.988,1.5617,951667.05
2027-08-10 23:00:00,-99.048,21.631,1.4695,951891.77
2027-08-11 00:00:00,-92.662,157.157,1.1313,952656.23
2027-08-11 01:00:00,-78.707,258.128,0.9762,951918.68
2027-08-11 02:00:00,-64.629,371.487,0.5234,950821.29
2027-08-11 03:00:00,-46.712,431.747,0.0,950434.91
2027-08-11 04:00:00,-41.568,490.367,0.0,951171.35
2027-08-11 05:00:00,-21.049,503.142,0.0,950965.33
2027-08-11 06:00:00,-22.361,488.342,0.0,950847.14
2027-08-11 07:00:00,-20.541,440.6,0.0,950593.74
2027-08-11 08:00:00,-19.473,362.588,0.0,950223.17
2027-08-11 09:00:00,-30.959,261.125,0.0,950152.24
2027-08-11 10:00:00,-28.45,148.195,0.0,950184.19
2027-08-11 11:00:00,-44.845,24.248,0.0,950170.64
2027-08-11 12:00:00,-46.913,5.818,0.0,951127.64
2027-08-11 13:00:00,-61.015,1.477,0.0803,950823.67
2027-08-11 14:00:00,-71.884,5.833,0.5597,952089.56
2027-08-11 15:00:00,-74.496,0.0,0.4146,952749.61
2027-08-11 16:00:00,-90.228,0.0,0.9501,953205.36
2027-08-11 17:00:00,-103.783,3.555,1.3615,953112.64
2027-08-11 18:00:00,-103.866,1.716,1.541,952825.29
2027-08-11 19:00:00,-115.543,0.0,1.7544,951940.37
2027-08-11 20:00:00,-109.914,4.67,1.5309,952037.72
2027-08-11 21:00:00,-114.691,0.0,1.7398,951101.27
2027-08-11 22:00:00,-115.517,0.0,1.8837,950841.14
2027-08-11 23:00:00,-104.2,2.435,1.5629,950790.08
2027-08-12 00:00:00,-96.877,62.712,1.24,951844.51
2027-08-12 01:00:00,-93.372,184.805,1.0745,951378.46
2027-08-12 02:00:00,-73.728,297.283,0.6347,952061.54
2027-08-12 03:00:00,-59.194,388.001,0.3422,952538.5
2027-08-12 04:00:00,-47.317,459.264,0.0,953065.37
2027-08-12 05:00:00,-37.925,504.857,0.0,953937.75
2027-08-12 06:00:00,-27.605,506.453,0.0,954133.34
2027-08-12 07:00:00,-22.334,483.273,0.0,953352.64
2027-08-12 08:00:00,-21.752,423.41,0.0,952788.66
2027-08-12 09:00:00,-24.301,332.938,0.0,951575.3
2027-08-12 10:00:00,-27.514,221.217,0.0,951864.05
2027-08-12 11:00:00,-37.449,103.465,0.0,951639.11
2027-08-12 12:00:00,-47.666,0.0,0.1795,952014.7
2027-08-12 13:00:00,-56.823,0.0,0.1688,951676.11
2027-08-12 14:00:00,-63.333,4.905,0.2897,951870.84
2027-08-12 15:00:00,-76.376,4.853,0.5437,951402.46
2027-08-12 16:00:00,-85.522,11.059,0.9422,951477.76
2027-08-12 17:00:00,-90.892,0.0,1.1916,951071.93
2027-08-12 18:00:00,-103.556,7.987,1.3713,950907.13
2027-08-12 19:00:00,-109.478,7.956,1.5078,950408.99
2027-08-12 20:00:00,-115.162,0.0,1.6506,950822.81
2027-08-12 21:00:00,-112.243,2.368,1.5177,951176.94
2027-08-12 22:00:00,-110.123,6.204,1.54,950725.68
2027-08-12 23:00:00,-112.595,0.0,1.5007,950989.02
2027-08-13 00:00:00,-102.97,0.0,1.3728,950152.56
2027-08-13 01:00:00,-88.489,102.991,1.0587,949807.95
2027-08-13 02:00:00,-85.782,215.977,0.9814,949457.09
2027-08-13 03:00:00,-66.113,335.082,0.3869,949587.92
2027-08-13 04:00:00,-61.931,416.53,0.194,949457.08
2027-08-13 05:00:00,-44.523,472.934,0.0,949529.49
2027-08-13 06:00:00,-34.81,507.773,0.0,949816.57
2027-08-13 07:00:00,-33.047,493.107,0.0,950315.15
2027-08-13 08:00:00,-20.227,466.785,0.0,950771.65
2027-08-13 09:00:00,-21.686,397.677,0.0,950805.59
2027-08-13 10:00:00,-27.757,300.234,0.0,951008.78
2027-08-13 11:00:00,-29.573,189.367,0.0,950642.16
2027-08-13 12:00:00,-35.249,58.922,0.0,951772.04
2027-08-13 13:00:00,-52.047,3.752,0.0,951157.88
2027-08-13 14:00:00,-64.887,0.937,0.1726,951278.22
2027-08-13 15:00:00,-65.193,1.309,0.242,950924.41
2027-08-13 16:00:00,-78.315,2.509,0.6562,950993.69
2027-08-13 17:00:00,-82.413,0.0,0.6825,950094.95
2027-08-13 18:00:00,-96.393,0.0,1.2414,949562.98
2027-08-13 19:00:00,-102.163,4.787,1.3576,949248.9
2027-08-13 20:00:00,-108.934,3.444,1.6898,948937.94
2027-08-13 21:00:00,-116.999,0.0,1.9193,949655.13
2027-08-13 22:00:00,-112.62,2.046,1.708,950035.77
2027-08-13 23:00:00,-114.908,6.29,1.7966,950761.53
2027-08-14 00:00:00,-110.912,5.694,1.6304,950016.98
2027-08-14 01:00:00,-102.93,18.823,1.4591,949845.43
2027-08-14 02:00:00,-91.676,141.442,1.0443,949548.28
2027-08-14 03:00:00,-75.982,259.939,0.7006,949805.25
2027-08-14 04:00:00,-63.172,365.407,0.2366,949412.56
2027-08-14 05:00:00,-49.064,451.031,0.0,950030.49
2027-08-14 06:00:00,-44.066,488.187,0.0,949027.0
2027-08-14 07:00:00,-30.792,505.203,0.0,949309.89
2027-08-14 08:00:00,-24.78,488.641,0.0,949575.36
2027-08-14 09:00:00,-19.335,440.854,0.0,949787.1
2027-08-14 10:00:00,-19.072,366.6,0.0,949256.32
2027-08-14 11:00:00,-22.712,259.715,0.0,949643.7
2027-08-14 12:00:00,-31.953,153.802,0.0,949427.17
2027-08-14 13:00:00,-38.669,20.327,0.0,949938.36
2027-08-14 14:00:00,-48.63,12.396,0.0,949894.47
2027-08-14 15:00:00,-52.989,0.0,0.0,950249.45
2027-08-14 16:00:00,-66.765,7.949,0.3687,951279.01
2027-08-14 17:00:00,-78.308,6.957,0.6959,951041.76
2027-08-14 18:00:00,-93.243,0.0,0.8946,952171.63
2027-08-14 19:00:00,-100.317,0.0,1.1802,951755.65
2027-08-14 20:00:00,-104.868,0.0,1.351,952343.7
2027-08-14 21:00:00,-111.32,0.0,1.6108,951969.31
2027-08-14 22:00:00,-114.368,0.0,1.8565,952495.18
2027-08-14 23:00:00,-119.265,0.103,2.007,952551.39
2027-08-15 00:00:00,-113.966,0.0,1.7825,951490.12
2027-08-15 01:00:00,-106.629,11.468,1.6194,951910.03
2027-08-15 02:00:00,-93.642,64.305,1.3499,950970.45
2027-08-15 03:00:00,-91.109,190.963,0.9642,950619.39
2027-08-15 04:00:00,-75.16,300.238,0.5403,951532.8
2027-08-15 05:00:00,-64.265,395.191,0.2377,951200.83
2027-08-15 06:00:00,-45.814,462.298,0.0,951182.13
2027-08-15 07:00:00,-32.551,501.673,0.0,951972.01
2027-08-15 08:00:00,-26.958,506.823,0.0,950949.06
2027-08-15 09:00:00,-20.642,483.397,0.0,950824.01
2027-08-15 10:00:00,-23.69,422.027,0.0,951179.4
2027-08-15 11:00:00,-20.284,338.747,0.0,951330.92
2027-08-15 12:00:00,-27.801,227.856,0.0,951089.75
2027-08-15 13:00:00,-32.998,107.012,0.0,949810.0
2027-08-15 14:00:00,-40.978,0.0,0.0,950695.81
2027-08-15 15:00:00,-51.358,5.016,0.0,950463.39
2027-08-15 16:00:00,-58.351,1.613,0.1074,950054.68
2027-08-15 17:00:00,-72.167,0.0,0.415,950164.91
2027-08-15 18:00:00,-81.23,0.0,0.7882,950294.49
2027-08-15 19:00:00,-86.378,0.0,1.0951,950096.73
2027-08-15 20:00:00,-99.744,0.152,1.339,949579.62
2027-08-15 21:00:00,-110.367,0.0,1.4971,948226.68
2027-08-15 22:00:00,-113.414,0.0,1.683,948395.54
2027-08-15 23:00:00,-110.422,3.825,1.47,948438.42
2027-08-16 00:00:00,-109.317,4.14,1.5919,948926.26
2027-08-16 01:00:00,-109.285,8.919,1.538,949431.01
2027-08-16 02:00:00,-108.236,0.0,1.5591,949224.14
2027-08-16 03:00:00,-95.108,112.512,1.0796,948921.21
2027-08-16 04:00:00,-79.218,221.513,0.8105,949501.99
2027-08-16 05:00:00,-64.096,342.175,0.2254,948668.04
2027-08-16 06:00:00,-49.997,415.901,0.0,948994.33
2027-08-16 07:00:00,-47.879,476.099,0.0,949215.36
2027-08-16 08:00:00,-29.574,509.464,0.0,949738.04
2027-08-16 09:00:00,-21.014,498.689,0.0,949711.85
2027-08-16 10:00:00,-28.396,459.594,0.0,949009.83
2027-08-16 11:00:00,-20.41,392.626,0.0,949002.66
2027-08-16 12:00:00,-20.464,304.844,0.0,949144.36
2027-08-16 13:00:00,-32.429,183.219,0.0,948372.32
2027-08-16 14:00:00,-37.838,62.156,0.0,947968.84
2027-08-16 15:00:00,-43.142,0.0,0.0,947762.71
2027-08-16 16:00:00,-55.278,4.099,0.0884,947835.3
2027-08-16 17:00:00,-65.243,4.24,0.3945,947358.47
2027-08-16 18:00:00,-74.208,0.0,0.6193,947876.85
2027-08-16 19:00:00,-89.242,5.226,0.8123,948533.04
2027-08-16 20:00:00,-99.439,0.0,1.3062,948468.42
2027-08-16 21:00:00,-102.625,1.181,1.4248,948045.1
2027-08-16 22:00:00,-106.879,0.0,1.529,948384.48
2027-08-16 23:00:00,-112.072,1.856,1.5714,948451.27
2027-08-17 00:00:00,-110.014,12.757,1.7731,948412.39
2027-08-17 01:00:00,-111.865,0.636,1.7303,948273.41
2027-08-17 02:00:00,-102.839,0.0,1.3602,948776.07
2027-08-17 03:00:00,-100.768,23.281,1.5781,949079.4
2027-08-17 04:00:00,-88.526,144.704,1.2382,948298.89
2027-08-17 05:00:00,-74.891,277.096,0.9066,948345.49
2027-08-17 06:00:00,-65.21,371.805,0.5205,948497.21
2027-08-17 07:00:00,-53.716,441.488,0.2251,948078.52
2027-08-17 08:00:00,-42.884,489.304,0.0045,947749.83
2027-08-17 09:00:00,-32.911,510.195,0.0,948000.2
2027-08-17 10:00:00,-18.755,497.574,0.0,947778.67
2027-08-17 11:00:00,-15.948,438.122,0.0,948145.7
2027-08-17 12:00:00,-22.232,371.74,0.0,947652.97
2027-08-17 13:00:00,-26.921,264.358,0.0,947191.49
2027-08-17 14:00:00,-38.862,141.696,0.0,947054.06
2027-08-17 15:00:00,-44.828,16.078,0.0,947232.93
2027-08-17 16:00:00,-52.475,8.743,0.0968,947316.91
2027-08-17 17:00:00,-61.579,0.0,0.1657,947949.84
2027-08-17 18:00:00,-72.219,0.0,0.4977,948336.06
2027-08-17 19:00:00,-80.495,4.763,0.7995,948250.08
2027-08-17 20:00:00,-89.268,1.082,0.9208,947793.06
2027-08-17 21:00:00,-102.834,0.0,1.4013,949395.91
2027-08-17 22:00:00,-103.635,4.824,1.5245,950257.73
2027-08-17 23:00:00,-112.164,5.061,1.8467,950007.44
2027-08-18 00:00:00,-113.4,1.657,1.8434,950603.63
2027-08-18 01:00:00,-117.442,0.0,1.8965,950357.36
2027-08-18 02:00:00,-111.684,0.0,1.8893,950998.18
2027-08-18 03:00:00,-106.653,1.423,1.7104,950866.85
2027-08-18 04:00:00,-94.321,61.992,1.2167,950692.02
2027-08-18 05:00:00,-84.409,200.527,1.0913,951012.11
2027-08-18 06:00:00,-70.644,315.219,0.7911,950655.23
2027-08-18 07:00:00,-61.177,398.574,0.5236,951721.76
2027-08-18 08:00:00,-43.822,468.767,0.0,951632.25
2027-08-18 09:00:00,-40.665,510.0,0.0,951764.05
2027-08-18 10:00:00,-30.758,518.387,0.0,951729.87
2027-08-18 11:00:00,-23.197,488.09,0.0,951903.08
2027-08-18 12:00:00,-25.841,412.305,0.0,952523.45
2027-08-18 13:00:00,-26.01,332.892,0.0,952085.03
2027-08-18 14:00:00,-30.154,228.854,0.0,952517.25
2027-08-18 15:00:00,-33.7,101.132,0.0,953246.58
2027-08-18 16:00:00,-44.021,8.914,0.0,953597.73
2027-08-18 17:00:00,-49.592,8.147,0.0,954013.14
2027-08-18 18:00:00,-56.765,0.0,0.3872,953764.89
2027-08-18 19:00:00,-72.173,0.0,0.6144,954064.48
2027-08-18 20:00:00,-85.063,0.0,1.1713,953806.11
2027-08-18 21:00:00,-92.46,0.0,1.0819,953145.28
2027-08-18 22:00:00,-105.175,0.0,1.714,952857.73
2027-08-18 23:00:00,-109.695,4.771,1.8074,953203.52
2027-08-19 00:00:00,-106.522,0.0,1.7821,953133.52
2027-08-19 01:00:00,-116.151,0.0,2.0098,952519.48
2027-08-19 02:00:00,-113.78,0.0,1.9591,953092.33
2027-08-19 03:00:00,-111.627,0.0,2.0763,953450.85
2027-08-19 04:00:00,-106.649,0.0,1.8944,954356.75
2027-08-19 05:00:00,-92.955,113.198,1.4556,954964.38
2027-08-19 06:00:00,-85.761,228.982,1.2533,955191.14
2027-08-19 07:00:00,-69.477,335.323,0.9321,954756.69
2027-08-19 08:00:00,-59.914,421.695,0.6678,954601.0
2027-08-19 09:00:00,-39.357,478.207,0.0,953761.49
2027-08-19 10:00:00,-31.746,507.222,0.0,954103.62
2027-08-19 11:00:00,-29.768,500.288,0.0,954288.0
2027-08-19 12:00:00,-28.966,467.5,0.0,953224.14
2027-08-19 13:00:00,-21.108,389.918,0.0,953525.28
2027-08-19 14:00:00,-26.083,298.382,0.0,953971.07
2027-08-19 15:00:00,-24.682,183.357,0.0,953662.2
2027-08-19 16:00:00,-35.116,64.011,0.0,952715.38
2027-08-19 17:00:00,-46.414,0.0,0.0277,953351.9
2027-08-19 18:00:00,-59.243,5.253,0.3053,952538.6
2027-08-19 19:00:00,-68.064,0.0,0.5354,952261.45
2027-08-19 20:00:00,-76.612,0.0,0.9346,951973.72
2027-08-19 21:00:00,-87.059,0.0,1.1982,951245.9
2027-08-19 22:00:00,-99.853,0.0,1.5481,950548.87
2027-08-19 23:00:00,-110.509,0.0,1.7221,951514.05
2027-08-20 00:00:00,-106.198,8.665,1.6648,951213.72
2027-08-20 01:00:00,-116.106,0.0,1.992,951648.25
2027-08-20 02:00:00,-115.572,0.0,2.1149,951353.54
2027-08-20 03:00:00,-117.224,0.0,2.0972,950556.57
2027-08-20 04:00:00,-106.156,0.0,1.9625,950536.62
2027-08-20 05:00:00,-100.194,23.324,1.6496,950653.96
2027-08-20 06:00:00,-90.843,152.997,1.4111,950133.02
2027-08-20 07:00:00,-77.514,271.193,1.0854,950523.57
2027-08-20 08:00:00,-64.12,372.436,0.695,950514.41
2027-08-20 09:00:00,-52.677,441.557,0.2948,951256.8
2027-08-20 10:00:00,-40.001,493.865,0.0229,950297.78
2027-08-20 11:00:00,-31.503,514.611,0.0,950109.04
2027-08-20 12:00:00,-27.59,487.353,0.0,949184.7
2027-08-20 13:00:00,-26.808,442.499,0.0,949350.46
2027-08-20 14:00:00,-22.834,367.175,0.0,947905.63
2027-08-20 15:00:00,-23.748,259.612,0.0,947876.57
2027-08-20 16:00:00,-30.083,146.016,0.0,947545.36
2027-08-20 17:00:00,-36.979,8.157,0.0,947490.34
2027-08-20 18:00:00,-45.153,4.442,0.0,947647.83
2027-08-20 19:00:00,-57.279,1.829,0.5134,948464.54
2027-08-20 20:00:00,-69.44,0.278,0.7586,948730.66
2027-08-20 21:00:00,-79.392,5.624,1.1272,949360.38
2027-08-20 22:00:00,-92.585,0.0,1.2729,950109.48
2027-08-20 23:00:00,-97.894,0.0,1.4061,950026.0
2027-08-21 00:00:00,-103.508,6.863,1.5389,949638.22
2027-08-21 01:00:00,-109.505,9.204,1.8316,950672.63
2027-08-21 02:00:00,-113.555,0.0,1.8636,950971.84
2027-08-21 03:00:00,-115.902,0.0,1.8984,951355.85
2027-08-21 04:00:00,-114.067,5.225,2.0726,951350.08
2027-08-21 05:00:00,-108.234,0.0,1.8278,950807.28
2027-08-21 06:00:00,-100.114,74.5,1.627,950365.7
2027-08-21 07:00:00,-84.819,201.082,1.2233,951061.22
2027-08-21 08:00:00,-80.816,307.302,1.137,951356.06
2027-08-21 09:00:00,-61.112,405.13,0.4369,951194.0
2027-08-21 10:00:00,-47.047,469.908,0.0777,951340.3
2027-08-21 11:00:00,-29.73,500.421,0.0,951822.47
2027-08-21 12:00:00,-29.19,505.42,0.0,952284.54
2027-08-21 13:00:00,-23.895,478.014,0.0,952183.13
2027-08-21 14:00:00,-24.13,425.745,0.0,952080.57
2027-08-21 15:00:00,-18.066,338.537,0.0,951813.77
2027-08-21 16:00:00,-30.758,228.548,0.0,951146.76
2027-08-21 17:00:00,-29.594,103.539,0.0,950733.92
2027-08-21 18:00:00,-47.019,2.064,0.0,950442.26
2027-08-21 19:00:00,-50.546,1.388,0.0326,950088.31
2027-08-21 20:00:00,-63.108,2.038,0.3874,949338.44
2027-08-21 21:00:00,-75.276,2.377,0.6604,948719.32
2027-08-21 22:00:00,-81.1,0.0,1.0189,948566.33
2027-08-21 23:00:00,-90.153,0.0,1.359,948363.33
2027-08-22 00:00:00,-103.339,0.0,1.5272,948799.65
2027-08-22 01:00:00,-109.267,5.536,1.6647,949200.09
2027-08-22 02:00:00,-113.927,8.271,1.943,949685.39
2027-08-22 03:00:00,-113.736,0.0,2.0644,949654.72
2027-08-22 04:00:00,-116.371,7.824,1.8453,950172.76
2027-08-22 05:00:00,-117.501,0.434,1.8672,950101.08
2027-08-22 06:00:00,-109.745,5.064,1.5669,950142.96
2027-08-22 07:00:00,-93.832,117.909,1.3755,950338.1
2027-08-22 08:00:00,-83.342,244.947,0.9936,949982.39
2027-08-22 09:00:00,-67.505,345.824,0.7208,949779.11
2027-08-22 10:00:00,-56.136,422.735,0.4109,949883.12
2027-08-22 11:00:00,-45.286,486.074,0.1025,949642.19
2027-08-22 12:00:00,-35.493,514.814,0.0,949654.92
2027-08-22 13:00:00,-23.872,503.716,0.0,949799.06
2027-08-22 14:00:00,-21.45,468.046,0.0,949943.17
2027-08-22 15:00:00,-16.145,394.376,0.0,949585.14
2027-08-22 16:00:00,-22.374,296.178,0.0,949463.86
2027-08-22 17:00:00,-34.409,178.849,0.0,949696.3
2027-08-22 18:00:00,-40.399,55.53,0.0,949283.72
2027-08-22 19:00:00,-45.988,1.023,0.0,949193.28
2027-08-22 20:00:00,-55.118,0.0,0.0717,948798.09
2027-08-22 21:00:00,-68.181,0.0,0.3857,948701.64
2027-08-22 22:00:00,-79.657,0.0,0.7264,949257.62
2027-08-22 23:00:00,-89.208,0.0,1.1046,949126.33
2027-08-23 00:00:00,-97.426,5.987,1.2993,949455.53
2027-08-23 01:00:00,-104.893,0.0,1.6826,949164.22
2027-08-23 02:00:00,-113.406,3.516,1.6957,949799.66
2027-08-23 03:00:00,-112.517,14.244,1.8412,949947.27
2027-08-23 04:00:00,-113.147,7.268,1.7585,949868.74
2027-08-23 05:00:00,-112.986,0.668,1.927,950101.25
2027-08-23 06:00:00,-110.394,4.292,1.8321,950475.9
2027-08-23 07:00:00,-99.022,23.255,1.5894,951614.03
2027-08-23 08:00:00,-85.196,150.612,1.1058,951645.94
2027-08-23 09:00:00,-76.942,276.779,0.8427,951501.82
2027-08-23 10:00:00,-64.703,378.934,0.7685,950460.29
2027-08-23 11:00:00,-49.058,458.389,0.33,950773.71
2027-08-23 12:00:00,-43.17,496.811,0.1375,950781.27
2027-08-23 13:00:00,-34.682,515.1,0.0,950924.36
2027-08-23 14:00:00,-26.992,496.209,0.0,950986.87
2027-08-23 15:00:00,-21.258,444.044,0.0,949932.1
2027-08-23 16:00:00,-25.157,364.905,0.0,949976.99
2027-08-23 17:00:00,-25.712,257.964,0.0,950262.94
2027-08-23 18:00:00,-38.527,143.661,0.0,950191.32
2027-08-23 19:00:00,-39.64,14.063,0.0,950008.57
2027-08-23 20:00:00,-45.14,0.0,0.0,949853.39
2027-08-23 21:00:00,-61.862,3.329,0.1318,949571.44
2027-08-23 22:00:00,-68.121,5.139,0.578,950232.75
2027-08-23 23:00:00,-80.589,3.387,1.0024,950305.7
2027-08-24 00:00:00,-89.782,0.0,1.0953,950075.53
2027-08-24 01:00:00,-99.859,0.498,1.3368,950629.98
2027-08-24 02:00:00,-107.626,0.0,1.6991,950789.62
2027-08-24 03:00:00,-114.119,0.483,1.8059,950392.98
2027-08-24 04:00:00,-117.668,0.0,1.8719,949970.43
2027-08-24 05:00:00,-110.855,6.386,1.5969,950052.24
2027-08-24 06:00:00,-116.435,3.917,1.7744,950599.4
2027-08-24 07:00:00,-105.846,5.765,1.7433,950070.2
2027-08-24 08:00:00,-96.031,79.79,1.3181,950241.36
2027-08-24 09:00:00,-84.15,199.156,1.229,950118.45
2027-08-24 10:00:00,-68.984,311.426,0.841,949105.91
2027-08-24 11:00:00,-59.377,415.072,0.3738,949348.42
2027-08-24 12:00:00,-43.962,472.117,0.0,949908.66
2027-08-24 13:00:00,-29.728,502.217,0.0,950604.0
2027-08-24 14:00:00,-27.941,517.21,0.0,950564.97
2027-08-24 15:00:00,-28.535,483.003,0.0,950898.82
2027-08-24 16:00:00,-20.736,428.778,0.0,950196.99
2027-08-24 17:00:00,-22.856,334.219,0.0,949679.54
2027-08-24 18:00:00,-25.199,223.147,0.0,950002.82
2027-08-24 19:00:00,-39.575,106.692,0.0,948914.2
2027-08-24 20:00:00,-41.814,0.0,0.0,949189.8
2027-08-24 21:00:00,-52.955,0.0,0.0071,949052.92
2027-08-24 22:00:00,-59.503,0.0,0.3081,949193.68
2027-08-24 23:00:00,-74.126,0.0,0.7167,949206.66
2027-08-25 00:00:00,-80.173,4.366,0.8135,948646.33
2027-08-25 01:00:00,-97.135,0.0,1.2615,948436.76
2027-08-25 02:00:00,-101.259,4.527,1.4198,948284.1
2027-08-25 03:00:00,-110.71,1.945,1.6172,948288.17
2027-08-25 04:00:00,-113.905,3.036,1.8969,948022.31
2027-08-25 05:00:00,-106.316,0.0,1.7016,948497.15
2027-08-25 06:00:00,-116.283,0.0,1.9751,948094.26
2027-08-25 07:00:00,-111.319,0.449,1.7942,948081.18
2027-08-25 08:00:00,-107.818,4.596,1.9747,948695.87
2027-08-25 09:00:00,-93.85,118.271,1.5221,949398.92
2027-08-25 10:00:00,-80.356,237.64,0.9661,948846.43
2027-08-25 11:00:00,-68.261,342.224,0.7763,949129.38
2027-08-25 12:00:00,-48.255,433.835,0.1236,949412.0
2027-08-25 13:00:00,-37.833,486.7,0.0,949695.65
2027-08-25 14:00:00,-34.512,514.166,0.0,948873.35
2027-08-25 15:00:00,-22.298,505.164,0.0,949135.04
2027-08-25 16:00:00,-21.854,463.271,0.0,949384.9
2027-08-25 17:00:00,-22.759,396.033,0.0,949530.47
2027-08-25 18:00:00,-23.481,300.922,0.0,950068.58
2027-08-25 19:00:00,-30.948,192.297,0.0,949810.81
2027-08-25 20:00:00,-32.902,58.786,0.0,949538.01
2027-08-25 21:00:00,-47.404,7.968,0.0,948768.27
2027-08-25 22:00:00,-50.409,0.0,0.0,949229.27
2027-08-25 23:00:00,-63.554,0.0,0.3217,949588.41
2027-08-26 00:00:00,-76.32,0.0,0.6928,949270.52
2027-08-26 01:00:00,-86.197,4.29,0.9621,948819.29
2027-08-26 02:00:00,-88.788,3.506,0.9248,948522.31
2027-08-26 03:00:00,-102.101,6.057,1.5615,948714.49
2027-08-26 04:00:00,-109.701,0.0,1.5035,948559.98
2027-08-26 05:00:00,-109.205,6.265,1.6981,948771.16
2027-08-26 06:00:00,-111.147,1.677,1.7759,949519.49
2027-08-26 07:00:00,-114.005,0.0,1.7358,949716.11
2027-08-26 08:00:00,-106.586,3.618,1.6824,949362.21
2027-08-26 09:00:00,-104.841,33.819,1.4496,949272.43
2027-08-26 10:00:00,-87.728,163.653,1.094,950275.85
2027-08-26 11:00:00,-74.193,285.088,0.8488,950260.17
2027-08-26 12:00:00,-61.225,382.516,0.493,950876.9
2027-08-26 13:00:00,-53.808,448.722,0.3377,950746.52
2027-08-26 14:00:00,-41.271,501.65,0.0,950204.13
2027-08-26 15:00:00,-29.523,508.122,0.0,950159.79
2027-08-26 16:00:00,-19.923,499.967,0.0,949529.36
2027-08-26 17:00:00,-20.333,452.147,0.0,949635.65
2027-08-26 18:00:00,-22.789,358.633,0.0,950264.25
2027-08-26 19:00:00,-21.377,257.598,0.0,949333.84
2027-08-26 20:00:00,-30.511,135.796,0.0,949508.8
2027-08-26 21:00:00,-39.096,8.123,0.0,949099.11
2027-08-26 22:00:00,-45.542,2.062,0.0,949254.52
2027-08-26 23:00:00,-57.695,0.0,0.3,949039.09
2027-08-27 00:00:00,-70.382,3.263,0.6717,948870.16
2027-08-27 01:00:00,-79.023,5.327,0.837,949943.37
2027-08-27 02:00:00,-85.409,5.509,1.0259,949276.76
2027-08-27 03:00:00,-92.907,0.0,1.1524,950670.16
2027-08-27 04:00:00,-109.431,6.93,1.5958,951171.44
2027-08-27 05:00:00,-106.067,7.33,1.4343,950545.44
2027-08-27 06:00:00,-114.772,7.763,1.8427,950496.75
2027-08-27 07:00:00,-113.835,0.0,1.8827,950307.24
2027-08-27 08:00:00,-105.819,0.0,1.5829,950010.06
2027-08-27 09:00:00,-107.157,0.0,1.7331,950067.07
2027-08-27 10:00:00,-96.835,72.056,1.4742,950196.46
2027-08-27 11:00:00,-85.314,203.936,1.0222,951029.6
2027-08-27 12:00:00,-70.407,321.279,0.9073,951356.36
2027-08-27 13:00:00,-56.344,416.275,0.386,951471.32
2027-08-27 14:00:00,-47.189,473.569,0.1917,951306.92
2027-08-27 15:00:00,-30.274,511.329,0.0,952387.37
2027-08-27 16:00:00,-29.287,513.499,0.0,953018.11
2027-08-27 17:00:00,-19.776,480.149,0.0,953382.26
2027-08-27 18:00:00,-18.968,425.097,0.0,953338.5
2027-08-27 19:00:00,-17.314,334.105,0.0,954114.33
2027-08-27 20:00:00,-28.163,222.404,0.0,954256.16
2027-08-27 21:00:00,-31.776,98.563,0.0,954326.84
2027-08-27 22:00:00,-35.472,3.077,0.0,954029.2
2027-08-27 23:00:00,-56.185,3.027,0.0703,953247.54
2027-08-28 00:00:00,-64.606,0.0,0.2631,953599.97
2027-08-28 01:00:00,-66.465,4.482,0.2723,954137.19
2027-08-28 02:00:00,-83.913,1.277,0.81,953444.24
2027-08-28 03:00:00,-92.934,0.0,1.004,953275.63
2027-08-28 04:00:00,-102.923,1.171,1.4192,953267.69
2027-08-28 05:00:00,-103.658,1.722,1.4522,952941.04
2027-08-28 06:00:00,-117.357,5.409,1.8944,952106.85
2027-08-28 07:00:00,-110.926,0.0,1.6039,951541.14
2027-08-28 08:00:00,-118.089,6.625,1.8366,951760.24
2027-08-28 09:00:00,-115.272,0.116,1.6774,952319.51
2027-08-28 10:00:00,-108.026,0.0,1.5033,951634.04
2027-08-28 11:00:00,-94.017,119.018,1.1971,951889.58
2027-08-28 12:00:00,-82.943,239.589,0.9065,952388.85
2027-08-28 13:00:00,-70.361,343.005,0.5138,952214.84
2027-08-28 14:00:00,-57.546,439.512,0.1484,951564.77
2027-08-28 15:00:00,-45.739,502.292,0.0,951150.46
2027-08-28 16:00:00,-37.134,508.772,0.0,951654.74
2027-08-28 17:00:00,-26.444,503.209,0.0,952120.8
2027-08-28 18:00:00,-24.408,470.017,0.0,952052.75
2027-08-28 19:00:00,-30.531,394.216,0.0,951793.14
2027-08-28 20:00:00,-24.431,301.322,0.0,950552.59
2027-08-28 21:00:00,-28.172,180.148,0.0,950248.48
2027-08-28 22:00:00,-40.453,49.581,0.0,949776.26
2027-08-28 23:00:00,-52.092,0.0,0.0,949547.32
2027-08-29 00:00:00,-54.956,0.0,0.0857,949703.59
2027-08-29 01:00:00,-71.661,0.0,0.6754,950135.35
2027-08-29 02:00:00,-78.949,4.741,0.819,951106.48
2027-08-29 03:00:00,-87.676,5.959,0.9189,951740.91
2027-08-29 04:00:00,-93.739,7.031,1.1835,952132.26
2027-08-29 05:00:00,-102.231,2.204,1.5095,951819.21
2027-08-29 06:00:00,-108.723,0.0,1.6844,952616.96
2027-08-29 07:00:00,-110.055,0.0,1.681,953212.85
2027-08-29 08:00:00,-116.82,6.623,1.9426,953886.9
2027-08-29 09:00:00,-106.742,8.115,1.6743,953925.55
2027-08-29 10:00:00,-116.101,6.813,1.8592,954429.09
2027-08-29 11:00:00,-95.679,4.452,1.3845,953454.04
2027-08-29 12:00:00,-93.607,19.391,1.2718,954233.75
2027-08-29 13:00:00,-79.869,44.34,0.9208,953620.47
2027-08-29 14:00:00,-65.221,60.362,0.5207,953831.06
2027-08-29 15:00:00,-56.525,79.97,0.3524,953763.21
2027-08-29 16:00:00,-47.779,80.477,0.0642,953947.35
2027-08-29 17:00:00,-37.771,81.496,0.0,954258.78
2027-08-29 18:00:00,-37.992,78.598,0.0,954315.12
2027-08-29 19:00:00,-33.192,71.995,0.0,953963.63
2027-08-29 20:00:00,-27.34,60.372,0.0,953569.88
2027-08-29 21:00:00,-30.108,37.164,0.0,953198.73
2027-08-29 22:00:00,-34.738,16.41,0.0,952906.76
2027-08-29 23:00:00,-36.328,8.058,0.0,952932.11
2027-08-30 00:00:00,-45.287,0.0,0.0,952457.36
2027-08-30 01:00:00,-62.439,8.189,0.2203,951737.16
2027-08-30 02:00:00,-69.311,0.0,0.6738,951671.69
2027-08-30 03:00:00,-85.806,0.0,1.0944,950695.37
2027-08-30 04:00:00,-95.989,4.859,1.2909,950546.38
2027-08-30 05:00:00,-102.794,0.002,1.5322,949729.89
2027-08-30 06:00:00,-107.147,0.0,1.6112,950561.69
2027-08-30 07:00:00,-114.066,2.132,1.8775,950283.95
2027-08-30 08:00:00,-113.468,0.335,1.8762,950711.55
2027-08-30 09:00:00,-115.464,0.0,1.9852,949814.15
2027-08-30 10:00:00,-109.744,0.0,1.7498,949272.69
2027-08-30 11:00:00,-106.54,0.0,1.8788,948669.47
2027-08-30 12:00:00,-101.619,77.717,1.5238,948728.81
2027-08-30 13:00:00,-83.172,219.457,1.1604,948448.92
2027-08-30 14:00:00,-75.879,319.371,0.8375,948438.92
2027-08-30 15:00:00,-59.306,411.302,0.2589,948897.23
2027-08-30 16:00:00,-50.259,476.392,0.1925,949086.61
2027-08-30 17:00:00,-33.864,522.986,0.0,949343.76
2027-08-30 18:00:00,-28.101,507.712,0.0,949718.57
2027-08-30 19:00:00,-26.742,486.197,0.0,950250.18
2027-08-30 20:00:00,-24.863,420.413,0.0,950329.01
2027-08-30 21:00:00,-15.387,324.469,0.0,949915.74
2027-08-30 22:00:00,-33.846,216.045,0.0,949819.31
2027-08-30 23:00:00,-39.885,96.052,0.0,948746.4
2027-08-31 00:00:00,-48.51,0.0,0.006,948489.42
2027-08-31 01:00:00,-58.767,1.298,0.1892,948816.14
2027-08-31 02:00:00,-68.061,8.646,0.4236,949317.68
2027-08-31 03:00:00,-76.376,0.853,0.7571,948971.55
2027-08-31 04:00:00,-85.171,0.0,1.0895,949112.8
2027-08-31 05:00:00,-101.745,0.0,1.4483,948526.34
2027-08-31 06:00:00,-106.921,0.0,1.5694,948607.67
2027-08-31 07:00:00,-114.21,0.0,1.7497,949352.48
2027-08-31 08:00:00,-119.085,0.76,1.895,949744.37
2027-08-31 09:00:00,-114.431,1.562,1.7372,949403.15
2027-08-31 10:00:00,-118.586,8.653,2.0753,949599.63
2027-08-31 11:00:00,-117.065,0.0,1.9589,949715.1
2027-08-31 12:00:00,-104.227,0.0,1.4685,949671.91
2027-08-31 13:00:00,-92.007,130.682,1.2263,949942.55
2027-08-31 14:00:00,-83.055,254.398,1.0994,950183.55
2027-08-31 15:00:00,-73.888,356.41,0.8385,950371.13
2027-08-31 16:00:00,-59.173,438.253,0.3569,950249.86
2027-08-31 17:00:00,-48.668,498.465,0.0764,950289.39
2027-08-31 18:00:00,-37.149,518.185,0.0,949864.51
2027-08-31 19:00:00,-27.764,499.322,0.0,950122.28
2027-08-31 20:00:00,-25.834,469.871,0.0,949977.83
2027-08-31 21:00:00,-25.588,398.802,0.0,950603.56
2027-08-31 22:00:00,-29.538,303.362,0.0,950602.73
2027-08-31 23:00:00,-32.074,175.182,0.0,950495.18
2027-09-01 00:00:00,-41.513,51.085,0.0,951405.65
2027-09-01 01:00:00,-56.454,1.239,0.0337,949896.84
2027-09-01 02:00:00,-65.315,0.427,0.2824,950393.86
2027-09-01 03:00:00,-71.154,0.574,0.5119,950389.43
2027-09-01 04:00:00,-77.838,0.186,0.8615,950726.42
2027-09-01 05:00:00,-87.284,1.059,1.023,949884.31
2027-09-01 06:00:00,-98.07,3.703,1.1654,949828.18
2027-09-01 07:00:00,-108.889,6.101,1.6401,949817.85
2027-09-01 08:00:00,-110.029,0.0,1.5608,950231.52
2027-09-01 09:00:00,-120.307,0.0,1.9963,950637.89
2027-09-01 10:00:00,-119.814,0.0,1.9433,950273.88
2027-09-01 11:00:00,-120.95,0.0,2.0145,950510.52
2027-09-01 12:00:00,-113.102,0.0,1.7817,949825.98
2027-09-01 13:00:00,-106.883,38.906,1.5864,950587.76
2027-09-01 14:00:00,-87.053,170.787,1.005,950952.41
2027-09-01 15:00:00,-74.408,286.361,0.6772,950993.3
2027-09-01 16:00:00,-65.114,387.31,0.5097,951616.71
2027-09-01 17:00:00,-51.36,464.665,0.1083,951913.76
2027-09-01 18:00:00,-42.999,514.984,0.0,951731.33
2027-09-01 19:00:00,-40.464,518.392,0.0,951913.81
2027-09-01 20:00:00,-29.564,493.587,0.0,951964.57
2027-09-01 21:00:00,-21.952,445.692,0.0,951894.69
2027-09-01 22:00:00,-22.955,373.447,0.0,952206.66
2027-09-01 23:00:00,-29.423,252.592,0.0,950778.08
2027-09-02 00:00:00,-32.338,139.316,0.0,951228.81
2027-09-02 01:00:00,-45.605,10.724,0.0,951171.53
2027-09-02 02:00:00,-56.534,0.0,0.0,951888.07
2027-09-02 03:00:00,-60.659,2.051,0.236,951729.59
2027-09-02 04:00:00,-74.943,3.017,0.5392,952070.71
2027-09-02 05:00:00,-81.055,0.0,0.6504,950835.85
2027-09-02 06:00:00,-100.909,0.0,1.4589,951122.59
2027-09-02 07:00:00,-105.494,0.0,1.3063,951338.73
2027-09-02 08:00:00,-109.362,0.0,1.5891,950178.72
2027-09-02 09:00:00,-115.227,0.0,1.8755,950255.32
2027-09-02 10:00:00,-119.748,0.0,1.8711,950151.1
2027-09-02 11:00:00,-118.063,0.0,2.0212,950550.59
2027-09-02 12:00:00,-114.793,5.954,1.8287,950844.07
2027-09-02 13:00:00,-114.339,0.0,1.6113,950679.78
2027-09-02 14:00:00,-101.284,74.974,1.4369,951489.07
2027-09-02 15:00:00,-86.723,216.763,0.9653,950738.56
2027-09-02 16:00:00,-73.129,323.187,0.6404,950252.82
2027-09-02 17:00:00,-62.022,414.705,0.2686,950347.9
2027-09-02 18:00:00,-51.019,481.696,0.0,950537.83
2027-09-02 19:00:00,-42.763,517.771,0.0,950677.98
2027-09-02 20:00:00,-29.222,515.214,0.0,950610.86
2027-09-02 21:00:00,-24.877,488.034,0.0,951660.06
2027-09-02 22:00:00,-22.689,417.009,0.0,951721.67
2027-09-02 23:00:00,-30.016,329.381,0.0,951523.97
2027-09-03 00:00:00,-32.09,207.509,0.0,951697.62
2027-09-03 01:00:00,-41.583,98.007,0.0,952029.74
2027-09-03 02:00:00,-48.543,0.0,0.0,952740.27
2027-09-03 03:00:00,-48.524,3.351,0.0,952374.4
2027-09-03 04:00:00,-64.685,2.383,0.3678,952110.22
2027-09-03 05:00:00,-79.815,2.749,0.68,951715.9
2027-09-03 06:00:00,-88.853,0.0,1.0822,951398.11
2027-09-03 07:00:00,-99.409,1.941,1.4498,951300.44
2027-09-03 08:00:00,-106.805,0.0,1.5343,952233.27
2027-09-03 09:00:00,-118.776,0.0,1.7031,952810.24
2027-09-03 10:00:00,-116.912,0.0,1.8527,952419.69
2027-09-03 11:00:00,-125.231,0.0,2.0842,952540.94
2027-09-03 12:00:00,-122.129,7.127,2.0754,952506.03
2027-09-03 13:00:00,-107.448,1.876,1.6276,953000.41
2027-09-03 14:00:00,-108.853,0.0,1.8158,952515.7
2027-09-03 15:00:00,-94.608,41.102,1.4053,953120.38
2027-09-03 16:00:00,-90.899,84.027,1.0869,952830.54
2027-09-03 17:00:00,-83.393,118.545,0.8857,952535.3
2027-09-03 18:00:00,-68.322,148.094,0.448,952655.91
2027-09-03 19:00:00,-46.03,165.457,0.0,953052.21
2027-09-03 20:00:00,-49.516,165.879,0.0,953303.32
2027-09-03 21:00:00,-33.704,158.637,0.0,953028.38
2027-09-03 22:00:00,-33.54,153.144,0.0,952969.73
2027-09-03 23:00:00,-31.825,133.423,0.0,952652.46
2027-09-04 00:00:00,-35.523,95.98,0.0,952248.98
2027-09-04 01:00:00,-39.804,64.827,0.0,951939.32
2027-09-04 02:00:00,-42.198,15.471,0.0,951513.86
2027-09-04 03:00:00,-47.955,6.786,0.0,951744.74
2027-09-04 04:00:00,-60.958,5.76,0.0831,952337.43
2027-09-04 05:00:00,-68.848,5.256,0.3475,952380.53
2027-09-04 06:00:00,-82.505,0.0,0.6963,951688.98
2027-09-04 07:00:00,-85.334,0.086,0.9065,951729.07
2027-09-04 08:00:00,-100.965,6.114,1.2568,952484.6
2027-09-04 09:00:00,-103.419,1.362,1.4407,952977.13
2027-09-04 10:00:00,-118.126,2.772,1.8763,953346.69
2027-09-04 11:00:00,-118.458,0.0,1.919,952778.05
2027-09-04 12:00:00,-115.15,9.594,1.6424,952441.11
2027-09-04 13:00:00,-116.468,0.0,1.6726,952149.68
2027-09-04 14:00:00,-110.197,0.0,1.5303,951883.86
2027-09-04 15:00:00,-106.85,39.977,1.6139,951880.8
2027-09-04 16:00:00,-93.149,159.528,1.2181,951827.11
2027-09-04 17:00:00,-81.471,285.297,0.8749,952113.88
2027-09-04 18:00:00,-65.17,403.713,0.4249,951648.33
2027-09-04 19:00:00,-54.231,463.987,0.0423,952110.73
2027-09-04 20:00:00,-44.178,503.64,0.0,951966.24
2027-09-04 21:00:00,-32.073,522.819,0.0,951938.0
2027-09-04 22:00:00,-31.295,496.366,0.0,951380.48
2027-09-04 23:00:00,-31.088,450.995,0.0,951238.32
2027-09-05 00:00:00,-27.395,359.193,0.0,951787.47
2027-09-05 01:00:00,-23.248,258.47,0.0,950126.51
2027-09-05 02:00:00,-35.363,128.241,0.0,949024.06
2027-09-05 03:00:00,-48.596,15.165,0.0,948433.89
2027-09-05 04:00:00,-53.575,2.518,0.0,949308.4
2027-09-05 05:00:00,-64.957,0.0,0.1114,948173.89
2027-09-05 06:00:00,-73.787,0.0,0.3007,948447.22
2027-09-05 07:00:00,-82.752,0.0,0.6676,948775.97
2027-09-05 08:00:00,-95.175,0.0,1.1323,949493.6
2027-09-05 09:00:00,-104.608,0.0,1.42,948717.69
2027-09-05 10:00:00,-107.459,8.392,1.5327,948458.76
2027-09-05 11:00:00,-115.486,0.0,1.8262,948542.55
2027-09-05 12:00:00,-118.945,0.0,1.9106,948008.97
2027-09-05 13:00:00,-119.297,0.0,2.0098,947877.48
2027-09-05 14:00:00,-117.855,4.639,1.9932,949190.21
2027-09-05 15:00:00,-114.821,0.0,1.6781,949354.2
2027-09-05 16:00:00,-99.306,86.172,1.4142,949843.35
2027-09-05 17:00:00,-84.951,220.062,1.0414,950249.38
2027-09-05 18:00:00,-74.57,323.88,0.8038,950575.39
2027-09-05 19:00:00,-60.533,423.33,0.3733,950655.64
2027-09-05 20:00:00,-53.477,482.11,0.0526,949758.07
2027-09-05 21:00:00,-43.003,522.27,0.0,948926.57
2027-09-05 22:00:00,-37.516,517.841,0.0,949421.75
2027-09-05 23:00:00,-29.857,485.43,0.0,949422.32
2027-09-06 00:00:00,-25.37,426.151,0.0,949488.12
2027-09-06 01:00:00,-31.433,333.941,0.0,949485.6
2027-09-06 02:00:00,-34.356,216.191,0.0,949702.23
2027-09-06 03:00:00,-39.624,87.45,0.0,950357.49
2027-09-06 04:00:00,-47.079,7.996,0.0,950928.27
2027-09-06 05:00:00,-64.326,2.947,0.3862,950700.24
2027-09-06 06:00:00,-70.993,0.0,0.6262,950817.41
2027-09-06 07:00:00,-82.052,0.0,0.9615,950298.66
2027-09-06 08:00:00,-92.756,5.124,1.2258,950428.99
2027-09-06 09:00:00,-101.124,0.577,1.3455,950324.33
2027-09-06 10:00:00,-114.148,0.0,1.7978,950075.09
2027-09-06 11:00:00,-115.276,0.575,1.905,949329.51
2027-09-06 12:00:00,-118.035,1.689,1.9106,949900.26
2027-09-06 13:00:00,-123.11,0.0,2.1089,949734.62
2027-09-06 14:00:00,-119.879,6.018,2.022,949352.91
2027-09-06 15:00:00,-114.289,6.297,1.7004,949151.27
2027-09-06 16:00:00,-107.842,2.659,1.6188,948998.29
2027-09-06 17:00:00,-101.465,138.309,1.3966,948581.43
2027-09-06 18:00:00,-82.195,255.221,0.9208,948341.43
2027-09-06 19:00:00,-68.777,365.91,0.4768,948285.22
2027-09-06 20:00:00,-60.777,451.368,0.3778,948415.89
2027-09-06 21:00:00,-42.071,506.516,0.0738,947907.74
2027-09-06 22:00:00,-36.456,528.704,0.0,947599.44
2027-09-06 23:00:00,-29.665,516.14,0.0,947488.33
2027-09-07 00:00:00,-23.989,478.504,0.0,948227.55
2027-09-07 01:00:00,-29.31,391.481,0.0,947438.05
2027-09-07 02:00:00,-30.015,293.402,0.0,946611.44
2027-09-07 03:00:00,-33.163,174.095,0.0,946402.37
2027-09-07 04:00:00,-45.976,42.991,0.0,946301.89
2027-09-07 05:00:00,-53.264,0.0,0.0,946187.55
2027-09-07 06:00:00,-59.587,6.874,0.173,945662.21
2027-09-07 07:00:00,-70.857,0.0,0.6261,946252.24
2027-09-07 08:00:00,-82.408,0.849,0.7286,946230.95
2027-09-07 09:00:00,-92.063,0.0,1.2442,945577.09
2027-09-07 10:00:00,-102.314,3.104,1.5441,945841.54
2027-09-07 11:00:00,-106.963,0.0,1.4555,945777.73
2027-09-07 12:00:00,-108.728,0.0,1.6376,946763.62
2027-09-07 13:00:00,-117.14,0.972,1.8946,946396.42
2027-09-07 14:00:00,-114.834,0.0,1.9759,947256.73
2027-09-07 15:00:00,-117.338,0.0,1.9787,947300.74
2027-09-07 16:00:00,-114.052,0.859,1.8689,947140.72
2027-09-07 17:00:00,-106.555,48.707,1.745,947295.0
2027-09-07 18:00:00,-94.833,171.085,1.4253,947644.11
2027-09-07 19:00:00,-80.248,289.394,0.9876,949179.64
2027-09-07 20:00:00,-63.745,394.648,0.7116,949617.54
2027-09-07 21:00:00,-51.048,471.943,0.2069,949499.47
2027-09-07 22:00:00,-44.825,520.985,0.0537,948865.78
2027-09-07 23:00:00,-35.666,519.574,0.0,948087.86
2027-09-08 00:00:00,-28.386,500.705,0.0,948266.69
2027-09-08 01:00:00,-24.728,453.099,0.0,948371.35
2027-09-08 02:00:00,-23.811,373.126,0.0,947455.55
2027-09-08 03:00:00,-31.539,250.868,0.0,948443.15
2027-09-08 04:00:00,-37.835,128.178,0.0,949185.03
2027-09-08 05:00:00,-42.087,1.906,0.0,949616.94
2027-09-08 06:00:00,-54.908,0.0,0.0,949388.67
2027-09-08 07:00:00,-64.956,0.0,0.2357,949452.2
2027-09-08 08:00:00,-74.153,1.222,0.4462,949735.09
2027-09-08 09:00:00,-83.802,7.747,0.9897,950303.77
2027-09-08 10:00:00,-99.083,0.0,1.3108,949502.46
2027-09-08 11:00:00,-104.275,7.492,1.5429,949274.99
2027-09-08 12:00:00,-108.521,0.0,1.6498,949605.72
2027-09-08 13:00:00,-108.884,1.729,1.5687,949794.34
2027-09-08 14:00:00,-119.306,7.954,2.0375,949688.24
2027-09-08 15:00:00,-114.555,1.627,1.873,948904.67
2027-09-08 16:00:00,-113.133,0.0,1.8613,949270.33
2027-09-08 17:00:00,-104.613,3.591,1.3771,948417.95
2027-09-08 18:00:00,-100.217,89.13,1.3579,949476.27
2027-09-08 19:00:00,-83.224,220.341,0.9396,949608.61
2027-09-08 20:00:00,-69.179,330.406,0.6376,948710.04
2027-09-08 21:00:00,-56.109,428.041,0.1383,948923.48
2027-09-08 22:00:00,-44.434,481.72,0.0859,948941.31
2027-09-08 23:00:00,-37.875,517.03,0.0,948941.46
2027-09-09 00:00:00,-30.154,514.749,0.0,948294.89
2027-09-09 01:00:00,-27.978,487.514,0.0,947657.65
2027-09-09 02:00:00,-31.911,414.647,0.0,947294.42
2027-09-09 03:00:00,-26.014,326.057,0.0,947106.11
2027-09-09 04:00:00,-32.376,209.91,0.0,947250.24
2027-09-09 05:00:00,-36.571,94.851,0.0,948196.68
2027-09-09 06:00:00,-46.15,0.0,0.0,947707.16
2027-09-09 07:00:00,-60.6,0.0,0.2702,948119.62
2027-09-09 08:00:00,-60.212,1.242,0.1652,948621.98
2027-09-09 09:00:00,-76.393,8.434,0.5825,948437.97
2027-09-09 10:00:00,-91.485,0.0,1.1429,948700.66
2027-09-09 11:00:00,-101.065,0.0,1.3001,949074.57
2027-09-09 12:00:00,-112.473,6.454,1.6611,948999.69
2027-09-09 13:00:00,-109.497,4.391,1.6422,949276.17
2027-09-09 14:00:00,-117.519,2.127,1.8845,949175.99
2027-09-09 15:00:00,-119.606,0.0,1.9609,948760.95
2027-09-09 16:00:00,-117.625,2.28,1.7506,948292.67
2027-09-09 17:00:00,-112.816,0.0,1.5756,948924.33
2027-09-09 18:00:00,-103.55,0.0,1.6312,949199.52
2027-09-09 19:00:00,-98.224,141.905,1.1867,949471.83
2027-09-09 20:00:00,-84.261,265.296,1.0326,949785.71
2027-09-09 21:00:00,-66.512,368.317,0.5328,950061.82
2027-09-09 22:00:00,-57.6,440.197,0.2713,949387.47
2027-09-09 23:00:00,-42.08,498.479,0.0,949042.24
2027-09-10 00:00:00,-35.21,523.227,0.0,948798.59
2027-09-10 01:00:00,-21.484,513.866,0.0,949185.64
2027-09-10 02:00:00,-21.88,463.333,0.0,949892.67
2027-09-10 03:00:00,-18.464,392.885,0.0,950334.29
2027-09-10 04:00:00,-23.16,302.026,0.0,950324.45
2027-09-10 05:00:00,-29.563,175.321,0.0,950295.25
2027-09-10 06:00:00,-41.595,43.332,0.0,949394.32
2027-09-10 07:00:00,-44.193,0.0,0.0,949735.79
2027-09-10 08:00:00,-56.264,0.0,0.0631,949515.05
2027-09-10 09:00:00,-69.772,0.0,0.4471,949672.15
2027-09-10 10:00:00,-84.124,0.0,0.7588,949927.48
2027-09-10 11:00:00,-88.131,0.375,0.8961,949568.26
2027-09-10 12:00:00,-94.137,1.919,0.973,949097.47
2027-09-10 13:00:00,-109.161,0.0,1.4915,949175.6
2027-09-10 14:00:00,-114.975,0.74,1.7162,949091.0
2027-09-10 15:00:00,-115.946,7.345,1.7269,949514.01
2027-09-10 16:00:00,-112.151,9.788,1.6333,949599.08
2027-09-10 17:00:00,-118.768,3.852,1.9057,950044.9
2027-09-10 18:00:00,-110.281,0.0,1.7317,949579.87
2027-09-10 19:00:00,-103.585,51.401,1.5267,949518.3
2027-09-10 20:00:00,-86.43,185.383,0.8688,950448.46
2027-09-10 21:00:00,-76.097,287.984,0.7508,950175.24
2027-09-10 22:00:00,-62.976,405.596,0.2471,950161.1
2027-09-10 23:00:00,-50.006,469.928,0.0,950086.87
2027-09-11 00:00:00,-35.934,513.93,0.0,950502.62
2027-09-11 01:00:00,-26.291,525.43,0.0,950998.35
2027-09-11 02:00:00,-20.673,505.362,0.0,951139.54
2027-09-11 03:00:00,-19.3,442.23,0.0,951605.66
2027-09-11 04:00:00,-18.059,361.464,0.0,951774.29
2027-09-11 05:00:00,-29.289,257.172,0.0,951432.89
2027-09-11 06:00:00,-32.552,130.846,0.0,951823.47
2027-09-11 07:00:00,-36.695,1.904,0.0,951530.92
2027-09-11 08:00:00,-57.687,0.0,0.0204,952276.04
2027-09-11 09:00:00,-63.529,3.469,0.1577,952266.96
2027-09-11 10:00:00,-75.481,5.282,0.6324,952143.49
2027-09-11 11:00:00,-82.183,4.982,0.6418,952149.14
2027-09-11 12:00:00,-88.518,2.138,0.93,951625.5
2027-09-11 13:00:00,-99.832,4.694,1.1923,951314.42
2027-09-11 14:00:00,-109.226,4.355,1.5022,950899.58
2027-09-11 15:00:00,-111.681,13.383,1.5122,950860.04
2027-09-11 16:00:00,-116.683,6.09,1.7056,951832.87
2027-09-11 17:00:00,-114.988,0.0,1.7931,952037.46
2027-09-11 18:00:00,-109.754,0.0,1.4446,951570.08
2027-09-11 19:00:00,-101.321,0.0,1.5027,951466.05
2027-09-11 20:00:00,-95.603,91.522,1.4655,951376.71
2027-09-11 21:00:00,-84.078,223.852,0.8725,951507.93
2027-09-11 22:00:00,-65.525,331.633,0.5646,951351.46
2027-09-11 23:00:00,-64.215,433.308,0.4572,951111.23
2027-09-12 00:00:00,-47.208,485.028,0.0,951299.95
2027-09-12 01:00:00,-38.73,516.68,0.0,951033.77
2027-09-12 02:00:00,-29.222,523.148,0.0,951117.94
2027-09-12 03:00:00,-21.725,484.765,0.0,951750.09
2027-09-12 04:00:00,-18.758,416.262,0.0,951038.71
2027-09-12 05:00:00,-25.823,325.648,0.0,950912.55
2027-09-12 06:00:00,-27.146,210.06,0.0,950538.12
2027-09-12 07:00:00,-40.225,85.128,0.0,949862.46
2027-09-12 08:00:00,-50.461,0.0,0.0225,951559.1
2027-09-12 09:00:00,-55.276,0.0,0.0,951123.24
2027-09-12 10:00:00,-66.223,0.0,0.5356,951235.68
2027-09-12 11:00:00,-72.034,5.071,0.4233,951058.23
2027-09-12 12:00:00,-80.23,7.354,0.6838,950413.86
2027-09-12 13:00:00,-98.8,0.739,1.1419,949970.11
2027-09-12 14:00:00,-110.454,1.128,1.4135,949576.39
2027-09-12 15:00:00,-116.016,0.0,1.8287,950134.13
2027-09-12 16:00:00,-118.36,2.406,1.7722,950498.86
2027-09-12 17:00:00,-115.98,1.951,1.7393,949457.0
2027-09-12 18:00:00,-115.108,6.629,1.7188,949437.63
2027-09-12 19:00:00,-114.886,0.0,1.6764,949258.86
2027-09-12 20:00:00,-99.582,3.679,1.2526,950248.1
2027-09-12 21:00:00,-91.444,139.789,1.0164,949549.55
2027-09-12 22:00:00,-74.589,262.303,0.7138,949962.73
2027-09-12 23:00:00,-72.223,365.149,0.7314,949618.23
2027-09-13 00:00:00,-49.964,446.889,0.0,950398.11
2027-09-13 01:00:00,-42.462,511.692,0.0,950486.84
2027-09-13 02:00:00,-34.446,525.376,0.0,950810.46
2027-09-13 03:00:00,-27.252,507.718,0.0,950995.51
2027-09-13 04:00:00,-25.66,474.754,0.0,950913.19
2027-09-13 05:00:00,-22.891,396.358,0.0,951192.14
2027-09-13 06:00:00,-22.617,291.62,0.0,951361.16
2027-09-13 07:00:00,-37.235,166.881,0.0,950294.23
2027-09-13 08:00:00,-36.163,39.055,0.0,951039.45
2027-09-13 09:00:00,-48.135,6.078,0.0,950820.47
2027-09-13 10:00:00,-58.852,0.0,0.0463,949882.66
2027-09-13 11:00:00,-66.442,0.0,0.3052,949658.45
2027-09-13 12:00:00,-78.864,0.0,0.5612,949254.58
2027-09-13 13:00:00,-92.041,0.0,1.1445,948775.09
2027-09-13 14:00:00,-101.953,0.0,1.3361,949183.08
2027-09-13 15:00:00,-102.629,3.214,1.4888,949212.85
2027-09-13 16:00:00,-116.874,5.444,1.7855,949455.97
2027-09-13 17:00:00,-115.961,1.394,1.7685,949933.55
2027-09-13 18:00:00,-120.113,2.802,1.9115,949480.17
2027-09-13 19:00:00,-111.868,1.36,1.6765,949870.11
2027-09-13 20:00:00,-109.074,0.048,1.6518,949371.76
2027-09-13 21:00:00,-104.17,44.275,1.4852,949845.12
2027-09-13 22:00:00,-91.577,176.968,1.1058,949740.47
2027-09-13 23:00:00,-76.095,294.975,0.8274,949565.71
2027-09-14 00:00:00,-61.282,401.141,0.3526,950344.18
2027-09-14 01:00:00,-55.336,477.259,0.0725,950012.53
2027-09-14 02:00:00,-40.853,512.332,0.0,949199.69
2027-09-14 03:00:00,-29.836,529.875,0.0,949304.51
2027-09-14 04:00:00,-21.482,500.878,0.0,949932.36
2027-09-14 05:00:00,-20.183,443.021,0.0,950293.72
2027-09-14 06:00:00,-24.853,359.393,0.0,950523.28
2027-09-14 07:00:00,-23.999,247.65,0.0,951085.24
2027-09-14 08:00:00,-34.528,130.65,0.0,951171.32
2027-09-14 09:00:00,-52.567,0.0,0.0,950474.89
2027-09-14 10:00:00,-47.096,4.076,0.0,950539.16
2027-09-14 11:00:00,-59.644,0.0,0.1376,949510.81
2027-09-14 12:00:00,-71.469,0.0,0.4898,949784.82
2027-09-14 13:00:00,-83.104,9.367,0.8714,949359.77
2027-09-14 14:00:00,-92.265,0.0,1.0501,949395.74
2027-09-14 15:00:00,-101.814,6.422,1.429,949597.95
2027-09-14 16:00:00,-110.169,8.273,1.5864,950545.94
2027-09-14 17:00:00,-116.901,3.829,1.7297,950993.36
2027-09-14 18:00:00,-116.719,0.0,1.9394,951071.7
2027-09-14 19:00:00,-119.125,7.135,1.836,951413.46
2027-09-14 20:00:00,-116.8,0.0,1.7129,951256.19
2027-09-14 21:00:00,-107.042,0.0,1.6013,951157.18
2027-09-14 22:00:00,-94.841,94.456,1.273,950497.74
2027-09-14 23:00:00,-87.859,222.041,0.823,951021.78
2027-09-15 00:00:00,-74.226,334.148,0.4811,950097.78
2027-09-15 01:00:00,-64.012,436.551,0.4332,949992.19
2027-09-15 02:00:00,-51.279,491.434,0.04,949655.19
2027-09-15 03:00:00,-41.08,527.477,0.0,949656.01
2027-09-15 04:00:00,-26.646,518.664,0.0,950131.66
2027-09-15 05:00:00,-29.685,490.336,0.0,950512.45
2027-09-15 06:00:00,-22.241,417.043,0.0,951046.27
2027-09-15 07:00:00,-26.376,322.249,0.0,950507.06
2027-09-15 08:00:00,-28.993,211.731,0.0,950013.53
2027-09-15 09:00:00,-35.233,87.967,0.0,950162.9
2027-09-15 10:00:00,-47.54,2.202,0.0,949399.56
2027-09-15 11:00:00,-52.783,2.546,0.0249,949326.82
2027-09-15 12:00:00,-60.923,0.0,0.3865,949420.67
2027-09-15 13:00:00,-72.112,0.0,0.6105,949622.86
2027-09-15 14:00:00,-88.658,3.956,0.9628,949703.92
2027-09-15 15:00:00,-102.382,0.0,1.2301,949943.12
2027-09-15 16:00:00,-104.99,4.172,1.5498,949232.28
2027-09-15 17:00:00,-110.248,6.18,1.7359,949313.83
2027-09-15 18:00:00,-121.104,0.0,1.9283,949590.35
2027-09-15 19:00:00,-116.47,0.0,1.9708,950000.19
2027-09-15 20:00:00,-123.238,0.0,2.0056,949846.16
2027-09-15 21:00:00,-106.51,0.0,1.6394,949600.29
2027-09-15 22:00:00,-103.887,5.358,1.6336,949072.77
2027-09-15 23:00:00,-95.824,147.98,1.3658,949173.27
2027-09-16 00:00:00,-80.959,260.893,1.0025,949627.8
2027-09-16 01:00:00,-66.924,380.227,0.3708,949777.8
2027-09-16 02:00:00,-53.87,454.803,0.1887,949727.56
2027-09-16 03:00:00,-44.032,521.411,0.0,950387.04
2027-09-16 04:00:00,-32.076,528.322,0.0,951097.26
2027-09-16 05:00:00,-32.845,517.568,0.0,950922.72
2027-09-16 06:00:00,-25.929,466.823,0.0,951058.74
2027-09-16 07:00:00,-19.629,390.578,0.0,949365.6
2027-09-16 08:00:00,-28.369,297.896,0.0,950281.56
2027-09-16 09:00:00,-33.47,171.949,0.0,949399.8
2027-09-16 10:00:00,-46.232,42.126,0.0,949656.83
2027-09-16 11:00:00,-45.174,0.0,0.0,949834.7
2027-09-16 12:00:00,-59.635,3.274,0.0019,949333.72
2027-09-16 13:00:00,-74.236,0.0,0.4474,949527.78
2027-09-16 14:00:00,-76.965,0.0,0.5688,949444.89
2027-09-16 15:00:00,-93.93,1.194,1.2137,949960.26
2027-09-16 16:00:00,-97.829,1.143,1.2413,949001.9
2027-09-16 17:00:00,-104.609,0.267,1.3043,949943.99
2027-09-16 18:00:00,-107.782,3.588,1.4657,949567.61
2027-09-16 19:00:00,-116.268,4.368,1.6768,948600.71
2027-09-16 20:00:00,-117.807,7.349,1.968,948881.92
2027-09-16 21:00:00,-122.079,0.0,1.7996,949801.91
2027-09-16 22:00:00,-112.819,7.51,1.6317,950011.56
2027-09-16 23:00:00,-104.926,63.216,1.6139,950184.6
2027-09-17 00:00:00,-91.686,183.796,1.3223,949204.77
2027-09-17 01:00:00,-80.389,297.138,0.8725,948387.15
2027-09-17 02:00:00,-62.957,398.705,0.4022,948333.05
2027-09-17 03:00:00,-54.709,477.276,0.114,949387.18
2027-09-17 04:00:00,-40.645,532.659,0.0,949906.02
2027-09-17 05:00:00,-34.488,531.936,0.0,949858.4
2027-09-17 06:00:00,-29.989,503.684,0.0,949722.9
2027-09-17 07:00:00,-27.679,445.535,0.0,947926.86
2027-09-17 08:00:00,-25.993,355.541,0.0,948271.6
2027-09-17 09:00:00,-27.128,256.324,0.0,947674.4
2027-09-17 10:00:00,-39.845,125.003,0.0,948193.69
2027-09-17 11:00:00,-46.06,10.499,0.0,947858.29
2027-09-17 12:00:00,-52.766,3.141,0.0,947903.04
2027-09-17 13:00:00,-64.248,4.15,0.1051,948287.95
2027-09-17 14:00:00,-80.27,0.0,0.5924,948402.74
2027-09-17 15:00:00,-84.027,0.0,0.677,948952.18
2027-09-17 16:00:00,-100.322,0.0,1.1131,948229.86
2027-09-17 17:00:00,-109.411,0.0,1.5981,948444.68
2027-09-17 18:00:00,-115.195,4.552,1.6573,948336.73
2027-09-17 19:00:00,-116.621,0.0,1.7535,949253.43
2027-09-17 20:00:00,-121.457,4.763,1.9101,948037.05
2027-09-17 21:00:00,-122.089,0.68,1.8873,948404.09
2027-09-17 22:00:00,-113.645,0.0,1.6675,948762.09
2027-09-17 23:00:00,-109.878,0.0,1.6895,947672.97
2027-09-18 00:00:00,-97.605,101.154,1.38,947848.1
2027-09-18 01:00:00,-89.701,227.434,1.136,948334.49
2027-09-18 02:00:00,-74.251,347.18,0.6407,948250.26
2027-09-18 03:00:00,-58.798,431.12,0.2596,948578.88
2027-09-18 04:00:00,-52.608,501.747,0.0,949034.67
2027-09-18 05:00:00,-40.516,538.647,0.0,948828.99
2027-09-18 06:00:00,-28.282,529.333,0.0,949421.84
2027-09-18 07:00:00,-26.071,495.331,0.0,948729.53
2027-09-18 08:00:00,-24.916,425.961,0.0,948926.86
2027-09-18 09:00:00,-26.505,336.958,0.0,948523.29
2027-09-18 10:00:00,-28.052,212.534,0.0,948751.41
2027-09-18 11:00:00,-40.054,83.765,0.0,948723.68
2027-09-18 12:00:00,-49.453,0.0,0.0,948050.43
2027-09-18 13:00:00,-57.745,0.0,0.1389,948153.02
2027-09-18 14:00:00,-72.818,0.0,0.6695,947647.0
2027-09-18 15:00:00,-76.831,6.335,0.7723,946750.55
2027-09-18 16:00:00,-91.984,0.0,1.1918,946959.62
2027-09-18 17:00:00,-102.624,3.729,1.3521,947817.2
2027-09-18 18:00:00,-112.769,2.08,1.6395,947998.22
2027-09-18 19:00:00,-117.744,4.589,1.8473,948019.05
2027-09-18 20:00:00,-123.298,0.0,2.0727,947552.31
2027-09-18 21:00:00,-120.624,0.0,1.9987,947688.44
2027-09-18 22:00:00,-117.312,1.892,1.8903,948007.08
2027-09-18 23:00:00,-108.868,0.0,1.626,947451.77
2027-09-19 00:00:00,-105.349,4.431,1.6546,946845.25
2027-09-19 01:00:00,-92.508,154.579,1.1981,946860.25
2027-09-19 02:00:00,-76.853,265.89,0.9063,947008.47
2027-09-19 03:00:00,-75.707,372.431,0.7714,948286.96
2027-09-19 04:00:00,-53.511,459.384,0.1914,947361.52
2027-09-19 05:00:00,-41.661,520.322,0.0,947675.21
2027-09-19 06:00:00,-31.434,523.5,0.0,948640.13
2027-09-19 07:00:00,-32.535,525.956,0.0,948999.05
2027-09-19 08:00:00,-25.495,467.736,0.0,948698.54
2027-09-19 09:00:00,-26.095,395.297,0.0,949093.07
2027-09-19 10:00:00,-31.059,286.826,0.0,949683.03
2027-09-19 11:00:00,-26.388,177.643,0.0,949301.53
2027-09-19 12:00:00,-45.041,34.94,0.0,950492.75
2027-09-19 13:00:00,-49.441,0.0,0.0,950413.73
2027-09-19 14:00:00,-59.683,0.0,0.3138,949771.36
2027-09-19 15:00:00,-76.343,0.448,0.9325,950036.6
2027-09-19 16:00:00,-84.517,0.888,0.94,949648.47
2027-09-19 17:00:00,-93.199,2.194,1.3144,949696.44
2027-09-19 18:00:00,-101.029,0.0,1.4576,949742.46
2027-09-19 19:00:00,-108.108,0.0,1.6637,949871.03
2027-09-19 20:00:00,-109.653,0.0,1.5844,949285.3
2027-09-19 21:00:00,-114.751,3.033,1.9056,948666.31
2027-09-19 22:00:00,-115.781,0.0,1.9426,947974.63
2027-09-19 23:00:00,-113.004,3.364,2.0811,948070.66
2027-09-20 00:00:00,-107.284,0.159,1.5926,948555.92
2027-09-20 01:00:00,-105.723,55.807,1.6705,949020.38
2027-09-20 02:00:00,-96.055,195.153,1.4396,948914.75
2027-09-20 03:00:00,-80.746,300.58,1.0932,949705.7
2027-09-20 04:00:00,-69.687,406.027,0.669,950443.5
2027-09-20 05:00:00,-55.004,489.274,0.3583,949977.7
2027-09-20 06:00:00,-40.369,534.783,0.0,949170.6
2027-09-20 07:00:00,-34.093,545.648,0.0,948626.64
2027-09-20 08:00:00,-25.511,508.558,0.0,948839.91
2027-09-20 09:00:00,-23.631,451.857,0.0,949085.12
2027-09-20 10:00:00,-24.709,365.878,0.0,949407.86
2027-09-20 11:00:00,-33.44,257.016,0.0,949649.57
2027-09-20 12:00:00,-38.713,124.856,0.0,949998.83
2027-09-20 13:00:00,-51.034,4.631,0.0,949610.34
2027-09-20 14:00:00,-51.637,2.299,0.0,949018.1
2027-09-20 15:00:00,-56.985,2.611,0.0058,948564.98
2027-09-20 16:00:00,-73.034,0.0,0.5387,948059.88
2027-09-20 17:00:00,-83.304,0.0,0.7683,948162.94
2027-09-20 18:00:00,-96.07,0.0,1.1066,949039.36
2027-09-20 19:00:00,-103.451,0.0,1.2551,949353.48
2027-09-20 20:00:00,-106.324,0.0,1.3479,949534.6
2027-09-20 21:00:00,-114.325,0.0,1.5453,949408.33
2027-09-20 22:00:00,-114.413,0.0,1.6008,950118.79
2027-09-20 23:00:00,-112.018,0.525,1.6619,950127.89
2027-09-21 00:00:00,-109.576,2.779,1.5402,950138.88
2027-09-21 01:00:00,-107.186,0.941,1.512,949395.89
2027-09-21 02:00:00,-96.972,101.642,0.9749,950346.46
2027-09-21 03:00:00,-85.868,227.625,0.7172,950747.32
2027-09-21 04:00:00,-70.098,350.882,0.3974,950338.77
2027-09-21 05:00:00,-60.288,437.923,0.0,950570.38
2027-09-21 06:00:00,-45.966,499.9,0.0,951597.82
2027-09-21 07:00:00,-33.631,532.36,0.0,952049.05
2027-09-21 08:00:00,-34.458,526.42,0.0,951950.49
2027-09-21 09:00:00,-30.993,489.99,0.0,951245.05
2027-09-21 10:00:00,-23.892,420.575,0.0,951870.48
2027-09-21 11:00:00,-23.986,325.345,0.0,952828.09
2027-09-21 12:00:00,-29.629,212.34,0.0,953283.01
2027-09-21 13:00:00,-42.429,79.861,0.0,953381.18
2027-09-21 14:00:00,-45.026,7.734,0.0,952913.87
2027-09-21 15:00:00,-51.13,6.059,0.0,953096.71
2027-09-21 16:00:00,-69.403,9.782,0.2216,952656.22
2027-09-21 17:00:00,-78.585,2.796,0.5917,952043.16
2027-09-21 18:00:00,-86.977,2.716,0.8446,951589.7
2027-09-21 19:00:00,-96.739,0.0,0.9796,951140.52
2027-09-21 20:00:00,-100.854,4.13,1.2816,951048.11
2027-09-21 21:00:00,-109.558,0.0,1.3813,950449.11
2027-09-21 22:00:00,-115.831,0.0,1.6289,950527.8
2027-09-21 23:00:00,-117.081,7.632,1.7727,950297.95
2027-09-22 00:00:00,-118.491,0.0,1.8232,949382.65
2027-09-22 01:00:00,-105.751,2.194,1.4854,948844.33
2027-09-22 02:00:00,-101.05,9.094,1.3821,949504.12
2027-09-22 03:00:00,-91.17,153.967,1.1333,949700.84
2027-09-22 04:00:00,-78.075,279.926,0.6538,950457.2
2027-09-22 05:00:00,-66.462,383.883,0.3834,950323.21
2027-09-22 06:00:00,-58.033,470.49,0.1433,950489.27
2027-09-22 07:00:00,-45.93,517.347,0.0,950441.4
2027-09-22 08:00:00,-33.003,548.136,0.0,951227.98
2027-09-22 09:00:00,-26.901,525.679,0.0,951368.61
2027-09-22 10:00:00,-22.55,468.722,0.0,950776.58
2027-09-22 11:00:00,-17.397,394.284,0.0,951165.16
2027-09-22 12:00:00,-26.415,288.437,0.0,950824.16
2027-09-22 13:00:00,-34.373,164.522,0.0,950606.09
2027-09-22 14:00:00,-41.66,23.341,0.0,950624.52
2027-09-22 15:00:00,-54.071,1.934,0.0,950355.7
2027-09-22 16:00:00,-58.5,0.0,0.0091,949821.57
2027-09-22 17:00:00,-71.778,0.0,0.2636,949995.11
2027-09-22 18:00:00,-79.639,0.0,0.4548,949819.77
2027-09-22 19:00:00,-91.13,0.0,0.9024,949865.55
2027-09-22 20:00:00,-100.115,0.0,1.0337,948959.96
2027-09-22 21:00:00,-104.733,0.0,1.1911,948612.58
2027-09-22 22:00:00,-110.007,0.0,1.4128,949191.2
2027-09-22 23:00:00,-109.219,0.0,1.5384,948780.81
2027-09-23 00:00:00,-113.607,0.0,1.5949,949122.6
2027-09-23 01:00:00,-114.317,1.937,1.6656,949859.64
2027-09-23 02:00:00,-111.02,6.963,1.6238,949811.51
2027-09-23 03:00:00,-99.477,62.599,1.2522,950448.09
2027-09-23 04:00:00,-83.643,197.906,0.9177,950403.26
2027-09-23 05:00:00,-72.338,318.645,0.5249,950200.36
2027-09-23 06:00:00,-64.2,408.129,0.3662,950630.76
2027-09-23 07:00:00,-48.534,488.872,0.0,951442.08
2027-09-23 08:00:00,-38.383,533.687,0.0,950994.59
2027-09-23 09:00:00,-27.652,534.431,0.0,950523.52
2027-09-23 10:00:00,-24.26,505.907,0.0,950651.83
2027-09-23 11:00:00,-21.797,452.834,0.0,950418.73
2027-09-23 12:00:00,-27.314,354.018,0.0,950352.77
2027-09-23 13:00:00,-25.247,243.879,0.0,950227.73
2027-09-23 14:00:00,-38.928,117.764,0.0,950357.14
2027-09-23 15:00:00,-43.734,2.253,0.0,950570.79
2027-09-23 16:00:00,-54.748,1.095,0.0,950565.55
2027-09-23 17:00:00,-64.28,5.162,0.0568,950301.54
2027-09-23 18:00:00,-71.514,0.0,0.4144,950041.6
2027-09-23 19:00:00,-83.887,0.0,0.7865,950102.02
2027-09-23 20:00:00,-101.462,2.62,1.0655,949727.25
2027-09-23 21:00:00,-102.962,0.0,1.2157,948955.83
2027-09-23 22:00:00,-111.335,0.0,1.6711,948402.95
2027-09-23 23:00:00,-110.525,0.0,1.3897,947462.38
2027-09-24 00:00:00,-119.922,1.454,1.5765,948587.85
2027-09-24 01:00:00,-110.333,7.706,1.5037,948166.93
2027-09-24 02:00:00,-109.698,0.0,1.412,947350.37
2027-09-24 03:00:00,-107.059,5.109,1.5261,946720.33
2027-09-24 04:00:00,-97.975,105.943,1.3307,946627.91
2027-09-24 05:00:00,-86.356,227.083,0.8836,946194.86
2027-09-24 06:00:00,-69.963,345.889,0.4039,946901.09
2027-09-24 07:00:00,-59.743,437.424,0.3499,947625.65
2027-09-24 08:00:00,-45.962,503.924,0.0015,948143.75
2027-09-24 09:00:00,-39.743,538.27,0.0,947843.12
2027-09-24 10:00:00,-26.199,541.464,0.0,948027.09
2027-09-24 11:00:00,-23.617,486.742,0.0,948916.91
2027-09-24 12:00:00,-25.037,421.254,0.0,949138.61
2027-09-24 13:00:00,-26.487,321.61,0.0,948855.49
2027-09-24 14:00:00,-33.154,201.092,0.0,949050.45
2027-09-24 15:00:00,-38.379,75.84,0.0,948804.34
2027-09-24 16:00:00,-52.483,0.007,0.0,949237.41
2027-09-24 17:00:00,-55.187,0.0,0.0,949027.62
2027-09-24 18:00:00,-67.616,0.091,0.1845,949927.23
2027-09-24 19:00:00,-80.009,0.0,0.6242,950206.24
2027-09-24 20:00:00,-87.105,0.059,0.9429,949588.8
2027-09-24 21:00:00,-97.939,6.347,1.2061,949419.42
2027-09-24 22:00:00,-110.417,2.315,1.5779,950205.21
2027-09-24 23:00:00,-109.393,0.888,1.5708,949736.42
2027-09-25 00:00:00,-124.547,0.0,1.944,949969.11
2027-09-25 01:00:00,-115.064,0.334,1.6949,949530.85
2027-09-25 02:00:00,-116.693,2.816,1.8741,948626.99
2027-09-25 03:00:00,-108.6,2.321,1.5969,949478.8
2027-09-25 04:00:00,-100.531,15.937,1.2557,948896.92
2027-09-25 05:00:00,-94.312,152.903,1.1455,948878.37
2027-09-25 06:00:00,-81.149,270.83,0.9174,949111.16
2027-09-25 07:00:00,-65.309,381.441,0.4322,949546.79
2027-09-25 08:00:00,-57.094,471.496,0.2451,950952.04
2027-09-25 09:00:00,-43.75,524.807,0.0,951290.16
2027-09-25 10:00:00,-34.819,540.093,0.0,950517.7
2027-09-25 11:00:00,-30.871,531.204,0.0,950762.19
2027-09-25 12:00:00,-26.162,476.707,0.0,951588.29
2027-09-25 13:00:00,-22.847,392.733,0.0,951055.33
2027-09-25 14:00:00,-26.35,282.085,0.0,950583.12
2027-09-25 15:00:00,-34.489,171.04,0.0,950774.98
2027-09-25 16:00:00,-43.262,32.763,0.0,950970.12
2027-09-25 17:00:00,-52.857,8.992,0.1249,950965.28
2027-09-25 18:00:00,-66.55,10.834,0.5329,951637.87
2027-09-25 19:00:00,-75.195,0.0,0.8213,951360.71
2027-09-25 20:00:00,-80.187,0.0,0.86,951494.92
2027-09-25 21:00:00,-89.614,0.0,1.0537,951959.05
2027-09-25 22:00:00,-105.281,4.592,1.6808,951264.13
2027-09-25 23:00:00,-107.18,3.282,1.5685,950482.42
2027-09-26 00:00:00,-119.66,0.489,1.9636,949751.52
2027-09-26 01:00:00,-120.393,0.0,2.001,949782.86
2027-09-26 02:00:00,-119.933,0.0,2.0048,949659.71
2027-09-26 03:00:00,-117.918,0.924,2.0302,950640.02
2027-09-26 04:00:00,-114.515,3.914,1.9624,951039.35
2027-09-26 05:00:00,-103.526,64.534,1.6097,950504.68
2027-09-26 06:00:00,-88.916,199.719,1.2717,950274.07
2027-09-26 07:00:00,-82.549,316.346,0.9619,949641.99
2027-09-26 08:00:00,-63.878,422.988,0.4914,949663.9
2027-09-26 09:00:00,-49.131,493.434,0.4289,949871.24
2027-09-26 10:00:00,-42.47,525.886,0.0,948863.3
2027-09-26 11:00:00,-33.927,545.975,0.0,948992.1
2027-09-26 12:00:00,-29.393,517.559,0.0,948749.21
2027-09-26 13:00:00,-19.147,453.131,0.0,949181.88
2027-09-26 14:00:00,-21.84,362.461,0.0,949881.53
2027-09-26 15:00:00,-31.625,256.278,0.0,949214.05
2027-09-26 16:00:00,-35.224,110.717,0.0,949686.32
2027-09-26 17:00:00,-49.421,6.206,0.1403,949469.44
2027-09-26 18:00:00,-57.407,0.0,0.2439,948156.4
2027-09-26 19:00:00,-70.085,5.476,0.604,947566.2
2027-09-26 20:00:00,-83.436,0.602,0.9623,947836.95
2027-09-26 21:00:00,-90.325,0.0,1.1162,947862.72
2027-09-26 22:00:00,-100.068,0.0,1.4851,947868.06
2027-09-26 23:00:00,-106.291,5.109,1.7172,948562.26
2027-09-27 00:00:00,-112.504,0.0,1.9157,948419.35
2027-09-27 01:00:00,-119.53,0.0,2.0529,948209.5
2027-09-27 02:00:00,-124.092,0.0,2.0552,947786.0
2027-09-27 03:00:00,-122.654,3.211,1.917,947142.04
2027-09-27 04:00:00,-112.644,8.753,1.8283,946756.69
2027-09-27 05:00:00,-109.172,0.0,1.6765,947278.65
2027-09-27 06:00:00,-96.026,123.589,1.4662,947132.31
2027-09-27 07:00:00,-83.291,240.674,1.1511,947355.94
2027-09-27 08:00:00,-77.118,357.168,0.9686,947793.66
2027-09-27 09:00:00,-60.045,443.836,0.4737,947561.28
2027-09-27 10:00:00,-53.185,508.961,0.3331,948403.64
2027-09-27 11:00:00,-37.392,540.043,0.0001,948621.49
2027-09-27 12:00:00,-30.513,529.131,0.0,948510.41
2027-09-27 13:00:00,-34.903,491.136,0.0,949398.84
2027-09-27 14:00:00,-26.039,429.894,0.0,949785.02
2027-09-27 15:00:00,-31.982,317.63,0.0,950186.7
2027-09-27 16:00:00,-36.413,207.991,0.0,950817.54
2027-09-27 17:00:00,-46.245,71.024,0.0,951544.71
2027-09-27 18:00:00,-50.795,0.0,0.0383,951594.64
2027-09-27 19:00:00,-64.841,9.86,0.5412,950951.75
2027-09-27 20:00:00,-77.119,0.0,0.7449,950315.68
2027-09-27 21:00:00,-86.489,0.0,1.0459,949949.49
2027-09-27 22:00:00,-94.766,0.0,1.2981,949984.09
2027-09-27 23:00:00,-102.468,0.0,1.547,950646.49
2027-09-28 00:00:00,-108.251,0.032,1.7392,950520.75
2027-09-28 01:00:00,-116.473,0.777,2.0186,949857.21
2027-09-28 02:00:00,-120.281,1.173,2.0971,950080.48
2027-09-28 03:00:00,-120.549,0.0,2.1357,950071.35
2027-09-28 04:00:00,-118.199,0.0,1.9698,950054.47
2027-09-28 05:00:00,-113.605,3.217,1.7527,949572.88
2027-09-28 06:00:00,-101.605,18.841,1.494,949633.97
2027-09-28 07:00:00,-95.074,152.853,1.5471,949605.48
2027-09-28 08:00:00,-83.594,288.651,1.004,947822.06
2027-09-28 09:00:00,-72.567,388.42,0.5894,948206.47
2027-09-28 10:00:00,-57.162,477.155,0.5382,947939.73
2027-09-28 11:00:00,-43.312,530.049,0.0,947911.03
2027-09-28 12:00:00,-41.346,548.748,0.0,948138.01
2027-09-28 13:00:00,-27.102,529.143,0.0,947458.08
2027-09-28 14:00:00,-29.126,475.114,0.0,947689.33
2027-09-28 15:00:00,-28.581,393.54,0.0,947522.22
2027-09-28 16:00:00,-29.101,285.937,0.0,946941.12
2027-09-28 17:00:00,-39.441,151.064,0.0,946619.54
2027-09-28 18:00:00,-45.465,29.762,0.0,947456.64
2027-09-28 19:00:00,-58.504,1.222,0.0878,947094.71
2027-09-28 20:00:00,-61.573,4.128,0.2681,947347.4
2027-09-28 21:00:00,-73.762,0.0,0.6703,947660.29
2027-09-28 22:00:00,-85.377,3.324,0.9154,948305.66
2027-09-28 23:00:00,-94.726,0.0,1.0316,948286.52
2027-09-29 00:00:00,-104.848,0.0,1.5652,947979.66
2027-09-29 01:00:00,-110.134,0.0,1.4603,948183.16
2027-09-29 02:00:00,-117.12,0.0,1.8474,948031.34
2027-09-29 03:00:00,-120.206,0.0,1.9933,948142.66
2027-09-29 04:00:00,-124.681,0.0,2.1708,948305.36
2027-09-29 05:00:00,-112.672,1.673,1.6726,948761.76
2027-09-29 06:00:00,-114.972,0.0,1.9116,949424.17
2027-09-29 07:00:00,-98.175,59.187,1.5141,949169.69
2027-09-29 08:00:00,-90.41,212.786,1.23,948682.72
2027-09-29 09:00:00,-73.629,320.685,0.6991,948487.59
2027-09-29 10:00:00,-61.04,415.56,0.4118,947558.65
2027-09-29 11:00:00,-49.212,490.56,0.0,948567.99
2027-09-29 12:00:00,-41.237,534.093,0.0,948903.49
2027-09-29 13:00:00,-36.319,540.593,0.0,949054.73
2027-09-29 14:00:00,-28.288,519.526,0.0,949300.11
2027-09-29 15:00:00,-26.734,451.032,0.0,949324.51
2027-09-29 16:00:00,-27.546,369.96,0.0,950465.89
2027-09-29 17:00:00,-35.78,244.474,0.0,950143.79
2027-09-29 18:00:00,-40.828,118.779,0.0,950716.69
2027-09-29 19:00:00,-58.07,5.11,0.0981,950405.72
2027-09-29 20:00:00,-58.784,5.976,0.0,950594.44
2027-09-29 21:00:00,-67.037,6.559,0.4593,949794.54
2027-09-29 22:00:00,-80.026,0.0,0.7389,949452.3
2027-09-29 23:00:00,-89.064,0.0,0.9466,948991.65
2027-09-30 00:00:00,-97.384,0.0,1.2716,948717.64
2027-09-30 01:00:00,-102.995,0.0,1.2599,947833.16
2027-09-30 02:00:00,-109.861,5.456,1.6529,948054.12
2027-09-30 03:00:00,-116.141,4.484,1.7829,947965.39
2027-09-30 04:00:00,-119.206,0.0,1.8714,947975.42
2027-09-30 05:00:00,-117.41,8.496,1.7952,948202.55
2027-09-30 06:00:00,-109.749,0.0,1.5879,948273.17
2027-09-30 07:00:00,-107.798,0.0,1.6122,947909.92
2027-09-30 08:00:00,-98.317,110.622,1.1997,948082.87
2027-09-30 09:00:00,-83.599,237.825,0.793,948679.78
2027-09-30 10:00:00,-72.584,361.32,0.6992,949434.29
2027-09-30 11:00:00,-62.257,451.306,0.3608,949974.39
2027-09-30 12:00:00,-45.935,515.532,0.0,949975.48
2027-09-30 13:00:00,-37.17,539.943,0.0,950119.09
2027-09-30 14:00:00,-31.217,536.261,0.0,949710.4
2027-09-30 15:00:00,-25.45,485.548,0.0,950103.0
2027-09-30 16:00:00,-30.822,426.146,0.0,949901.3
2027-09-30 17:00:00,-29.236,325.178,0.0,949875.86
2027-09-30 18:00:00,-36.101,198.621,0.0,949683.47
2027-09-30 19:00:00,-44.359,69.842,0.0,950533.31
2027-09-30 20:00:00,-51.116,0.0,0.0,951046.84
2027-09-30 21:00:00,-62.23,8.822,0.0203,950965.08
2027-09-30 22:00:00,-64.899,0.0,0.2436,949930.58
2027-09-30 23:00:00,-79.386,1.657,0.4441,949510.18
2027-10-01 00:00:00,-93.749,0.0,0.8628,949767.15
2027-10-01 01:00:00,-105.962,0.0,1.324,950316.42
2027-10-01 02:00:00,-111.032,1.384,1.4433,950051.08
2027-10-01 03:00:00,-116.334,0.0,1.7305,950393.19
2027-10-01 04:00:00,-120.567,0.0,1.6922,949827.74
2027-10-01 05:00:00,-112.036,1.664,1.5716,949684.26
2027-10-01 06:00:00,-122.601,0.0,1.921,949169.74
2027-10-01 07:00:00,-112.611,4.421,1.634,949632.38
2027-10-01 08:00:00,-105.814,20.867,1.4465,949459.3
2027-10-01 09:00:00,-94.414,158.393,1.1496,948735.7
2027-10-01 10:00:00,-86.425,286.933,0.9681,948883.55
2027-10-01 11:00:00,-67.362,394.111,0.4727,949041.49
2027-10-01 12:00:00,-54.141,478.686,0.0824,949809.56
2027-10-01 13:00:00,-41.525,528.846,0.0,951142.44
2027-10-01 14:00:00,-33.283,547.362,0.0,951673.5
2027-10-01 15:00:00,-23.918,525.954,0.0,951573.62
2027-10-01 16:00:00,-30.689,470.73,0.0,951829.53
2027-10-01 17:00:00,-25.068,386.679,0.0,951762.4
2027-10-01 18:00:00,-20.676,277.766,0.0,951561.14
2027-10-01 19:00:00,-30.59,168.745,0.0,950899.85
2027-10-01 20:00:00,-48.068,12.334,0.0,951385.54
2027-10-01 21:00:00,-51.531,5.969,0.0,951487.88
2027-10-01 22:00:00,-65.219,0.0,0.2885,950823.5
2027-10-01 23:00:00,-73.242,5.932,0.4954,951350.49
2027-10-02 00:00:00,-76.305,0.0,0.6234,950670.78
2027-10-02 01:00:00,-90.095,0.0,1.0892,951391.53
2027-10-02 02:00:00,-106.09,7.27,1.3738,951201.12
2027-10-02 03:00:00,-111.864,3.566,1.7677,950534.43
2027-10-02 04:00:00,-114.739,0.0,1.778,950870.21
2027-10-02 05:00:00,-118.439,0.0,1.8379,950636.87
2027-10-02 06:00:00,-116.353,0.0,1.894,950264.91
2027-10-02 07:00:00,-116.784,6.946,1.8891,950376.5
2027-10-02 08:00:00,-110.311,0.0,1.7053,950483.56
2027-10-02 09:00:00,-102.119,69.207,1.4288,950683.8
2027-10-02 10:00:00,-88.561,205.176,0.9762,950974.88
2027-10-02 11:00:00,-72.379,318.296,0.6112,951001.22
2027-10-02 12:00:00,-60.641,426.941,0.3692,951185.75
2027-10-02 13:00:00,-51.592,495.476,0.1763,951748.06
2027-10-02 14:00:00,-34.756,539.592,0.0,951517.16
2027-10-02 15:00:00,-26.611,541.038,0.0,950893.19
2027-10-02 16:00:00,-25.001,506.744,0.0,951331.06
2027-10-02 17:00:00,-22.998,449.92,0.0,951196.07
2027-10-02 18:00:00,-17.992,363.508,0.0,951113.61
2027-10-02 19:00:00,-22.818,247.243,0.0,950886.13
2027-10-02 20:00:00,-39.676,114.541,0.0,951324.56
2027-10-02 21:00:00,-40.823,4.491,0.0,951777.93
2027-10-02 22:00:00,-48.613,0.0,0.051,951768.51
2027-10-02 23:00:00,-61.318,0.281,0.3134,951333.34
2027-10-03 00:00:00,-76.095,0.0,0.8022,950454.83
2027-10-03 01:00:00,-85.878,4.783,1.0675,950771.36
2027-10-03 02:00:00,-89.723,1.458,1.317,951154.35
2027-10-03 03:00:00,-100.755,0.0,1.554,951258.8
2027-10-03 04:00:00,-108.372,0.0,1.7161,950881.44
2027-10-03 05:00:00,-107.022,5.525,1.7477,950256.14
2027-10-03 06:00:00,-119.105,0.0,2.0165,950156.09
2027-10-03 07:00:00,-115.467,0.36,1.9309,951015.14
2027-10-03 08:00:00,-110.763,11.763,1.8993,951328.05
2027-10-03 09:00:00,-105.639,4.008,1.5982,951992.36
2027-10-03 10:00:00,-99.4,124.429,1.3776,951902.69
2027-10-03 11:00:00,-78.885,244.563,0.9621,951838.72
2027-10-03 12:00:00,-70.903,367.54,0.7462,952240.83
2027-10-03 13:00:00,-57.964,453.877,0.4501,952824.39
2027-10-03 14:00:00,-44.509,517.845,0.0,953158.7
2027-10-03 15:00:00,-34.364,555.077,0.0,953236.17
2027-10-03 16:00:00,-26.299,537.35,0.0,952729.49
2027-10-03 17:00:00,-18.752,497.82,0.0,952476.77
2027-10-03 18:00:00,-17.225,420.042,0.0,951771.35
2027-10-03 19:00:00,-24.219,328.409,0.0,952011.47
2027-10-03 20:00:00,-30.729,199.638,0.0,951130.26
2027-10-03 21:00:00,-37.837,72.941,0.0,950663.89
2027-10-03 22:00:00,-49.599,0.0,0.0365,951215.18
2027-10-03 23:00:00,-56.142,2.743,0.3944,951096.35
2027-10-04 00:00:00,-68.707,0.0,0.4549,949867.74
2027-10-04 01:00:00,-69.944,3.653,0.7921,949386.5
2027-10-04 02:00:00,-86.846,0.0,1.0566,949908.35
2027-10-04 03:00:00,-98.639,0.0,1.2672,949388.1
2027-10-04 04:00:00,-102.518,0.0,1.4212,949457.23
2027-10-04 05:00:00,-114.5,0.0,1.8436,949510.11
2027-10-04 06:00:00,-116.309,4.189,2.0136,950102.42
2027-10-04 07:00:00,-113.751,0.0,1.8807,949765.27
2027-10-04 08:00:00,-114.131,0.0,1.8295,950288.5
2027-10-04 09:00:00,-106.607,1.726,1.7317,949501.46
2027-10-04 10:00:00,-110.837,33.487,1.7168,949707.39
2027-10-04 11:00:00,-88.592,162.418,1.0158,950207.92
2027-10-04 12:00:00,-79.16,287.824,1.0026,950199.2
2027-10-04 13:00:00,-67.236,398.329,0.4948,950119.81
2027-10-04 14:00:00,-56.414,468.899,0.1604,950566.19
2027-10-04 15:00:00,-41.388,524.642,0.0,950785.93
2027-10-04 16:00:00,-25.516,545.868,0.0,950604.07
2027-10-04 17:00:00,-20.683,525.922,0.0,950185.88
2027-10-04 18:00:00,-15.179,469.03,0.0,949970.95
2027-10-04 19:00:00,-20.371,398.059,0.0,949704.12
2027-10-04 20:00:00,-23.678,286.366,0.0,949800.19
2027-10-04 21:00:00,-35.587,158.643,0.0,948821.69
2027-10-04 22:00:00,-45.075,17.13,0.0,948549.56
2027-10-04 23:00:00,-49.252,0.397,0.0,948555.75
2027-10-05 00:00:00,-62.809,2.572,0.1912,948633.86
2027-10-05 01:00:00,-71.642,0.0,0.3825,948436.61
2027-10-05 02:00:00,-80.157,2.223,0.6928,948023.57
2027-10-05 03:00:00,-86.766,0.0,0.8928,946899.98
2027-10-05 04:00:00,-99.654,0.487,1.267,947235.73
2027-10-05 05:00:00,-111.065,5.712,1.5645,947086.77
2027-10-05 06:00:00,-117.439,6.16,1.6907,946903.93
2027-10-05 07:00:00,-114.142,6.638,1.6457,947040.19
2027-10-05 08:00:00,-115.847,1.428,1.6397,946987.24
2027-10-05 09:00:00,-111.25,0.158,1.5033,947246.05
2027-10-05 10:00:00,-107.017,0.0,1.5223,947950.85
2027-10-05 11:00:00,-97.66,63.774,1.1329,947585.81
2027-10-05 12:00:00,-81.361,200.764,0.6446,947322.36
2027-10-05 13:00:00,-68.941,327.945,0.3736,948137.95
2027-10-05 14:00:00,-58.296,428.326,0.131,948044.12
2027-10-05 15:00:00,-49.693,508.331,0.0,946911.33
2027-10-05 16:00:00,-38.723,547.886,0.0,947501.53
2027-10-05 17:00:00,-27.02,542.972,0.0,947906.41
2027-10-05 18:00:00,-20.225,520.306,0.0,947986.63
2027-10-05 19:00:00,-26.244,450.3,0.0,948351.02
2027-10-05 20:00:00,-18.705,363.328,0.0,948208.17
2027-10-05 21:00:00,-30.691,247.921,0.0,949408.53
2027-10-05 22:00:00,-33.673,118.313,0.0,948968.9
2027-10-05 23:00:00,-37.144,0.0,0.0,948900.74
2027-10-06 00:00:00,-58.935,5.072,0.1537,948753.42
2027-10-06 01:00:00,-62.532,0.0,0.1601,948676.68
2027-10-06 02:00:00,-75.536,6.481,0.6887,948537.69
2027-10-06 03:00:00,-84.346,0.0,0.9498,948404.9
2027-10-06 04:00:00,-97.614,0.0,1.2501,948806.53
2027-10-06 05:00:00,-112.439,0.0,1.5845,948277.98
2027-10-06 06:00:00,-113.871,0.0,1.7698,948722.46
2027-10-06 07:00:00,-115.924,6.777,1.8495,949019.66
2027-10-06 08:00:00,-114.608,0.0,1.857,949830.85
2027-10-06 09:00:00,-116.262,3.567,1.8119,950187.18
2027-10-06 10:00:00,-109.062,0.173,1.584,951074.55
2027-10-06 11:00:00,-108.13,5.313,1.7205,950862.18
2027-10-06 12:00:00,-97.192,120.774,1.3951,950934.68
2027-10-06 13:00:00,-82.028,246.446,1.0712,951496.51
2027-10-06 14:00:00,-70.02,366.479,0.6909,951554.53
2027-10-06 15:00:00,-52.839,465.662,0.2344,951392.66
2027-10-06 16:00:00,-49.497,522.064,0.0951,950757.6
2027-10-06 17:00:00,-32.33,547.37,0.0,950982.12
2027-10-06 18:00:00,-23.59,552.227,0.0,951152.82
2027-10-06 19:00:00,-22.768,504.808,0.0,950951.11
2027-10-06 20:00:00,-20.807,428.93,0.0,951146.26
2027-10-06 21:00:00,-27.896,324.823,0.0,952166.64
2027-10-06 22:00:00,-34.444,204.391,0.0,951601.98
2027-10-06 23:00:00,-39.73,69.077,0.0,950816.32
2027-10-07 00:00:00,-51.371,0.0,0.0257,950225.39
2027-10-07 01:00:00,-56.599,1.975,0.1163,949654.63
2027-10-07 02:00:00,-66.822,0.0,0.5275,949446.93
2027-10-07 03:00:00,-78.674,0.0,0.8235,948632.94
2027-10-07 04:00:00,-87.774,0.0,1.0657,948657.27
2027-10-07 05:00:00,-96.483,0.0,1.4295,949524.41
2027-10-07 06:00:00,-107.518,0.0,1.7368,949058.65
2027-10-07 07:00:00,-115.464,6.233,1.9792,948469.91
2027-10-07 08:00:00,-115.26,2.311,1.78,949506.19
2027-10-07 09:00:00,-117.576,0.0,2.0392,948885.23
2027-10-07 10:00:00,-115.252,0.0,1.7481,949736.64
2027-10-07 11:00:00,-110.084,4.403,1.7643,949651.73
2027-10-07 12:00:00,-103.815,27.075,1.6564,949502.92
2027-10-07 13:00:00,-92.618,172.306,1.2245,950298.46
2027-10-07 14:00:00,-80.346,298.229,0.8703,950146.55
2027-10-07 15:00:00,-65.703,394.195,0.5448,949131.22
2027-10-07 16:00:00,-51.238,482.382,0.28,948993.86
2027-10-07 17:00:00,-40.073,531.793,0.0,949059.45
2027-10-07 18:00:00,-32.921,543.544,0.0,949514.65
2027-10-07 19:00:00,-25.677,524.131,0.0,948700.46
2027-10-07 20:00:00,-27.057,473.965,0.0,948444.64
2027-10-07 21:00:00,-25.588,390.511,0.0,948744.5
2027-10-07 22:00:00,-25.917,285.416,0.0,948099.67
2027-10-07 23:00:00,-37.572,161.151,0.0,947891.61
2027-10-08 00:00:00,-44.179,20.341,0.0,948732.88
2027-10-08 01:00:00,-52.698,3.752,0.0,948291.78
2027-10-08 02:00:00,-63.072,0.0,0.233,948216.71
2027-10-08 03:00:00,-70.692,3.015,0.5224,947969.25
2027-10-08 04:00:00,-82.923,0.0,0.7926,948793.38
2027-10-08 05:00:00,-97.943,0.0,1.206,948721.55
2027-10-08 06:00:00,-101.169,9.486,1.4906,948565.66
2027-10-08 07:00:00,-111.793,0.0,1.7528,948740.18
2027-10-08 08:00:00,-119.268,0.0,1.9469,949144.94
2027-10-08 09:00:00,-115.286,1.913,2.0318,949261.73
2027-10-08 10:00:00,-121.458,0.0,2.1073,948772.54
2027-10-08 11:00:00,-116.46,0.0,2.0064,949065.38
2027-10-08 12:00:00,-108.949,0.0,1.761,949220.19
2027-10-08 13:00:00,-100.242,71.466,1.4794,949223.35
2027-10-08 14:00:00,-89.196,215.715,1.1551,949910.27
2027-10-08 15:00:00,-77.26,338.857,1.0423,949488.35
2027-10-08 16:00:00,-62.77,441.061,0.5271,949705.64
2027-10-08 17:00:00,-52.139,497.048,0.4454,948181.07
2027-10-08 18:00:00,-38.655,537.687,0.0,948598.12
2027-10-08 19:00:00,-31.984,541.717,0.0,948619.37
2027-10-08 20:00:00,-28.885,524.269,0.0,949266.84
2027-10-08 21:00:00,-24.152,455.396,0.0,948954.79
2027-10-08 22:00:00,-26.862,359.916,0.0,949290.97
2027-10-08 23:00:00,-29.091,243.639,0.0,949565.71
2027-10-09 00:00:00,-36.356,109.509,0.0,950269.01
2027-10-09 01:00:00,-42.832,0.0,0.0,950700.62
2027-10-09 02:00:00,-53.151,2.566,0.2118,951159.4
2027-10-09 03:00:00,-68.644,0.0,0.6438,950216.23
2027-10-09 04:00:00,-82.577,0.0,0.9343,949974.11
2027-10-09 05:00:00,-90.922,2.871,1.3793,949732.58
2027-10-09 06:00:00,-97.557,0.0,1.3066,949691.02
2027-10-09 07:00:00,-109.94,1.137,1.5688,949557.6
2027-10-09 08:00:00,-113.582,0.0,2.0041,949251.84
2027-10-09 09:00:00,-116.2,4.457,1.8985,949633.8
2027-10-09 10:00:00,-119.542,1.101,1.934,950797.72
2027-10-09 11:00:00,-115.477,0.0,1.806,950740.75
2027-10-09 12:00:00,-115.458,1.61,1.9281,950214.19
2027-10-09 13:00:00,-110.156,1.773,1.7317,950532.04
2027-10-09 14:00:00,-91.53,125.849,1.2157,950127.13
2027-10-09 15:00:00,-83.863,260.17,0.8914,950447.16
2027-10-09 16:00:00,-69.994,367.161,0.6627,950027.17
2027-10-09 17:00:00,-54.678,464.938,0.3099,950436.93
2027-10-09 18:00:00,-43.344,514.537,0.0,950597.4
2027-10-09 19:00:00,-37.475,550.35,0.0,950694.84
2027-10-09 20:00:00,-26.515,541.791,0.0,951308.15
2027-10-09 21:00:00,-26.94,507.542,0.0,951630.27
2027-10-09 22:00:00,-22.162,424.347,0.0,951001.09
2027-10-09 23:00:00,-31.277,325.532,0.0,949987.05
2027-10-10 00:00:00,-34.653,190.207,0.0,950629.85
2027-10-10 01:00:00,-41.757,60.913,0.0,951167.3
2027-10-10 02:00:00,-50.621,0.0,0.0,950840.91
2027-10-10 03:00:00,-63.265,12.378,0.1938,950750.93
2027-10-10 04:00:00,-76.386,0.0,0.5672,950340.39
2027-10-10 05:00:00,-80.956,0.366,0.7255,950614.27
2027-10-10 06:00:00,-93.115,0.633,1.1087,951294.78
2027-10-10 07:00:00,-102.695,0.0,1.3286,951008.07
2027-10-10 08:00:00,-104.942,0.0,1.3468,951790.87
2027-10-10 09:00:00,-116.264,2.024,1.7345,952078.57
2027-10-10 10:00:00,-120.235,0.429,1.9504,953067.04
2027-10-10 11:00:00,-124.884,0.0,2.1963,952818.72
2027-10-10 12:00:00,-120.342,0.0,1.879,952728.48
2027-10-10 13:00:00,-109.961,5.104,1.667,952014.37
2027-10-10 14:00:00,-107.148,34.502,1.5827,952070.76
2027-10-10 15:00:00,-90.903,175.82,1.1603,952257.23
2027-10-10 16:00:00,-83.826,292.031,0.8623,952696.86
2027-10-10 17:00:00,-68.821,411.433,0.6946,953283.32
2027-10-10 18:00:00,-56.425,486.737,0.3316,952797.44
2027-10-10 19:00:00,-40.802,545.416,0.0,953202.0
2027-10-10 20:00:00,-34.364,553.269,0.0,953176.46
2027-10-10 21:00:00,-31.379,523.088,0.0,952686.2
2027-10-10 22:00:00,-22.791,483.202,0.0,952188.54
2027-10-10 23:00:00,-24.12,391.433,0.0,952107.93
2027-10-11 00:00:00,-27.943,281.033,0.0,951381.33
2027-10-11 01:00:00,-35.209,146.628,0.0,951764.84
2027-10-11 02:00:00,-47.54,23.028,0.0,951378.92
2027-10-11 03:00:00,-49.736,0.0,0.0,950918.13
2027-10-11 04:00:00,-63.332,7.875,0.3391,949948.9
2027-10-11 05:00:00,-72.41,0.0,0.5467,950160.38
2027-10-11 06:00:00,-82.476,0.0,0.9369,949754.7
2027-10-11 07:00:00,-96.492,6.598,1.3657,949698.53
2027-10-11 08:00:00,-97.229,0.0,1.3817,950052.2
2027-10-11 09:00:00,-110.318,0.0,1.8014,949995.13
2027-10-11 10:00:00,-115.834,0.0,1.9528,949626.97
2027-10-11 11:00:00,-120.092,0.0,2.0917,948829.13
2027-10-11 12:00:00,-115.124,2.143,1.8559,948502.24
2027-10-11 13:00:00,-112.854,0.0,1.9132,948128.13
2027-10-11 14:00:00,-110.949,0.0,1.8624,948440.01
2027-10-11 15:00:00,-106.583,77.294,1.7774,949295.04
2027-10-11 16:00:00,-89.075,215.383,1.231,949487.96
2027-10-11 17:00:00,-75.098,344.235,0.8432,949575.89
2027-10-11 18:00:00,-62.936,435.389,0.4006,949843.17
2027-10-11 19:00:00,-52.66,505.289,0.2381,950351.75
2027-10-11 20:00:00,-43.351,561.485,0.0573,950227.56
2027-10-11 21:00:00,-27.242,549.233,0.0,950178.16
2027-10-11 22:00:00,-24.398,518.485,0.0,950422.6
2027-10-11 23:00:00,-24.513,452.142,0.0,950471.62
2027-10-12 00:00:00,-28.592,357.718,0.0,950629.71
2027-10-12 01:00:00,-30.201,241.46,0.0,950942.99
2027-10-12 02:00:00,-38.197,112.061,0.0,950276.34
2027-10-12 03:00:00,-49.737,2.02,0.0594,950036.9
2027-10-12 04:00:00,-56.194,5.385,0.1867,950065.27
2027-10-12 05:00:00,-66.003,5.22,0.438,950431.83
2027-10-12 06:00:00,-76.287,1.043,0.8479,950446.15
2027-10-12 07:00:00,-91.665,1.882,1.1342,950499.21
2027-10-12 08:00:00,-97.295,5.544,1.3413,950323.43
2027-10-12 09:00:00,-103.902,0.0,1.3949,950413.88
2027-10-12 10:00:00,-112.299,12.491,1.7873,950182.87
2027-10-12 11:00:00,-110.632,0.0,1.5337,950247.9
2027-10-12 12:00:00,-119.44,0.0,1.8939,950669.59
2027-10-12 13:00:00,-123.188,0.0,1.9151,951064.76
2027-10-12 14:00:00,-117.135,0.0,1.7866,951240.24
2027-10-12 15:00:00,-110.316,4.87,1.6924,950716.43
2027-10-12 16:00:00,-95.061,138.151,1.2178,950580.72
2027-10-12 17:00:00,-81.798,256.073,0.9253,949911.45
2027-10-12 18:00:00,-70.574,376.053,0.5563,950225.37
2027-10-12 19:00:00,-57.057,466.67,0.2144,950527.29
2027-10-12 20:00:00,-40.361,531.772,0.0,950768.34
2027-10-12 21:00:00,-38.929,565.057,0.0,951691.63
2027-10-12 22:00:00,-29.596,552.994,0.0,951972.88
2027-10-12 23:00:00,-27.136,500.401,0.0,951823.62
2027-10-13 00:00:00,-28.768,428.047,0.0,951225.23
2027-10-13 01:00:00,-33.988,324.872,0.0,950895.95
2027-10-13 02:00:00,-30.189,197.169,0.0,951818.86
2027-10-13 03:00:00,-45.47,54.572,0.0,951495.51
2027-10-13 04:00:00,-52.366,0.0,0.0774,952145.94
2027-10-13 05:00:00,-59.446,5.741,0.2379,951946.8
2027-10-13 06:00:00,-73.872,6.257,0.6118,952255.52
2027-10-13 07:00:00,-83.409,0.0,0.9818,951817.77
2027-10-13 08:00:00,-91.641,1.305,1.2292,951143.19
2027-10-13 09:00:00,-101.851,5.986,1.4335,950447.91
2027-10-13 10:00:00,-112.715,0.0,1.785,950528.99
2027-10-13 11:00:00,-112.27,0.0,1.8142,950184.18
2027-10-13 12:00:00,-118.625,10.089,1.9485,950200.51
2027-10-13 13:00:00,-117.663,1.497,1.7909,949980.3
2027-10-13 14:00:00,-116.04,0.0,1.757,949760.95
2027-10-13 15:00:00,-108.72,0.586,1.6256,950441.63
2027-10-13 16:00:00,-102.901,39.784,1.4929,950047.35
2027-10-13 17:00:00,-95.222,160.68,1.171,950194.5
2027-10-13 18:00:00,-75.568,301.851,0.5841,950448.89
2027-10-13 19:00:00,-66.893,407.247,0.4667,950521.43
2027-10-13 20:00:00,-55.892,482.635,0.1853,949587.04
2027-10-13 21:00:00,-44.479,541.306,0.0,950112.89
2027-10-13 22:00:00,-39.565,555.344,0.0,950577.95
2027-10-13 23:00:00,-28.42,535.133,0.0,950838.0
2027-10-14 00:00:00,-22.711,478.172,0.0,950199.07
2027-10-14 01:00:00,-27.898,388.468,0.0,949737.43
2027-10-14 02:00:00,-22.249,274.536,0.0,950570.53
2027-10-14 03:00:00,-40.543,148.378,0.0,950491.85
2027-10-14 04:00:00,-45.665,16.327,0.0,951048.66
2027-10-14 05:00:00,-56.083,1.165,0.0071,950674.36
2027-10-14 06:00:00,-58.39,0.0,0.0843,951292.8
2027-10-14 07:00:00,-69.743,0.0,0.434,950769.26
2027-10-14 08:00:00,-83.154,0.0,0.8533,950885.26
2027-10-14 09:00:00,-96.346,3.686,1.1762,950109.18
2027-10-14 10:00:00,-104.213,2.524,1.4472,950394.88
2027-10-14 11:00:00,-107.367,0.0,1.4555,950826.64
2027-10-14 12:00:00,-115.752,0.0,1.8756,951316.19
2027-10-14 13:00:00,-117.448,0.0,1.9586,951391.95
2027-10-14 14:00:00,-115.33,0.0,1.9195,951875.65
2027-10-14 15:00:00,-113.456,0.0,1.8539,951963.6
2027-10-14 16:00:00,-111.585,0.0,1.9287,952902.13
2027-10-14 17:00:00,-100.636,86.819,1.5046,953154.84
2027-10-14 18:00:00,-88.499,218.695,1.273,953749.35
2027-10-14 19:00:00,-73.862,345.859,0.912,953592.53
2027-10-14 20:00:00,-59.069,433.4,0.3644,953989.08
2027-10-14 21:00:00,-46.891,510.989,0.1474,953546.31
2027-10-14 22:00:00,-33.456,541.305,0.0,953007.63
2027-10-14 23:00:00,-33.292,551.778,0.0,952689.3
2027-10-15 00:00:00,-23.257,515.826,0.0,952033.84
2027-10-15 01:00:00,-24.211,460.951,0.0,951743.68
2027-10-15 02:00:00,-17.887,360.723,0.0,951219.19
2027-10-15 03:00:00,-29.252,244.704,0.0,951503.29
2027-10-15 04:00:00,-38.88,102.947,0.0,951323.79
2027-10-15 05:00:00,-45.461,0.0,0.0,950756.62
2027-10-15 06:00:00,-54.411,0.0,0.0,950261.64
2027-10-15 07:00:00,-65.996,1.327,0.3736,950371.56
2027-10-15 08:00:00,-72.975,9.051,0.5966,951107.38
2027-10-15 09:00:00,-80.015,2.062,1.0423,951743.53
2027-10-15 10:00:00,-91.527,0.0,1.2154,952509.87
2027-10-15 11:00:00,-103.097,0.0,1.6485,952143.94
2027-10-15 12:00:00,-104.393,0.0,1.5504,951257.81
2027-10-15 13:00:00,-112.218,10.133,1.9197,951025.81
2027-10-15 14:00:00,-118.756,6.168,2.0224,950830.2
2027-10-15 15:00:00,-114.118,1.3,1.8105,950292.64
2027-10-15 16:00:00,-111.459,0.549,1.8377,950239.39
2027-10-15 17:00:00,-106.302,1.497,1.6403,950298.33
2027-10-15 18:00:00,-92.191,132.811,1.2488,951471.34
2027-10-15 19:00:00,-85.372,260.794,0.9307,951482.74
2027-10-15 20:00:00,-61.148,374.203,0.5861,951756.13
2027-10-15 21:00:00,-50.584,474.728,0.1875,950947.08
2027-10-15 22:00:00,-46.214,530.51,0.0,950624.28
2027-10-15 23:00:00,-29.332,561.736,0.0,951421.38
2027-10-16 00:00:00,-22.497,555.85,0.0,951535.19
2027-10-16 01:00:00,-15.967,505.486,0.0,951854.06
2027-10-16 02:00:00,-14.745,427.46,0.0,951687.61
2027-10-16 03:00:00,-16.103,336.955,0.0,951763.33
2027-10-16 04:00:00,-28.853,196.534,0.0,951947.77
2027-10-16 05:00:00,-35.353,51.951,0.0,952089.48
2027-10-16 06:00:00,-47.169,0.0,0.0,952321.41
2027-10-16 07:00:00,-51.883,7.758,0.0951,951994.33
2027-10-16 08:00:00,-72.583,0.0,0.5606,950000.45
2027-10-16 09:00:00,-81.106,0.0,0.9749,949495.85
2027-10-16 10:00:00,-88.689,5.532,0.9835,949360.46
2027-10-16 11:00:00,-97.553,0.0,1.2205,949226.87
2027-10-16 12:00:00,-104.887,0.0,1.3852,949302.8
2027-10-16 13:00:00,-107.753,5.367,1.4633,950036.14
2027-10-16 14:00:00,-117.369,0.0,1.7527,950047.5
2027-10-16 15:00:00,-120.091,0.0,2.0569,949625.51
2027-10-16 16:00:00,-115.139,0.0,1.8456,949235.12
2027-10-16 17:00:00,-110.836,2.909,1.7901,948969.36
2027-10-16 18:00:00,-99.936,39.12,1.3933,948806.86
2027-10-16 19:00:00,-84.925,173.664,1.0541,948533.89
2027-10-16 20:00:00,-72.644,299.218,0.5339,949240.48
2027-10-16 21:00:00,-60.282,411.865,0.4226,949734.0
2027-10-16 22:00:00,-52.192,500.338,0.1009,950057.7
2027-10-16 23:00:00,-40.203,540.177,0.0,950068.17
2027-10-17 00:00:00,-29.165,555.498,0.0,949804.71
2027-10-17 01:00:00,-26.542,531.231,0.0,949731.26
2027-10-17 02:00:00,-23.296,479.028,0.0,949921.4
2027-10-17 03:00:00,-20.742,395.176,0.0,949625.81
2027-10-17 04:00:00,-29.87,291.261,0.0,949982.36
2027-10-17 05:00:00,-30.285,150.833,0.0,949713.58
2027-10-17 06:00:00,-44.929,8.847,0.0,949763.3
2027-10-17 07:00:00,-50.026,4.315,0.0214,950080.97
2027-10-17 08:00:00,-60.164,3.481,0.3312,949889.94
2027-10-17 09:00:00,-68.002,0.0,0.5889,949132.42
2027-10-17 10:00:00,-88.532,11.51,1.1089,948777.96
2027-10-17 11:00:00,-89.398,0.0,1.1507,949553.94
2027-10-17 12:00:00,-98.804,1.182,1.3366,949586.71
2027-10-17 13:00:00,-108.827,2.757,1.8614,949071.52
2027-10-17 14:00:00,-113.392,1.729,1.9411,949571.58
2027-10-17 15:00:00,-116.231,7.627,1.9568,949753.6
2027-10-17 16:00:00,-120.149,0.0,2.1131,949924.99
2027-10-17 17:00:00,-114.363,3.917,1.9007,949457.72
2027-10-17 18:00:00,-106.98,0.823,1.6352,949648.28
2027-10-17 19:00:00,-105.215,91.022,1.7439,949779.52
2027-10-17 20:00:00,-86.036,221.669,1.0674,949475.21
2027-10-17 21:00:00,-73.76,343.262,1.0386,948837.29
2027-10-17 22:00:00,-58.971,448.683,0.3947,949456.77
2027-10-17 23:00:00,-52.446,518.098,0.3749,950018.78
2027-10-18 00:00:00,-40.3,550.161,0.0905,950034.26
2027-10-18 01:00:00,-34.527,563.159,0.0,950097.51
2027-10-18 02:00:00,-29.915,526.331,0.0,950039.97
2027-10-18 03:00:00,-21.328,454.779,0.0,950059.64
2027-10-18 04:00:00,-27.549,355.889,0.0,949495.13
2027-10-18 05:00:00,-32.696,239.986,0.0,949456.24
2027-10-18 06:00:00,-35.529,106.006,0.0,949170.41
2027-10-18 07:00:00,-49.484,0.0,0.0652,948672.55
2027-10-18 08:00:00,-54.386,1.878,0.2662,948547.33
2027-10-18 09:00:00,-70.807,3.263,0.4493,948458.89
2027-10-18 10:00:00,-79.224,0.0,0.7665,948221.01
2027-10-18 11:00:00,-91.066,0.981,1.1201,948166.06
2027-10-18 12:00:00,-96.539,3.473,1.2161,949134.76
2027-10-18 13:00:00,-106.953,2.904,1.4955,949038.29
2027-10-18 14:00:00,-110.845,4.012,1.5954,948732.03
2027-10-18 15:00:00,-117.096,0.0,1.7353,948634.87
2027-10-18 16:00:00,-124.862,0.0,2.125,948508.62
2027-10-18 17:00:00,-118.571,0.0,1.873,948839.26
2027-10-18 18:00:00,-118.555,5.461,2.0594,949382.98
2027-10-18 19:00:00,-106.588,3.515,1.675,949946.56
2027-10-18 20:00:00,-94.875,139.754,1.3133,950263.69
2027-10-18 21:00:00,-81.97,263.216,1.1331,950311.49
2027-10-18 22:00:00,-70.422,386.578,0.6813,950738.69
2027-10-18 23:00:00,-61.98,466.075,0.4071,950366.9
2027-10-19 00:00:00,-44.44,529.702,0.0255,950355.08
2027-10-19 01:00:00,-33.752,560.661,0.0,950326.9
2027-10-19 02:00:00,-28.624,553.17,0.0,950181.88
2027-10-19 03:00:00,-24.426,512.563,0.0,949998.87
2027-10-19 04:00:00,-30.153,424.719,0.0,950444.02
2027-10-19 05:00:00,-27.004,315.827,0.0,950307.01
2027-10-19 06:00:00,-33.317,189.118,0.0,950515.93
2027-10-19 07:00:00,-45.661,51.287,0.0,950365.02
2027-10-19 08:00:00,-49.327,11.105,0.0,950025.95
2027-10-19 09:00:00,-62.085,3.784,0.1823,950408.07
2027-10-19 10:00:00,-70.328,5.563,0.4146,950166.43
2027-10-19 11:00:00,-81.024,0.0,0.7441,950369.86
2027-10-19 12:00:00,-92.063,0.0,1.1734,950247.11
2027-10-19 13:00:00,-106.387,3.496,1.6305,950331.64
2027-10-19 14:00:00,-111.496,0.0,1.694,950803.86
2027-10-19 15:00:00,-109.856,0.0,1.7536,950562.27
2027-10-19 16:00:00,-115.638,0.0,1.7714,950805.89
2027-10-19 17:00:00,-118.194,0.0,1.9195,950711.71
2027-10-19 18:00:00,-118.027,0.245,1.9407,950866.13
2027-10-19 19:00:00,-116.958,0.0,1.9584,949878.18
2027-10-19 20:00:00,-106.529,42.432,1.5804,949934.32
2027-10-19 21:00:00,-93.977,182.296,1.3327,950991.98
2027-10-19 22:00:00,-79.949,308.188,0.9302,950927.38
2027-10-19 23:00:00,-70.641,413.217,0.6711,951798.53
2027-10-20 00:00:00,-50.84,499.213,0.0329,951682.64
2027-10-20 01:00:00,-50.907,545.307,0.0,951327.56
2027-10-20 02:00:00,-30.866,561.838,0.0,952146.75
2027-10-20 03:00:00,-24.365,544.605,0.0,952811.83
2027-10-20 04:00:00,-18.172,475.543,0.0,952981.7
2027-10-20 05:00:00,-26.46,404.248,0.0,952394.09
2027-10-20 06:00:00,-31.57,279.176,0.0,951997.92
2027-10-20 07:00:00,-36.829,149.689,0.0,951724.76
2027-10-20 08:00:00,-45.875,2.405,0.0519,950401.19
2027-10-20 09:00:00,-55.846,5.711,0.0574,950744.48
2027-10-20 10:00:00,-69.539,0.0,0.4385,950741.8
2027-10-20 11:00:00,-74.724,0.0,0.7334,950600.22
2027-10-20 12:00:00,-86.773,0.0,0.9727,950676.85
2027-10-20 13:00:00,-99.605,0.0,1.3521,950201.63
2027-10-20 14:00:00,-110.403,2.092,1.8202,950326.26
2027-10-20 15:00:00,-104.824,0.864,1.3976,950733.98
2027-10-20 16:00:00,-114.633,0.0,1.7582,950161.19
2027-10-20 17:00:00,-117.613,0.0,1.9364,951139.11
2027-10-20 18:00:00,-119.658,0.0,1.875,951068.21
2027-10-20 19:00:00,-113.79,0.0,1.7211,951552.48
2027-10-20 20:00:00,-113.554,2.301,1.8639,952588.39
2027-10-20 21:00:00,-99.434,92.822,1.3728,952385.79
2027-10-20 22:00:00,-86.184,230.623,1.1213,953203.41
2027-10-20 23:00:00,-76.69,349.14,0.8079,952400.78
2027-10-21 00:00:00,-60.58,451.047,0.3982,951615.41
2027-10-21 01:00:00,-49.504,519.279,0.0859,952349.32
2027-10-21 02:00:00,-40.707,548.826,0.0,952502.18
2027-10-21 03:00:00,-31.763,557.876,0.0,951795.69
2027-10-21 04:00:00,-30.208,522.403,0.0,951596.17
2027-10-21 05:00:00,-20.958,450.548,0.0,950858.99
2027-10-21 06:00:00,-21.23,354.931,0.0,950653.73
2027-10-21 07:00:00,-33.387,237.351,0.0,951285.32
2027-10-21 08:00:00,-34.969,94.618,0.0,951227.94
2027-10-21 09:00:00,-47.424,0.0,0.0,951412.55
2027-10-21 10:00:00,-56.449,7.74,0.1242,950702.12
2027-10-21 11:00:00,-70.878,0.0,0.5145,949709.62
2027-10-21 12:00:00,-79.415,0.0,0.7046,950506.59
2027-10-21 13:00:00,-86.216,0.0,0.9731,950451.2
2027-10-21 14:00:00,-100.778,0.0,1.4449,950539.65
2027-10-21 15:00:00,-108.151,0.0,1.7266,950503.07
2027-10-21 16:00:00,-114.196,0.0,1.9279,951076.72
2027-10-21 17:00:00,-126.817,2.87,2.1229,950867.93
2027-10-21 18:00:00,-117.416,6.756,1.917,950676.24
2027-10-21 19:00:00,-115.477,4.208,1.7809,951159.45
2027-10-21 20:00:00,-112.886,5.123,1.8937,950800.13
2027-10-21 21:00:00,-104.595,0.0,1.6286,951883.58
2027-10-21 22:00:00,-97.428,136.3,1.5001,951752.89
2027-10-21 23:00:00,-78.149,273.191,0.8685,951350.89
2027-10-22 00:00:00,-73.257,391.078,0.6945,951116.81
2027-10-22 01:00:00,-58.388,486.4,0.3095,950886.68
2027-10-22 02:00:00,-47.295,543.059,0.0,949562.09
2027-10-22 03:00:00,-35.969,567.563,0.0,949528.78
2027-10-22 04:00:00,-30.187,565.257,0.0,949812.32
2027-10-22 05:00:00,-25.87,505.927,0.0,948837.21
2027-10-22 06:00:00,-27.327,424.711,0.0,949854.9
2027-10-22 07:00:00,-29.121,320.224,0.0,949719.21
2027-10-22 08:00:00,-41.111,187.307,0.0,949480.43
2027-10-22 09:00:00,-41.333,52.356,0.0,949825.67
2027-10-22 10:00:00,-55.968,0.0,0.0,949991.05
2027-10-22 11:00:00,-63.98,0.0,0.1498,950468.67
2027-10-22 12:00:00,-76.381,0.0,0.6556,950410.2
2027-10-22 13:00:00,-81.874,4.748,0.8094,950439.39
2027-10-22 14:00:00,-95.636,5.555,1.2848,950299.13
2027-10-22 15:00:00,-110.806,0.0,1.6071,950399.21
2027-10-22 16:00:00,-109.998,10.38,1.7442,949904.11
2027-10-22 17:00:00,-119.643,0.742,1.9446,950385.99
2027-10-22 18:00:00,-120.53,1.2,2.0512,950222.91
2027-10-22 19:00:00,-119.024,0.0,2.1172,950127.6
2027-10-22 20:00:00,-122.582,0.0,2.1613,949553.81
2027-10-22 21:00:00,-115.626,5.249,1.9539,949685.1
2027-10-22 22:00:00,-109.605,45.06,1.9517,950339.52
2027-10-22 23:00:00,-92.637,185.19,1.372,951395.05
2027-10-23 00:00:00,-82.503,314.322,1.088,951218.95
2027-10-23 01:00:00,-70.034,414.3,0.74,951782.24
2027-10-23 02:00:00,-60.931,502.158,0.5357,951805.51
2027-10-23 03:00:00,-43.755,558.361,0.1291,951482.6
2027-10-23 04:00:00,-34.334,569.837,0.0,952087.97
2027-10-23 05:00:00,-33.499,540.417,0.0,952736.75
2027-10-23 06:00:00,-27.456,490.559,0.0,952095.22
2027-10-23 07:00:00,-27.039,386.963,0.0,952426.06
2027-10-23 08:00:00,-26.458,273.51,0.0,952321.43
2027-10-23 09:00:00,-38.913,154.805,0.0,952116.5
2027-10-23 10:00:00,-49.436,6.082,0.0,951837.94
2027-10-23 11:00:00,-57.779,0.0,0.2763,952050.5
2027-10-23 12:00:00,-66.932,0.0,0.4688,952040.97
2027-10-23 13:00:00,-74.466,0.0,0.6846,952058.98
2027-10-23 14:00:00,-89.84,1.383,1.0893,951898.66
2027-10-23 15:00:00,-94.383,0.987,1.4225,951053.27
2027-10-23 16:00:00,-110.724,0.099,1.812,951691.36
2027-10-23 17:00:00,-110.663,0.0,1.9062,951858.36
2027-10-23 18:00:00,-114.898,1.324,1.9471,952244.84
2027-10-23 19:00:00,-117.658,0.0,2.0388,951984.77
2027-10-23 20:00:00,-119.561,0.0,2.1123,951713.33
2027-10-23 21:00:00,-116.54,6.334,1.9748,951740.42
2027-10-23 22:00:00,-112.692,10.849,2.0613,952014.35
2027-10-23 23:00:00,-104.745,102.658,1.7076,952108.46
2027-10-24 00:00:00,-88.164,233.812,1.2783,952157.51
2027-10-24 01:00:00,-75.424,351.981,1.0159,953027.17
2027-10-24 02:00:00,-60.127,452.906,0.6193,952118.55
2027-10-24 03:00:00,-51.258,525.98,0.2647,951798.77
2027-10-24 04:00:00,-40.635,558.721,0.0531,951294.84
2027-10-24 05:00:00,-32.279,568.076,0.0,951965.4
2027-10-24 06:00:00,-26.738,515.706,0.0,952082.06
2027-10-24 07:00:00,-23.674,454.844,0.0,952678.84
2027-10-24 08:00:00,-30.535,361.29,0.0,952298.31
2027-10-24 09:00:00,-30.809,230.935,0.0,952072.88
2027-10-24 10:00:00,-42.337,96.634,0.0,951572.0
2027-10-24 11:00:00,-48.438,2.968,0.0415,951010.7
2027-10-24 12:00:00,-54.852,7.591,0.1726,950424.68
2027-10-24 13:00:00,-75.738,0.0,0.6562,950417.96
2027-10-24 14:00:00,-76.336,0.0,0.7231,950104.98
2027-10-24 15:00:00,-90.776,0.0,1.0791,949715.46
2027-10-24 16:00:00,-102.739,0.0,1.3415,950465.6
2027-10-24 17:00:00,-109.841,0.0,1.7688,950088.75
2027-10-24 18:00:00,-118.532,0.0,1.8942,950238.06
2027-10-24 19:00:00,-116.947,6.167,1.8935,949133.49
2027-10-24 20:00:00,-122.99,0.0,2.2065,949368.07
2027-10-24 21:00:00,-115.033,0.157,1.8922,949216.27
2027-10-24 22:00:00,-112.078,0.0,1.8991,949045.72
2027-10-24 23:00:00,-107.542,3.168,1.7284,948751.43
2027-10-25 00:00:00,-102.13,150.528,1.6223,949217.16
2027-10-25 01:00:00,-87.523,270.458,1.1526,949764.47
2027-10-25 02:00:00,-69.935,399.535,0.8163,950188.8
2027-10-25 03:00:00,-56.883,483.52,0.5082,950277.54
2027-10-25 04:00:00,-43.254,541.477,0.0,950424.06
2027-10-25 05:00:00,-45.721,568.136,0.0756,951344.24
2027-10-25 06:00:00,-31.837,556.276,0.0,951063.87
2027-10-25 07:00:00,-23.213,515.999,0.0,951064.42
2027-10-25 08:00:00,-25.826,428.978,0.0,951435.25
2027-10-25 09:00:00,-28.776,321.201,0.0,950986.25
2027-10-25 10:00:00,-38.629,187.925,0.0,951109.19
2027-10-25 11:00:00,-39.579,53.476,0.0,950994.71
2027-10-25 12:00:00,-52.591,0.0,0.0627,951266.48
2027-10-25 13:00:00,-56.376,0.545,0.1071,951102.22
2027-10-25 14:00:00,-65.335,14.416,0.4426,950419.05
2027-10-25 15:00:00,-76.3,0.0,0.7132,950600.02
2027-10-25 16:00:00,-90.352,1.166,1.1035,950468.48
2027-10-25 17:00:00,-100.699,1.358,1.4128,951310.07
2027-10-25 18:00:00,-108.738,0.0,1.5311,951704.13
2027-10-25 19:00:00,-107.158,0.0,1.6427,952529.93
2027-10-25 20:00:00,-117.34,0.457,1.9022,953224.76
2027-10-25 21:00:00,-114.623,0.0,1.9241,953281.74
2027-10-25 22:00:00,-113.538,1.11,1.8321,953673.45
2027-10-25 23:00:00,-111.584,0.0,1.9947,954430.68
2027-10-26 00:00:00,-103.147,57.564,1.4596,954570.23
2027-10-26 01:00:00,-86.501,187.199,0.9533,954747.22
2027-10-26 02:00:00,-76.812,320.165,0.8755,955248.98
2027-10-26 03:00:00,-65.348,422.356,0.5927,954748.93
2027-10-26 04:00:00,-52.949,511.277,0.2952,954811.26
2027-10-26 05:00:00,-39.118,558.486,0.0,955759.74
2027-10-26 06:00:00,-32.928,569.301,0.0,954751.69
2027-10-26 07:00:00,-24.182,537.829,0.0,954869.86
2027-10-26 08:00:00,-15.983,479.899,0.0,953939.04
2027-10-26 09:00:00,-23.086,401.547,0.0,952520.25
2027-10-26 10:00:00,-23.669,273.356,0.0,952161.6
2027-10-26 11:00:00,-38.591,146.52,0.0,952885.15
2027-10-26 12:00:00,-44.116,0.0,0.0,953145.85
2027-10-26 13:00:00,-50.538,5.042,0.0,953788.91
2027-10-26 14:00:00,-60.092,0.0,0.0003,952872.5
2027-10-26 15:00:00,-71.208,0.0,0.4636,953653.0
2027-10-26 16:00:00,-85.145,0.0,0.6291,953332.15
2027-10-26 17:00:00,-92.379,0.0,1.0008,952378.7
2027-10-26 18:00:00,-107.209,2.023,1.4727,953048.58
2027-10-26 19:00:00,-106.997,0.347,1.3703,953002.58
2027-10-26 20:00:00,-120.25,0.0,1.8223,952593.52
2027-10-26 21:00:00,-115.581,0.0,1.6431,952063.08
2027-10-26 22:00:00,-115.549,0.0,1.7179,951718.39
2027-10-26 23:00:00,-112.103,3.218,1.6543,952233.29
2027-10-27 00:00:00,-103.542,4.135,1.4131,951130.93
2027-10-27 01:00:00,-97.81,38.813,1.169,950696.89
2027-10-27 02:00:00,-93.905,96.059,1.3065,950017.9
2027-10-27 03:00:00,-76.472,153.123,0.8162,950402.68
2027-10-27 04:00:00,-72.613,183.921,0.6382,950391.83
2027-10-27 05:00:00,-56.613,208.412,0.1723,951247.94
2027-10-27 06:00:00,-47.549,230.694,0.0055,951238.2
2027-10-27 07:00:00,-36.629,222.092,0.0,951433.35
2027-10-27 08:00:00,-35.747,211.952,0.0,950906.42
2027-10-27 09:00:00,-33.317,181.503,0.0,950484.62
2027-10-27 10:00:00,-29.999,140.564,0.0,950542.28
2027-10-27 11:00:00,-31.055,93.089,0.0,950465.35
2027-10-27 12:00:00,-41.041,43.006,0.0,950368.97
2027-10-27 13:00:00,-42.393,5.528,0.0,950138.83
2027-10-27 14:00:00,-59.587,4.631,0.0994,949355.59
2027-10-27 15:00:00,-66.673,1.682,0.3056,948699.34
2027-10-27 16:00:00,-78.242,0.0,0.632,948914.21
2027-10-27 17:00:00,-91.2,0.0,1.0524,949762.55
2027-10-27 18:00:00,-95.627,1.838,1.1526,949171.38
2027-10-27 19:00:00,-110.123,0.0,1.5441,950028.0
2027-10-27 20:00:00,-119.956,0.0,1.6551,950849.35
2027-10-27 21:00:00,-117.781,0.0,1.8502,950331.8
2027-10-27 22:00:00,-119.915,1.323,1.927,950220.43
2027-10-27 23:00:00,-115.038,0.0,1.7814,949476.33
2027-10-28 00:00:00,-117.707,7.678,2.0,948678.63
2027-10-28 01:00:00,-106.228,3.642,1.4217,948378.5
2027-10-28 02:00:00,-95.161,143.568,1.2084,949070.82
2027-10-28 03:00:00,-81.653,285.899,0.9863,949393.82
2027-10-28 04:00:00,-65.962,402.95,0.5041,949979.34
2027-10-28 05:00:00,-56.153,488.345,0.0654,950537.77
2027-10-28 06:00:00,-44.765,541.207,0.002,950592.55
2027-10-28 07:00:00,-33.474,566.443,0.0,950262.3
2027-10-28 08:00:00,-28.522,549.319,0.0,949995.46
2027-10-28 09:00:00,-28.101,507.758,0.0,949012.48
2027-10-28 10:00:00,-25.336,421.329,0.0,950126.74
2027-10-28 11:00:00,-27.851,315.984,0.0,949498.58
2027-10-28 12:00:00,-34.802,189.458,0.0,949951.99
2027-10-28 13:00:00,-42.741,36.593,0.0,949696.67
2027-10-28 14:00:00,-50.008,0.0,0.0435,949822.64
2027-10-28 15:00:00,-60.608,0.0,0.1358,949778.36
2027-10-28 16:00:00,-67.357,0.0,0.4969,950032.92
2027-10-28 17:00:00,-78.511,0.0,0.6386,950262.61
2027-10-28 18:00:00,-99.388,0.0,1.5148,948682.67
2027-10-28 19:00:00,-106.264,0.0,1.4894,947774.48
2027-10-28 20:00:00,-116.601,0.0,1.8964,948539.66
2027-10-28 21:00:00,-115.274,0.0,1.8719,948466.58
2027-10-28 22:00:00,-118.996,0.0,2.0019,947852.77
2027-10-28 23:00:00,-118.497,0.0,1.9728,947505.85
2027-10-29 00:00:00,-113.698,0.559,1.8081,947854.76
2027-10-29 01:00:00,-111.785,2.094,1.9849,947821.56
2027-10-29 02:00:00,-105.307,54.133,1.645,947499.24
2027-10-29 03:00:00,-90.832,189.13,1.3454,947291.28
2027-10-29 04:00:00,-78.714,313.595,0.9729,947754.45
2027-10-29 05:00:00,-67.669,436.267,0.7578,947840.0
2027-10-29 06:00:00,-48.557,512.525,0.3223,948132.58
2027-10-29 07:00:00,-39.843,553.552,0.0,947415.12
2027-10-29 08:00:00,-27.605,571.395,0.0,947007.38
2027-10-29 09:00:00,-29.707,550.221,0.0,947845.31
2027-10-29 10:00:00,-28.526,493.213,0.0,948072.13
2027-10-29 11:00:00,-27.689,394.206,0.0,947779.11
2027-10-29 12:00:00,-27.434,281.25,0.0,948456.96
2027-10-29 13:00:00,-33.121,135.066,0.0,948071.7
2027-10-29 14:00:00,-44.548,0.0,0.0,947406.94
2027-10-29 15:00:00,-53.513,0.0,0.211,948068.48
2027-10-29 16:00:00,-61.161,1.713,0.3047,948139.96
2027-10-29 17:00:00,-75.006,8.056,0.7582,948003.74
2027-10-29 18:00:00,-80.833,1.249,0.9505,947519.69
2027-10-29 19:00:00,-88.126,0.0,1.1192,948176.31
2027-10-29 20:00:00,-106.361,0.0,1.6399,948707.7
2027-10-29 21:00:00,-110.472,8.229,1.7172,948501.95
2027-10-29 22:00:00,-118.34,2.569,2.0608,948861.46
2027-10-29 23:00:00,-119.925,2.24,1.9856,948170.69
2027-10-30 00:00:00,-115.622,0.0,1.8538,947200.86
2027-10-30 01:00:00,-118.374,1.339,2.0062,947444.49
2027-10-30 02:00:00,-110.149,0.0,1.7633,948850.19
2027-10-30 03:00:00,-94.642,101.843,1.4457,947733.87
2027-10-30 04:00:00,-84.541,232.624,1.0474,947866.32
2027-10-30 05:00:00,-69.317,359.912,0.659,947733.73
2027-10-30 06:00:00,-62.802,458.363,0.3526,947534.98
2027-10-30 07:00:00,-46.956,515.368,0.0,947652.44
2027-10-30 08:00:00,-30.809,565.677,0.0,947539.56
2027-10-30 09:00:00,-31.019,562.036,0.0,947840.97
2027-10-30 10:00:00,-26.022,528.015,0.0,948612.95
2027-10-30 11:00:00,-21.629,457.442,0.0,949495.9
2027-10-30 12:00:00,-28.255,365.09,0.0,949976.27
2027-10-30 13:00:00,-28.623,233.573,0.0,949298.41
2027-10-30 14:00:00,-44.78,94.517,0.0,949507.12
2027-10-30 15:00:00,-55.942,2.478,0.0416,949024.99
2027-10-30 16:00:00,-56.646,4.359,0.1109,948774.84
2027-10-30 17:00:00,-70.895,2.271,0.4787,948723.11
2027-10-30 18:00:00,-79.837,1.409,0.8727,948859.92
2027-10-30 19:00:00,-86.046,3.556,0.9724,948060.05
2027-10-30 20:00:00,-96.883,0.0,1.2395,947869.98
2027-10-30 21:00:00,-110.782,10.445,1.7321,947896.88
2027-10-30 22:00:00,-111.865,7.949,1.8872,948381.05
2027-10-30 23:00:00,-118.226,1.086,1.8629,948693.29
2027-10-31 00:00:00,-117.058,0.0,1.9481,948138.59
2027-10-31 01:00:00,-116.972,6.052,1.9729,948239.69
2027-10-31 02:00:00,-117.721,0.0,2.0905,949031.7
2027-10-31 03:00:00,-108.823,7.055,1.8311,949492.59
2027-10-31 04:00:00,-102.218,142.096,1.5622,949738.26
2027-10-31 05:00:00,-81.2,294.197,0.9847,949392.74
2027-10-31 06:00:00,-67.106,392.149,0.5792,949156.52
2027-10-31 07:00:00,-57.337,490.227,0.3816,948977.9
2027-10-31 08:00:00,-44.138,538.172,0.0,949307.59
2027-10-31 09:00:00,-36.888,572.048,0.0,948889.68
2027-10-31 10:00:00,-23.401,556.649,0.0,949087.01
2027-10-31 11:00:00,-27.629,514.898,0.0,949203.12
2027-10-31 12:00:00,-24.718,424.633,0.0,948407.5
2027-10-31 13:00:00,-29.893,322.431,0.0,947299.77
2027-10-31 14:00:00,-31.413,181.126,0.0,948024.56
2027-10-31 15:00:00,-38.042,42.301,0.0,947551.86
2027-10-31 16:00:00,-56.306,0.0,0.0997,947319.09
2027-10-31 17:00:00,-58.18,2.478,0.2522,947380.39
2027-10-31 18:00:00,-65.79,1.842,0.3658,947438.55
2027-10-31 19:00:00,-80.978,3.611,0.8588,947401.18
2027-10-31 20:00:00,-93.914,1.334,1.1806,947047.72
2027-10-31 21:00:00,-101.387,3.307,1.4911,946585.43
2027-10-31 22:00:00,-110.509,0.0,1.7381,947237.05
2027-10-31 23:00:00,-108.911,1.944,1.7198,946742.0
2027-11-01 00:00:00,-115.205,8.041,1.8609,946803.33
2027-11-01 01:00:00,-115.731,0.0,1.8517,946565.16
2027-11-01 02:00:00,-109.994,2.445,1.9875,946671.13
2027-11-01 03:00:00,-107.033,3.384,1.7053,947193.44
2027-11-01 04:00:00,-102.697,61.333,1.6252,947688.51
2027-11-01 05:00:00,-90.258,199.796,1.2595,948381.92
2027-11-01 06:00:00,-69.876,326.158,0.8109,948721.93
2027-11-01 07:00:00,-66.296,436.287,0.6011,949823.77
2027-11-01 08:00:00,-52.456,510.922,0.1386,950261.32
2027-11-01 09:00:00,-43.576,559.899,0.0,950088.83
2027-11-01 10:00:00,-37.426,566.128,0.0,949900.24
2027-11-01 11:00:00,-28.486,554.222,0.0,951047.92
2027-11-01 12:00:00,-25.785,487.706,0.0,951512.85
2027-11-01 13:00:00,-26.024,388.186,0.0,951804.03
2027-11-01 14:00:00,-26.593,276.059,0.0,951588.38
2027-11-01 15:00:00,-35.429,144.679,0.0,951596.49
2027-11-01 16:00:00,-42.824,4.964,0.0,951516.85
2027-11-01 17:00:00,-54.089,0.0,0.0,951285.22
2027-11-01 18:00:00,-63.784,0.0,0.2198,951088.23
2027-11-01 19:00:00,-75.492,1.977,0.5067,951127.45
2027-11-01 20:00:00,-79.595,0.0,0.7729,951503.34
2027-11-01 21:00:00,-97.333,3.112,1.2552,950991.47
2027-11-01 22:00:00,-102.793,4.751,1.5044,950856.31
2027-11-01 23:00:00,-116.139,5.568,1.827,951468.29
2027-11-02 00:00:00,-118.208,8.724,1.9415,951863.02
2027-11-02 01:00:00,-114.074,6.182,1.8545,951496.22
2027-11-02 02:00:00,-117.884,8.748,1.9894,951957.6
2027-11-02 03:00:00,-120.989,6.895,2.0476,952413.17
2027-11-02 04:00:00,-113.801,7.331,1.8929,952246.56
2027-11-02 05:00:00,-95.736,103.23,1.4131,952523.15
2027-11-02 06:00:00,-87.168,236.063,1.2547,951702.01
2027-11-02 07:00:00,-74.503,378.355,1.0051,951671.57
2027-11-02 08:00:00,-62.993,466.08,0.4019,951312.81
2027-11-02 09:00:00,-48.923,541.666,0.1197,951810.18
2027-11-02 10:00:00,-33.826,567.958,0.0,952512.96
2027-11-02 11:00:00,-32.325,573.867,0.0,952297.28
2027-11-02 12:00:00,-27.975,518.414,0.0,951701.6
2027-11-02 13:00:00,-22.624,455.907,0.0,951906.2
2027-11-02 14:00:00,-29.317,355.204,0.0,952036.94
2027-11-02 15:00:00,-34.222,232.763,0.0,951912.2
2027-11-02 16:00:00,-39.743,95.666,0.0,951235.84
2027-11-02 17:00:00,-49.665,0.0,0.0,951660.1
2027-11-02 18:00:00,-60.981,3.3,0.1391,951712.19
2027-11-02 19:00:00,-67.206,6.133,0.4083,951235.09
2027-11-02 20:00:00,-78.387,11.73,0.5942,950975.31
2027-11-02 21:00:00,-95.649,3.533,1.1157,950319.76
2027-11-02 22:00:00,-96.646,0.0,1.3999,950526.23
2027-11-02 23:00:00,-109.243,0.0,1.5678,951008.54
2027-11-03 00:00:00,-111.775,9.146,1.8056,950100.03
2027-11-03 01:00:00,-112.447,3.687,1.7331,950714.9
2027-11-03 02:00:00,-120.526,0.0,2.0838,949651.36
2027-11-03 03:00:00,-120.49,0.0,2.0182,949811.74
2027-11-03 04:00:00,-110.866,0.0,1.8549,950057.33
2027-11-03 05:00:00,-111.284,10.629,1.7677,949180.28
2027-11-03 06:00:00,-91.023,154.005,1.2418,949349.85
2027-11-03 07:00:00,-84.958,277.458,1.0893,949062.78
2027-11-03 08:00:00,-72.226,406.78,0.7575,948571.41
2027-11-03 09:00:00,-51.237,486.155,0.2112,947619.65
2027-11-03 10:00:00,-45.618,559.26,0.0,947787.72
2027-11-03 11:00:00,-32.332,576.356,0.0,947199.93
2027-11-03 12:00:00,-30.62,558.673,0.0,947031.37
2027-11-03 13:00:00,-27.382,515.389,0.0,947123.21
2027-11-03 14:00:00,-35.535,428.686,0.0,946651.19
2027-11-03 15:00:00,-26.805,322.443,0.0,946297.31
2027-11-03 16:00:00,-35.306,184.711,0.0,946879.2
2027-11-03 17:00:00,-46.547,41.574,0.0,947100.99
2027-11-03 18:00:00,-53.448,0.0,0.0508,947387.53
2027-11-03 19:00:00,-63.695,1.315,0.4971,946453.7
2027-11-03 20:00:00,-76.894,8.49,0.7741,946145.88
2027-11-03 21:00:00,-84.172,0.0,0.9928,946211.5
2027-11-03 22:00:00,-96.174,3.24,1.2247,946858.9
2027-11-03 23:00:00,-102.684,0.0,1.5135,947999.54
2027-11-04 00:00:00,-113.084,0.0,1.791,948217.63
2027-11-04 01:00:00,-118.94,1.037,1.8674,947659.49
2027-11-04 02:00:00,-122.444,1.852,2.021,947631.22
2027-11-04 03:00:00,-123.448,0.0,2.1927,948065.13
2027-11-04 04:00:00,-119.768,0.0,1.9725,948649.45
2027-11-04 05:00:00,-112.163,1.522,1.8132,948482.88
2027-11-04 06:00:00,-107.221,58.693,1.5454,948506.48
2027-11-04 07:00:00,-95.981,195.618,1.1359,949170.22
2027-11-04 08:00:00,-76.433,323.096,0.7583,948839.92
2027-11-04 09:00:00,-66.253,437.12,0.4208,948199.72
2027-11-04 10:00:00,-50.868,521.872,0.0504,948119.35
2027-11-04 11:00:00,-42.989,567.438,0.0,948095.87
2027-11-04 12:00:00,-35.866,571.197,0.0,948474.11
2027-11-04 13:00:00,-33.81,549.364,0.0,947358.2
2027-11-04 14:00:00,-29.12,490.759,0.0,946595.8
2027-11-04 15:00:00,-29.45,386.691,0.0,946512.59
2027-11-04 16:00:00,-29.478,273.739,0.0,946596.69
2027-11-04 17:00:00,-38.142,143.317,0.0,946292.8
2027-11-04 18:00:00,-50.818,0.0,0.0,946760.15
2027-11-04 19:00:00,-64.171,5.778,0.2044,946568.59
2027-11-04 20:00:00,-63.82,8.096,0.4202,947345.04
2027-11-04 21:00:00,-72.837,0.0,0.6322,947368.13
2027-11-04 22:00:00,-83.185,0.0,0.816,947113.09
2027-11-04 23:00:00,-99.283,5.165,1.3174,946540.99
2027-11-05 00:00:00,-102.5,0.0,1.4292,946023.09
2027-11-05 01:00:00,-110.84,0.0,1.6357,947166.17
2027-11-05 02:00:00,-115.213,0.0,1.7526,948149.8
2027-11-05 03:00:00,-121.367,2.352,1.9478,948309.69
2027-11-05 04:00:00,-119.797,3.7,2.074,948407.89
2027-11-05 05:00:00,-110.54,0.0,1.6771,949249.47
2027-11-05 06:00:00,-105.803,0.0,1.5589,949330.72
2027-11-05 07:00:00,-100.818,111.877,1.3589,949866.7
2027-11-05 08:00:00,-86.978,246.248,1.1274,949531.7
2027-11-05 09:00:00,-80.956,362.558,0.8776,949958.89
2027-11-05 10:00:00,-57.344,476.155,0.5398,950522.47
2027-11-05 11:00:00,-46.367,538.328,0.0,950053.22
2027-11-05 12:00:00,-37.629,579.464,0.0,950729.09
2027-11-05 13:00:00,-33.625,564.578,0.0,951300.17
2027-11-05 14:00:00,-26.326,531.59,0.0,951099.95
2027-11-05 15:00:00,-20.752,461.011,0.0,951985.02
2027-11-05 16:00:00,-26.102,354.679,0.0,953025.35
2027-11-05 17:00:00,-25.019,222.905,0.0,953210.0
2027-11-05 18:00:00,-39.066,75.799,0.0,953558.07
2027-11-05 19:00:00,-53.315,7.616,0.1449,952279.59
2027-11-05 20:00:00,-60.719,1.24,0.195,952246.54
2027-11-05 21:00:00,-71.295,5.834,0.4646,951263.12
2027-11-05 22:00:00,-77.195,4.643,0.8406,951351.82
2027-11-05 23:00:00,-86.484,2.984,1.0654,950891.78
2027-11-06 00:00:00,-94.338,0.0,1.3807,950944.1
2027-11-06 01:00:00,-109.052,2.449,1.5856,950221.58
2027-11-06 02:00:00,-112.869,7.163,1.8787,949782.2
2027-11-06 03:00:00,-114.663,0.415,1.7978,950386.39
2027-11-06 04:00:00,-114.638,9.509,1.9853,950311.58
2027-11-06 05:00:00,-121.621,0.0,2.218,950074.16
2027-11-06 06:00:00,-111.974,0.0,1.7668,949481.3
2027-11-06 07:00:00,-110.264,15.53,1.6231,949993.51
2027-11-06 08:00:00,-97.389,151.897,1.4296,949953.93
2027-11-06 09:00:00,-86.217,301.556,1.1738,950019.31
2027-11-06 10:00:00,-70.982,414.58,0.7214,949131.29
2027-11-06 11:00:00,-60.465,506.061,0.5344,949559.25
2027-11-06 12:00:00,-48.071,560.622,0.0229,949084.53
2027-11-06 13:00:00,-38.122,573.761,0.0,948548.57
2027-11-06 14:00:00,-28.451,554.895,0.0,947719.07
2027-11-06 15:00:00,-25.284,519.121,0.0,949587.52
2027-11-06 16:00:00,-30.602,419.554,0.0,949250.24
2027-11-06 17:00:00,-20.924,322.794,0.0,949994.79
2027-11-06 18:00:00,-37.351,185.687,0.0,950061.67
2027-11-06 19:00:00,-49.11,37.635,0.0,950343.03
2027-11-06 20:00:00,-51.444,2.21,0.0,950268.88
2027-11-06 21:00:00,-62.948,2.326,0.4327,949984.86
2027-11-06 22:00:00,-75.5,0.0,0.6125,949330.61
2027-11-06 23:00:00,-82.76,7.128,1.1217,949766.88
2027-11-07 00:00:00,-96.693,6.957,1.2952,949816.1
2027-11-07 01:00:00,-105.396,0.778,1.6157,949873.98
2027-11-07 02:00:00,-107.535,0.0,1.6185,950051.48
2027-11-07 03:00:00,-116.845,6.53,1.9076,950620.89
2027-11-07 04:00:00,-118.658,0.0,1.9233,950724.87
2027-11-07 05:00:00,-122.184,2.219,1.9116,950895.42
2027-11-07 06:00:00,-117.743,3.698,2.0891,951374.24
2027-11-07 07:00:00,-115.657,0.0,1.7788,952246.32
2027-11-07 08:00:00,-107.113,65.595,1.7525,952220.8
2027-11-07 09:00:00,-93.893,203.854,1.4191,950796.82
2027-11-07 10:00:00,-80.842,331.364,0.8911,950877.81
2027-11-07 11:00:00,-61.599,447.46,0.3378,951612.49
2027-11-07 12:00:00,-50.173,517.198,0.012,952124.91
2027-11-07 13:00:00,-47.902,573.218,0.0,952829.29
2027-11-07 14:00:00,-27.978,568.477,0.0,952826.69
2027-11-07 15:00:00,-25.527,551.986,0.0,953854.15
2027-11-07 16:00:00,-21.377,487.389,0.0,954612.01
2027-11-07 17:00:00,-26.527,389.617,0.0,954707.92
2027-11-07 18:00:00,-35.046,274.061,0.0,954583.01
2027-11-07 19:00:00,-41.996,133.925,0.0,954375.15
2027-11-07 20:00:00,-42.816,5.273,0.0,954590.55
2027-11-07 21:00:00,-61.73,2.801,0.2583,953400.4
2027-11-07 22:00:00,-70.916,2.263,0.3934,953334.62
2027-11-07 23:00:00,-78.608,1.459,0.6771,951698.44
2027-11-08 00:00:00,-92.118,0.0,1.0055,950911.88
2027-11-08 01:00:00,-97.315,0.0,1.232,950542.43
2027-11-08 02:00:00,-106.114,1.241,1.4498,950908.24
2027-11-08 03:00:00,-113.683,0.0,1.8573,950315.57
2027-11-08 04:00:00,-121.826,5.557,2.0117,950604.3
2027-11-08 05:00:00,-121.856,0.467,1.9837,950215.37
2027-11-08 06:00:00,-116.704,1.88,1.9522,951130.83
2027-11-08 07:00:00,-122.873,0.0,2.1279,951378.04
2027-11-08 08:00:00,-109.676,4.716,1.7682,951290.87
2027-11-08 09:00:00,-100.286,107.674,1.4418,951560.46
2027-11-08 10:00:00,-90.245,245.398,1.2854,952066.47
2027-11-08 11:00:00,-76.141,382.71,0.9369,951724.8
2027-11-08 12:00:00,-62.059,477.671,0.5691,951708.06
2027-11-08 13:00:00,-54.02,548.165,0.385,950511.77
2027-11-08 14:00:00,-45.964,579.576,0.1239,950412.46
2027-11-08 15:00:00,-30.707,573.588,0.0,950190.52
2027-11-08 16:00:00,-33.212,532.335,0.0,950375.06
2027-11-08 17:00:00,-31.122,462.837,0.0,951538.24
2027-11-08 18:00:00,-31.223,360.166,0.0,950997.99
2027-11-08 19:00:00,-34.447,226.818,0.0,950673.04
2027-11-08 20:00:00,-44.806,95.49,0.0,950622.66
2027-11-08 21:00:00,-55.099,0.0,0.0958,950913.48
2027-11-08 22:00:00,-58.649,0.0,0.3021,950349.9
2027-11-08 23:00:00,-72.872,0.0,0.6366,949990.62
2027-11-09 00:00:00,-84.89,0.0,0.9928,950281.29
2027-11-09 01:00:00,-91.763,0.0,1.0399,948938.81
2027-11-09 02:00:00,-102.419,0.0,1.521,949285.73
2027-11-09 03:00:00,-110.232,3.413,1.712,949408.82
2027-11-09 04:00:00,-114.515,0.0,1.773,950459.36
2027-11-09 05:00:00,-120.025,4.217,1.9942,949920.3
2027-11-09 06:00:00,-118.215,0.224,1.8965,949956.46
2027-11-09 07:00:00,-123.811,0.068,2.1138,949854.66
2027-11-09 08:00:00,-111.315,0.0,1.7348,950499.08
2027-11-09 09:00:00,-110.967,20.852,1.7184,951339.04
2027-11-09 10:00:00,-100.349,152.117,1.4193,950744.14
2027-11-09 11:00:00,-84.986,297.019,1.0211,950787.7
2027-11-09 12:00:00,-69.514,411.278,0.5475,950469.52
2027-11-09 13:00:00,-57.336,506.169,0.1588,950168.55
2027-11-09 14:00:00,-47.077,559.809,0.2201,950822.73
2027-11-09 15:00:00,-31.043,581.46,0.0,951097.38
2027-11-09 16:00:00,-30.526,564.046,0.0,950752.39
2027-11-09 17:00:00,-31.245,519.797,0.0,949948.91
2027-11-09 18:00:00,-26.201,427.17,0.0,950012.44
2027-11-09 19:00:00,-22.258,323.738,0.0,949725.11
2027-11-09 20:00:00,-38.428,181.698,0.0,948670.08
2027-11-09 21:00:00,-47.033,35.229,0.0,947571.46
2027-11-09 22:00:00,-53.389,0.0,0.0,947889.42
2027-11-09 23:00:00,-57.065,2.821,0.0,947826.95
2027-11-10 00:00:00,-74.193,0.0,0.3637,948570.34
2027-11-10 01:00:00,-86.612,0.729,0.8272,948751.14
2027-11-10 02:00:00,-92.956,0.041,1.0008,948434.64
2027-11-10 03:00:00,-101.745,1.626,1.3332,947817.79
2027-11-10 04:00:00,-108.766,1.75,1.5072,948218.75
2027-11-10 05:00:00,-119.144,2.01,1.7416,946524.88
2027-11-10 06:00:00,-121.023,0.475,1.9844,946882.36
2027-11-10 07:00:00,-115.845,7.845,1.7949,946702.56
2027-11-10 08:00:00,-115.834,2.113,1.8535,947429.44
2027-11-10 09:00:00,-108.904,13.03,1.6994,947782.82
2027-11-10 10:00:00,-103.121,64.371,1.2764,948231.91
2027-11-10 11:00:00,-86.663,212.731,0.9804,947980.49
2027-11-10 12:00:00,-76.287,334.714,0.7814,948092.72
2027-11-10 13:00:00,-65.728,453.925,0.2816,948263.96
2027-11-10 14:00:00,-49.411,523.131,0.0,947736.96
2027-11-10 15:00:00,-43.496,574.666,0.0,947731.36
2027-11-10 16:00:00,-28.008,579.844,0.0,947975.07
2027-11-10 17:00:00,-24.388,554.678,0.0,947768.62
2027-11-10 18:00:00,-26.54,486.819,0.0,948279.65
2027-11-10 19:00:00,-27.264,388.101,0.0,947639.41
2027-11-10 20:00:00,-30.804,269.414,0.0,947111.17
2027-11-10 21:00:00,-39.464,139.702,0.0,946709.66
2027-11-10 22:00:00,-44.617,2.336,0.0,946972.39
2027-11-10 23:00:00,-58.241,0.0,0.0,946191.66
2027-11-11 00:00:00,-70.827,5.477,0.1077,945443.58
2027-11-11 01:00:00,-77.426,0.0,0.4343,946056.98
2027-11-11 02:00:00,-85.271,3.717,0.5648,946540.41
2027-11-11 03:00:00,-94.308,2.766,1.0368,946667.92
2027-11-11 04:00:00,-105.689,3.082,1.2575,946765.15
2027-11-11 05:00:00,-114.974,9.266,1.4947,946917.95
2027-11-11 06:00:00,-117.361,0.0,1.6336,946834.1
2027-11-11 07:00:00,-121.118,3.054,1.7478,946960.01
2027-11-11 08:00:00,-125.572,6.298,1.9004,946772.31
2027-11-11 09:00:00,-118.073,0.0,1.9335,946480.39
2027-11-11 10:00:00,-108.547,0.0,1.5258,946909.02
2027-11-11 11:00:00,-100.648,112.761,1.2759,947155.25
2027-11-11 12:00:00,-87.921,256.324,0.9871,947447.68
2027-11-11 13:00:00,-70.544,371.724,0.4904,947255.77
2027-11-11 14:00:00,-63.623,481.166,0.3963,947007.34
2027-11-11 15:00:00,-51.125,540.121,0.0,948026.48
2027-11-11 16:00:00,-37.397,587.061,0.0,947830.67
2027-11-11 17:00:00,-33.465,579.106,0.0,947760.1
2027-11-11 18:00:00,-29.303,544.816,0.0,947908.52
2027-11-11 19:00:00,-22.039,462.738,0.0,947896.33
2027-11-11 20:00:00,-32.012,352.338,0.0,948155.93
2027-11-11 21:00:00,-36.587,221.471,0.0,948262.92
2027-11-11 22:00:00,-41.23,83.684,0.0,948234.65
2027-11-11 23:00:00,-51.606,0.0,0.0311,948886.24
2027-11-12 00:00:00,-64.487,5.931,0.2609,948447.04
2027-11-12 01:00:00,-64.761,0.0,0.267,948184.89
2027-11-12 02:00:00,-83.108,10.105,0.7841,948005.51
2027-11-12 03:00:00,-92.416,6.374,0.8687,947145.29
2027-11-12 04:00:00,-100.028,0.0,1.2077,946854.02
2027-11-12 05:00:00,-102.745,8.989,1.2482,946504.02
2027-11-12 06:00:00,-116.814,0.0,1.9679,947397.24
2027-11-12 07:00:00,-121.75,1.028,1.9074,947625.69
2027-11-12 08:00:00,-118.643,0.0,1.9147,947747.21
2027-11-12 09:00:00,-111.977,9.233,1.6223,947732.75
2027-11-12 10:00:00,-113.424,0.0,1.6961,947901.0
2027-11-12 11:00:00,-107.853,9.718,1.5358,947905.91
2027-11-12 12:00:00,-93.461,160.412,1.2484,948308.36
2027-11-12 13:00:00,-87.914,306.32,1.0601,947879.45
2027-11-12 14:00:00,-68.808,421.27,0.5098,948040.05
2027-11-12 15:00:00,-60.26,507.015,0.1485,948038.52
2027-11-12 16:00:00,-44.53,568.719,0.0425,947065.7
2027-11-12 17:00:00,-36.094,583.879,0.0,946908.73
2027-11-12 18:00:00,-35.197,569.662,0.0,947549.31
2027-11-12 19:00:00,-23.54,522.251,0.0,947530.92
2027-11-12 20:00:00,-22.444,426.003,0.0,947511.93
2027-11-12 21:00:00,-28.677,309.047,0.0,947750.77
2027-11-12 22:00:00,-39.593,180.653,0.0,948644.75
2027-11-12 23:00:00,-40.412,35.893,0.0,948542.13
2027-11-13 00:00:00,-47.511,0.552,0.0,948596.57
2027-11-13 01:00:00,-61.243,5.017,0.1571,948470.28
2027-11-13 02:00:00,-73.8,0.0,0.5488,947907.75
2027-11-13 03:00:00,-83.759,0.638,0.8299,947085.21
2027-11-13 04:00:00,-92.14,1.873,1.0529,947158.82
2027-11-13 05:00:00,-102.459,1.437,1.5222,947280.05
2027-11-13 06:00:00,-108.864,8.066,1.5056,947861.11
2027-11-13 07:00:00,-114.399,1.848,1.743,947965.83
2027-11-13 08:00:00,-120.041,0.0,1.8584,948170.51
2027-11-13 09:00:00,-120.551,2.64,1.9785,948207.76
2027-11-13 10:00:00,-117.309,5.044,1.8366,947668.91
2027-11-13 11:00:00,-110.176,3.871,1.6738,947631.27
2027-11-13 12:00:00,-107.411,71.142,1.6001,948177.4
2027-11-13 13:00:00,-91.216,204.423,1.0743,947702.47
2027-11-13 14:00:00,-77.62,330.152,0.7714,947291.57
2027-11-13 15:00:00,-65.601,457.586,0.2466,947444.45
2027-11-13 16:00:00,-46.812,532.877,0.0,948878.76
2027-11-13 17:00:00,-36.516,575.79,0.0,949055.46
2027-11-13 18:00:00,-30.591,587.402,0.0,949513.17
2027-11-13 19:00:00,-20.213,563.894,0.0,949081.91
2027-11-13 20:00:00,-21.144,495.857,0.0,948538.46
2027-11-13 21:00:00,-24.532,396.559,0.0,949073.51
2027-11-13 22:00:00,-31.69,264.963,0.0,948492.45
2027-11-13 23:00:00,-38.86,125.848,0.0,949017.34
2027-11-14 00:00:00,-46.618,0.0,0.0,949317.23
2027-11-14 01:00:00,-57.085,3.168,0.1663,948583.16
2027-11-14 02:00:00,-69.606,5.543,0.5198,949108.74
2027-11-14 03:00:00,-76.73,5.951,0.5438,949694.57
2027-11-14 04:00:00,-83.969,3.377,0.8815,949782.78
2027-11-14 05:00:00,-104.838,0.0,1.4402,948888.01
2027-11-14 06:00:00,-101.457,0.0,1.4269,947416.15
2027-11-14 07:00:00,-110.514,0.0,1.6424,948174.14
2027-11-14 08:00:00,-117.034,0.0,1.8346,948845.14
2027-11-14 09:00:00,-116.976,0.0,1.9333,949282.57
2027-11-14 10:00:00,-114.124,8.78,1.7928,947685.36
2027-11-14 11:00:00,-114.037,0.0,1.8859,947855.06
2027-11-14 12:00:00,-105.912,0.0,1.5485,948126.42
2027-11-14 13:00:00,-95.842,108.162,1.5851,948429.54
2027-11-14 14:00:00,-84.484,260.296,1.0756,948863.55
2027-11-14 15:00:00,-75.377,383.077,0.9122,948904.3
2027-11-14 16:00:00,-59.559,480.861,0.4864,948929.22
2027-11-14 17:00:00,-53.297,546.384,0.2846,949951.71
2027-11-14 18:00:00,-35.937,583.888,0.0,948936.88
2027-11-14 19:00:00,-31.065,576.283,0.0,948744.9
2027-11-14 20:00:00,-27.563,536.06,0.0,948783.62
2027-11-14 21:00:00,-22.424,469.605,0.0,948199.95
2027-11-14 22:00:00,-31.158,354.048,0.0,948189.7
2027-11-14 23:00:00,-33.357,226.4,0.0,949204.28
2027-11-15 00:00:00,-43.115,77.496,0.0,948959.31
2027-11-15 01:00:00,-52.049,0.0,0.0531,949618.15
2027-11-15 02:00:00,-59.713,0.0,0.3226,949902.09
2027-11-15 03:00:00,-65.158,12.52,0.4619,950008.55
2027-11-15 04:00:00,-80.195,0.0,0.8015,950267.57
2027-11-15 05:00:00,-87.618,1.807,1.0486,950355.93
2027-11-15 06:00:00,-96.974,0.0,1.3018,950241.51
2027-11-15 07:00:00,-107.182,0.0,1.5543,949462.22
2027-11-15 08:00:00,-121.173,0.0,2.0759,950033.05
2027-11-15 09:00:00,-119.652,11.904,2.0265,950380.8
2027-11-15 10:00:00,-122.985,2.977,2.1958,949366.17
2027-11-15 11:00:00,-109.279,8.205,1.6728,949046.37
2027-11-15 12:00:00,-117.226,0.0,1.8485,949319.43
2027-11-15 13:00:00,-111.853,8.348,1.5839,949799.1
2027-11-15 14:00:00,-103.429,161.881,1.7285,950312.9
2027-11-15 15:00:00,-85.497,305.91,1.1417,949782.51
2027-11-15 16:00:00,-69.192,422.007,0.7526,949481.35
2027-11-15 17:00:00,-53.481,510.502,0.4358,950876.39
2027-11-15 18:00:00,-48.599,564.682,0.193,951295.33
2027-11-15 19:00:00,-32.577,592.183,0.0,951085.1
2027-11-15 20:00:00,-29.724,567.195,0.0,950992.04
2027-11-15 21:00:00,-27.995,516.667,0.0,951472.97
2027-11-15 22:00:00,-26.705,428.259,0.0,951989.54
2027-11-15 23:00:00,-26.906,309.991,0.0,950859.35
2027-11-16 00:00:00,-38.019,171.825,0.0,950218.24
2027-11-16 01:00:00,-50.921,27.095,0.0916,950324.6
2027-11-16 02:00:00,-54.9,9.368,0.2789,950546.06
2027-11-16 03:00:00,-65.199,5.562,0.3078,950416.5
2027-11-16 04:00:00,-78.249,5.102,0.834,949992.01
2027-11-16 05:00:00,-85.306,0.0,1.0488,949265.96
2027-11-16 06:00:00,-105.83,0.0,1.677,949009.22
2027-11-16 07:00:00,-107.574,5.482,1.7664,948779.32
2027-11-16 08:00:00,-113.538,4.524,1.9248,948534.45
2027-11-16 09:00:00,-125.084,0.686,2.3124,948405.16
2027-11-16 10:00:00,-128.04,0.0,2.498,948515.78
2027-11-16 11:00:00,-120.621,0.0,2.125,948074.72
2027-11-16 12:00:00,-117.313,4.337,1.9719,947707.06
2027-11-16 13:00:00,-112.422,5.931,1.8374,948356.2
2027-11-16 14:00:00,-109.404,67.61,1.8479,948025.69
2027-11-16 15:00:00,-93.62,212.103,1.3714,948622.99
2027-11-16 16:00:00,-78.85,353.109,0.9616,949037.89
2027-11-16 17:00:00,-71.947,452.299,0.8893,948509.16
2027-11-16 18:00:00,-53.955,543.609,0.368,949543.2
2027-11-16 19:00:00,-42.997,578.856,0.1286,949205.41
2027-11-16 20:00:00,-32.688,584.747,0.0,948508.55
2027-11-16 21:00:00,-30.887,556.3,0.0,948330.1
2027-11-16 22:00:00,-23.614,487.624,0.0,948354.2
2027-11-16 23:00:00,-28.182,397.048,0.0,948482.04
2027-11-17 00:00:00,-28.38,272.417,0.0,949154.33
2027-11-17 01:00:00,-38.967,132.677,0.0,948864.02
2027-11-17 02:00:00,-50.323,0.923,0.0,948646.51
2027-11-17 03:00:00,-62.344,0.0,0.4144,948101.76
2027-11-17 04:00:00,-72.378,0.0,0.7334,946867.43
2027-11-17 05:00:00,-74.908,0.0,0.7691,946911.56
2027-11-17 06:00:00,-87.465,7.333,1.1456,947945.54
2027-11-17 07:00:00,-100.811,5.011,1.4515,947660.02
2027-11-17 08:00:00,-110.142,0.0,1.7512,948179.01
2027-11-17 09:00:00,-115.407,0.0,1.8839,947554.75
2027-11-17 10:00:00,-124.188,7.704,2.2198,948814.25
2027-11-17 11:00:00,-123.994,0.683,2.2398,949495.35
2027-11-17 12:00:00,-119.783,0.0,2.2621,950641.83
2027-11-17 13:00:00,-116.113,7.748,2.0365,951516.26
2027-11-17 14:00:00,-113.951,0.0,1.9925,951546.96
2027-11-17 15:00:00,-96.764,119.923,1.6367,951726.14
2027-11-17 16:00:00,-85.216,261.794,1.2342,951926.31
2027-11-17 17:00:00,-77.236,380.835,1.0908,951507.32
2027-11-17 18:00:00,-65.374,488.466,0.6331,951998.62
2027-11-17 19:00:00,-47.883,551.118,0.2387,951513.86
2027-11-17 20:00:00,-41.264,584.294,0.0655,950968.54
2027-11-17 21:00:00,-34.992,577.932,0.0,951752.26
2027-11-17 22:00:00,-27.889,535.277,0.0,951573.17
2027-11-17 23:00:00,-24.97,456.016,0.0,951469.67
2027-11-18 00:00:00,-26.916,353.716,0.0,951572.8
2027-11-18 01:00:00,-34.866,221.195,0.0,951174.02
2027-11-18 02:00:00,-50.98,77.354,0.0145,950436.94
2027-11-18 03:00:00,-49.812,11.769,0.0,951137.2
2027-11-18 04:00:00,-64.202,0.0,0.4255,950742.64
2027-11-18 05:00:00,-70.653,3.025,0.5294,950304.26
2027-11-18 06:00:00,-82.205,3.594,0.9347,951100.66
2027-11-18 07:00:00,-85.09,0.0,1.0312,951194.72
